verb,feature,value,status,n,agreement,frame_v
know,that_omission,1,coded,0,,1
know,comp_inf,0,coded,0,,1
know,ecm,1,coded,0,,1
know,comp_interrog,1,coded,0,,1
know,comp_gerund,0,coded,0,,1
know,comp_small_clause,0,coded,0,,1
know,np_comp_alt,1,coded,0,,1
know,direct_speech,0,coded,0,,1
know,subjunctive_comp,0,coded,0,,1
know,comp_for_to,0,coded,0,,1
know,comp_bare_inf,0,coded,0,,1
know,comp_exclamative,1,coded,0,,1
know,comp_poss_ing,0,coded,0,,1
know,extraposition,0,coded,0,,1
know,raising,0,coded,0,,1
know,ditransitive,0,coded,0,,1
know,factive_passive,0,coded,0,,1
know,neg_raising,0,coded,0,,1
know,weak_island,1,coded,0,,1
know,pro_complement,0,coded,0,,1
know,npi_licenser,1,coded,0,,1
know,stative,1,coded,0,,1
know,content_noun_fact,1,coded,0,,1
know,derived_nominal,1,coded,0,,1
know,phrasal,0,lexical,0,,
know,be_copula,0,lexical,0,,
realize,that_omission,1,coded,0,,1
realize,comp_inf,0,coded,0,,1
realize,ecm,0,coded,0,,1
realize,comp_interrog,1,coded,0,,1
realize,comp_gerund,0,coded,0,,1
realize,comp_small_clause,0,coded,0,,1
realize,np_comp_alt,0,coded,0,,1
realize,direct_speech,0,coded,0,,1
realize,subjunctive_comp,0,coded,0,,1
realize,comp_for_to,0,coded,0,,1
realize,comp_bare_inf,0,coded,0,,1
realize,comp_exclamative,1,coded,0,,1
realize,comp_poss_ing,0,coded,0,,1
realize,extraposition,0,coded,0,,1
realize,raising,0,coded,0,,1
realize,ditransitive,0,coded,0,,1
realize,factive_passive,0,coded,0,,1
realize,neg_raising,0,coded,0,,1
realize,weak_island,1,coded,0,,1
realize,pro_complement,0,coded,0,,1
realize,npi_licenser,0,coded,0,,1
realize,stative,0,coded,0,,1
realize,content_noun_fact,1,coded,0,,1
realize,derived_nominal,1,coded,0,,1
realize,phrasal,0,lexical,0,,
realize,be_copula,0,lexical,0,,
discover,that_omission,1,coded,0,,1
discover,comp_inf,0,coded,0,,1
discover,ecm,0,coded,0,,1
discover,comp_interrog,1,coded,0,,1
discover,comp_gerund,0,coded,0,,1
discover,comp_small_clause,0,coded,0,,1
discover,np_comp_alt,1,coded,0,,1
discover,direct_speech,0,coded,0,,1
discover,subjunctive_comp,0,coded,0,,1
discover,comp_for_to,0,coded,0,,1
discover,comp_bare_inf,0,coded,0,,1
discover,comp_exclamative,1,coded,0,,1
discover,comp_poss_ing,0,coded,0,,1
discover,extraposition,0,coded,0,,1
discover,raising,0,coded,0,,1
discover,ditransitive,0,coded,0,,1
discover,factive_passive,0,coded,0,,1
discover,neg_raising,0,coded,0,,1
discover,weak_island,1,coded,0,,1
discover,pro_complement,0,coded,0,,1
discover,npi_licenser,0,coded,0,,1
discover,stative,0,coded,0,,1
discover,content_noun_fact,1,coded,0,,1
discover,derived_nominal,1,coded,0,,1
discover,phrasal,0,lexical,0,,
discover,be_copula,0,lexical,0,,
find_out,that_omission,1,coded,0,,1
find_out,comp_inf,0,coded,0,,1
find_out,ecm,0,coded,0,,1
find_out,comp_interrog,1,coded,0,,1
find_out,comp_gerund,0,coded,0,,1
find_out,comp_small_clause,0,coded,0,,1
find_out,np_comp_alt,0,coded,0,,1
find_out,direct_speech,0,coded,0,,1
find_out,subjunctive_comp,0,coded,0,,1
find_out,comp_for_to,0,coded,0,,1
find_out,comp_bare_inf,0,coded,0,,1
find_out,comp_exclamative,1,coded,0,,1
find_out,comp_poss_ing,0,coded,0,,1
find_out,extraposition,0,coded,0,,1
find_out,raising,0,coded,0,,1
find_out,ditransitive,0,coded,0,,1
find_out,factive_passive,0,coded,0,,1
find_out,neg_raising,0,coded,0,,1
find_out,weak_island,1,coded,0,,1
find_out,pro_complement,0,coded,0,,1
find_out,npi_licenser,0,coded,0,,1
find_out,stative,0,coded,0,,1
find_out,content_noun_fact,1,coded,0,,1
find_out,derived_nominal,0,coded,0,,1
find_out,phrasal,1,lexical,0,,
find_out,be_copula,0,lexical,0,,
understand,that_omission,1,coded,0,,1
understand,comp_inf,0,coded,0,,1
understand,ecm,0,coded,0,,1
understand,comp_interrog,1,coded,0,,1
understand,comp_gerund,0,coded,0,,1
understand,comp_small_clause,0,coded,0,,1
understand,np_comp_alt,1,coded,0,,1
understand,direct_speech,0,coded,0,,1
understand,subjunctive_comp,0,coded,0,,1
understand,comp_for_to,0,coded,0,,1
understand,comp_bare_inf,0,coded,0,,1
understand,comp_exclamative,1,coded,0,,1
understand,comp_poss_ing,0,coded,0,,1
understand,extraposition,0,coded,0,,1
understand,raising,0,coded,0,,1
understand,ditransitive,0,coded,0,,1
understand,factive_passive,0,coded,0,,1
understand,neg_raising,0,coded,0,,1
understand,weak_island,1,coded,0,,1
understand,pro_complement,0,coded,0,,1
understand,npi_licenser,0,coded,0,,1
understand,stative,1,coded,0,,1
understand,content_noun_fact,1,coded,0,,1
understand,derived_nominal,1,coded,0,,1
understand,phrasal,0,lexical,0,,
understand,be_copula,0,lexical,0,,
recognize,that_omission,1,coded,0,,1
recognize,comp_inf,0,coded,0,,1
recognize,ecm,0,coded,0,,1
recognize,comp_interrog,1,coded,0,,1
recognize,comp_gerund,0,coded,0,,1
recognize,comp_small_clause,0,coded,0,,1
recognize,np_comp_alt,1,coded,0,,1
recognize,direct_speech,0,coded,0,,1
recognize,subjunctive_comp,0,coded,0,,1
recognize,comp_for_to,0,coded,0,,1
recognize,comp_bare_inf,0,coded,0,,1
recognize,comp_exclamative,1,coded,0,,1
recognize,comp_poss_ing,0,coded,0,,1
recognize,extraposition,0,coded,0,,1
recognize,raising,0,coded,0,,1
recognize,ditransitive,0,coded,0,,1
recognize,factive_passive,0,coded,0,,1
recognize,neg_raising,0,coded,0,,1
recognize,weak_island,1,coded,0,,1
recognize,pro_complement,0,coded,0,,1
recognize,npi_licenser,0,coded,0,,1
recognize,stative,0,coded,0,,1
recognize,content_noun_fact,1,coded,0,,1
recognize,derived_nominal,1,coded,0,,1
recognize,phrasal,0,lexical,0,,
recognize,be_copula,0,lexical,0,,
conclude,that_omission,1,coded,0,,1
conclude,comp_inf,0,coded,0,,1
conclude,ecm,0,coded,0,,1
conclude,comp_interrog,1,coded,0,,1
conclude,comp_gerund,0,coded,0,,1
conclude,comp_small_clause,0,coded,0,,1
conclude,np_comp_alt,1,coded,0,,1
conclude,direct_speech,0,coded,0,,1
conclude,subjunctive_comp,0,coded,0,,1
conclude,comp_for_to,0,coded,0,,1
conclude,comp_bare_inf,0,coded,0,,1
conclude,comp_exclamative,1,coded,0,,1
conclude,comp_poss_ing,0,coded,0,,1
conclude,extraposition,0,coded,0,,1
conclude,raising,0,coded,0,,1
conclude,ditransitive,0,coded,0,,1
conclude,factive_passive,0,coded,0,,1
conclude,neg_raising,0,coded,0,,1
conclude,weak_island,1,coded,0,,1
conclude,pro_complement,0,coded,0,,1
conclude,npi_licenser,0,coded,0,,1
conclude,stative,0,coded,0,,1
conclude,content_noun_fact,1,coded,0,,1
conclude,derived_nominal,1,coded,0,,1
conclude,phrasal,0,lexical,0,,
conclude,be_copula,0,lexical,0,,
deduce,that_omission,1,coded,0,,1
deduce,comp_inf,0,coded,0,,1
deduce,ecm,0,coded,0,,1
deduce,comp_interrog,1,coded,0,,1
deduce,comp_gerund,0,coded,0,,1
deduce,comp_small_clause,0,coded,0,,1
deduce,np_comp_alt,1,coded,0,,1
deduce,direct_speech,0,coded,0,,1
deduce,subjunctive_comp,0,coded,0,,1
deduce,comp_for_to,0,coded,0,,1
deduce,comp_bare_inf,0,coded,0,,1
deduce,comp_exclamative,1,coded,0,,1
deduce,comp_poss_ing,0,coded,0,,1
deduce,extraposition,0,coded,0,,1
deduce,raising,0,coded,0,,1
deduce,ditransitive,0,coded,0,,1
deduce,factive_passive,0,coded,0,,1
deduce,neg_raising,0,coded,0,,1
deduce,weak_island,1,coded,0,,1
deduce,pro_complement,0,coded,0,,1
deduce,npi_licenser,0,coded,0,,1
deduce,stative,0,coded,0,,1
deduce,content_noun_fact,1,coded,0,,1
deduce,derived_nominal,1,coded,0,,1
deduce,phrasal,0,lexical,0,,
deduce,be_copula,0,lexical,0,,
infer,that_omission,1,coded,0,,1
infer,comp_inf,0,coded,0,,1
infer,ecm,0,coded,0,,1
infer,comp_interrog,1,coded,0,,1
infer,comp_gerund,0,coded,0,,1
infer,comp_small_clause,0,coded,0,,1
infer,np_comp_alt,1,coded,0,,1
infer,direct_speech,0,coded,0,,1
infer,subjunctive_comp,0,coded,0,,1
infer,comp_for_to,0,coded,0,,1
infer,comp_bare_inf,0,coded,0,,1
infer,comp_exclamative,1,coded,0,,1
infer,comp_poss_ing,0,coded,0,,1
infer,extraposition,0,coded,0,,1
infer,raising,0,coded,0,,1
infer,ditransitive,0,coded,0,,1
infer,factive_passive,0,coded,0,,1
infer,neg_raising,0,coded,0,,1
infer,weak_island,1,coded,0,,1
infer,pro_complement,0,coded,0,,1
infer,npi_licenser,0,coded,0,,1
infer,stative,0,coded,0,,1
infer,content_noun_fact,1,coded,0,,1
infer,derived_nominal,1,coded,0,,1
infer,phrasal,0,lexical,0,,
infer,be_copula,0,lexical,0,,
learn,that_omission,1,coded,0,,1
learn,comp_inf,0,coded,0,,1
learn,ecm,0,coded,0,,1
learn,comp_interrog,1,coded,0,,1
learn,comp_gerund,0,coded,0,,1
learn,comp_small_clause,0,coded,0,,1
learn,np_comp_alt,1,coded,0,,1
learn,direct_speech,0,coded,0,,1
learn,subjunctive_comp,0,coded,0,,1
learn,comp_for_to,0,coded,0,,1
learn,comp_bare_inf,0,coded,0,,1
learn,comp_exclamative,1,coded,0,,1
learn,comp_poss_ing,0,coded,0,,1
learn,extraposition,0,coded,0,,1
learn,raising,0,coded,0,,1
learn,ditransitive,0,coded,0,,1
learn,factive_passive,0,coded,0,,1
learn,neg_raising,0,coded,0,,1
learn,weak_island,1,coded,0,,1
learn,pro_complement,0,coded,0,,1
learn,npi_licenser,0,coded,0,,1
learn,stative,0,coded,0,,1
learn,content_noun_fact,1,coded,0,,1
learn,derived_nominal,0,coded,0,,1
learn,phrasal,0,lexical,0,,
learn,be_copula,0,lexical,0,,
believe,that_omission,1,coded,0,,1
believe,comp_inf,0,coded,0,,1
believe,ecm,1,coded,0,,1
believe,comp_interrog,0,coded,0,,1
believe,comp_gerund,0,coded,0,,1
believe,comp_small_clause,0,coded,0,,1
believe,np_comp_alt,1,coded,0,,1
believe,direct_speech,0,coded,0,,1
believe,subjunctive_comp,0,coded,0,,1
believe,comp_for_to,0,coded,0,,1
believe,comp_bare_inf,0,coded,0,,1
believe,comp_exclamative,0,coded,0,,1
believe,comp_poss_ing,0,coded,0,,1
believe,extraposition,0,coded,0,,1
believe,raising,0,coded,0,,1
believe,ditransitive,0,coded,0,,1
believe,factive_passive,0,coded,0,,1
believe,neg_raising,1,coded,0,,1
believe,weak_island,0,coded,0,,1
believe,pro_complement,1,coded,0,,1
believe,npi_licenser,0,coded,0,,1
believe,stative,1,coded,0,,1
believe,content_noun_fact,0,coded,0,,1
believe,derived_nominal,1,coded,0,,1
believe,phrasal,0,lexical,0,,
believe,be_copula,0,lexical,0,,
think,that_omission,1,coded,0,,1
think,comp_inf,0,coded,0,,1
think,ecm,1,coded,0,,1
think,comp_interrog,0,coded,0,,1
think,comp_gerund,0,coded,0,,1
think,comp_small_clause,0,coded,0,,1
think,np_comp_alt,0,coded,0,,1
think,direct_speech,0,coded,0,,1
think,subjunctive_comp,0,coded,0,,1
think,comp_for_to,0,coded,0,,1
think,comp_bare_inf,0,coded,0,,1
think,comp_exclamative,0,coded,0,,1
think,comp_poss_ing,0,coded,0,,1
think,extraposition,0,coded,0,,1
think,raising,0,coded,0,,1
think,ditransitive,0,coded,0,,1
think,factive_passive,0,coded,0,,1
think,neg_raising,1,coded,0,,1
think,weak_island,0,coded,0,,1
think,pro_complement,1,coded,0,,1
think,npi_licenser,0,coded,0,,1
think,stative,1,coded,0,,1
think,content_noun_fact,0,coded,0,,1
think,derived_nominal,1,coded,0,,1
think,phrasal,0,lexical,0,,
think,be_copula,0,lexical,0,,
suppose,that_omission,1,coded,0,,1
suppose,comp_inf,0,coded,0,,1
suppose,ecm,1,coded,0,,1
suppose,comp_interrog,0,coded,0,,1
suppose,comp_gerund,0,coded,0,,1
suppose,comp_small_clause,0,coded,0,,1
suppose,np_comp_alt,1,coded,0,,1
suppose,direct_speech,0,coded,0,,1
suppose,subjunctive_comp,0,coded,0,,1
suppose,comp_for_to,0,coded,0,,1
suppose,comp_bare_inf,0,coded,0,,1
suppose,comp_exclamative,0,coded,0,,1
suppose,comp_poss_ing,0,coded,0,,1
suppose,extraposition,0,coded,0,,1
suppose,raising,0,coded,0,,1
suppose,ditransitive,0,coded,0,,1
suppose,factive_passive,0,coded,0,,1
suppose,neg_raising,1,coded,0,,1
suppose,weak_island,0,coded,0,,1
suppose,pro_complement,1,coded,0,,1
suppose,npi_licenser,0,coded,0,,1
suppose,stative,1,coded,0,,1
suppose,content_noun_fact,0,coded,0,,1
suppose,derived_nominal,1,coded,0,,1
suppose,phrasal,0,lexical,0,,
suppose,be_copula,0,lexical,0,,
assume,that_omission,1,coded,0,,1
assume,comp_inf,0,coded,0,,1
assume,ecm,0,coded,0,,1
assume,comp_interrog,0,coded,0,,1
assume,comp_gerund,0,coded,0,,1
assume,comp_small_clause,0,coded,0,,1
assume,np_comp_alt,1,coded,0,,1
assume,direct_speech,0,coded,0,,1
assume,subjunctive_comp,0,coded,0,,1
assume,comp_for_to,0,coded,0,,1
assume,comp_bare_inf,0,coded,0,,1
assume,comp_exclamative,0,coded,0,,1
assume,comp_poss_ing,0,coded,0,,1
assume,extraposition,0,coded,0,,1
assume,raising,0,coded,0,,1
assume,ditransitive,0,coded,0,,1
assume,factive_passive,0,coded,0,,1
assume,neg_raising,1,coded,0,,1
assume,weak_island,0,coded,0,,1
assume,pro_complement,1,coded,0,,1
assume,npi_licenser,0,coded,0,,1
assume,stative,1,coded,0,,1
assume,content_noun_fact,0,coded,0,,1
assume,derived_nominal,1,coded,0,,1
assume,phrasal,0,lexical,0,,
assume,be_copula,0,lexical,0,,
suspect,that_omission,1,coded,0,,1
suspect,comp_inf,0,coded,0,,1
suspect,ecm,0,coded,0,,1
suspect,comp_interrog,1,coded,0,,1
suspect,comp_gerund,0,coded,0,,1
suspect,comp_small_clause,0,coded,0,,1
suspect,np_comp_alt,1,coded,0,,1
suspect,direct_speech,0,coded,0,,1
suspect,subjunctive_comp,0,coded,0,,1
suspect,comp_for_to,0,coded,0,,1
suspect,comp_bare_inf,0,coded,0,,1
suspect,comp_exclamative,0,coded,0,,1
suspect,comp_poss_ing,0,coded,0,,1
suspect,extraposition,0,coded,0,,1
suspect,raising,0,coded,0,,1
suspect,ditransitive,0,coded,0,,1
suspect,factive_passive,0,coded,0,,1
suspect,neg_raising,1,coded,0,,1
suspect,weak_island,0,coded,0,,1
suspect,pro_complement,1,coded,0,,1
suspect,npi_licenser,0,coded,0,,1
suspect,stative,1,coded,0,,1
suspect,content_noun_fact,0,coded,0,,1
suspect,derived_nominal,1,coded,0,,1
suspect,phrasal,0,lexical,0,,
suspect,be_copula,0,lexical,0,,
expect,that_omission,1,coded,0,,1
expect,comp_inf,1,coded,0,,1
expect,ecm,1,coded,0,,1
expect,comp_interrog,0,coded,0,,1
expect,comp_gerund,0,coded,0,,1
expect,comp_small_clause,0,coded,0,,1
expect,np_comp_alt,1,coded,0,,1
expect,direct_speech,0,coded,0,,1
expect,subjunctive_comp,0,coded,0,,1
expect,comp_for_to,0,coded,0,,1
expect,comp_bare_inf,0,coded,0,,1
expect,comp_exclamative,0,coded,0,,1
expect,comp_poss_ing,0,coded,0,,1
expect,extraposition,0,coded,0,,1
expect,raising,0,coded,0,,1
expect,ditransitive,0,coded,0,,1
expect,factive_passive,0,coded,0,,1
expect,neg_raising,1,coded,0,,1
expect,weak_island,0,coded,0,,1
expect,pro_complement,1,coded,0,,1
expect,npi_licenser,0,coded,0,,1
expect,stative,1,coded,0,,1
expect,content_noun_fact,0,coded,0,,1
expect,derived_nominal,1,coded,0,,1
expect,phrasal,0,lexical,0,,
expect,be_copula,0,lexical,0,,
doubt,that_omission,1,coded,0,,1
doubt,comp_inf,0,coded,0,,1
doubt,ecm,0,coded,0,,1
doubt,comp_interrog,1,coded,0,,1
doubt,comp_gerund,0,coded,0,,1
doubt,comp_small_clause,0,coded,0,,1
doubt,np_comp_alt,1,coded,0,,1
doubt,direct_speech,0,coded,0,,1
doubt,subjunctive_comp,0,coded,0,,1
doubt,comp_for_to,0,coded,0,,1
doubt,comp_bare_inf,0,coded,0,,1
doubt,comp_exclamative,0,coded,0,,1
doubt,comp_poss_ing,0,coded,0,,1
doubt,extraposition,0,coded,0,,1
doubt,raising,0,coded,0,,1
doubt,ditransitive,0,coded,0,,1
doubt,factive_passive,0,coded,0,,1
doubt,neg_raising,0,coded,0,,1
doubt,weak_island,0,coded,0,,1
doubt,pro_complement,1,coded,0,,1
doubt,npi_licenser,1,coded,0,,1
doubt,stative,1,coded,0,,1
doubt,content_noun_fact,0,coded,0,,1
doubt,derived_nominal,1,coded,0,,1
doubt,phrasal,0,lexical,0,,
doubt,be_copula,0,lexical,0,,
forget,that_omission,1,coded,0,,1
forget,comp_inf,1,coded,0,,1
forget,ecm,0,coded,0,,1
forget,comp_interrog,1,coded,0,,1
forget,comp_gerund,1,coded,0,,1
forget,comp_small_clause,0,coded,0,,1
forget,np_comp_alt,1,coded,0,,1
forget,direct_speech,0,coded,0,,1
forget,subjunctive_comp,0,coded,0,,1
forget,comp_for_to,0,coded,0,,1
forget,comp_bare_inf,0,coded,0,,1
forget,comp_exclamative,1,coded,0,,1
forget,comp_poss_ing,1,coded,0,,1
forget,extraposition,0,coded,0,,1
forget,raising,0,coded,0,,1
forget,ditransitive,0,coded,0,,1
forget,factive_passive,0,coded,0,,1
forget,neg_raising,0,coded,0,,1
forget,weak_island,1,coded,0,,1
forget,pro_complement,0,coded,0,,1
forget,npi_licenser,0,coded,0,,1
forget,stative,1,coded,0,,1
forget,content_noun_fact,1,coded,0,,1
forget,derived_nominal,0,coded,0,,1
forget,phrasal,0,lexical,0,,
forget,be_copula,0,lexical,0,,
remember,that_omission,1,coded,0,,1
remember,comp_inf,1,coded,0,,1
remember,ecm,0,coded,0,,1
remember,comp_interrog,1,coded,0,,1
remember,comp_gerund,1,coded,0,,1
remember,comp_small_clause,0,coded,0,,1
remember,np_comp_alt,1,coded,0,,1
remember,direct_speech,0,coded,0,,1
remember,subjunctive_comp,0,coded,0,,1
remember,comp_for_to,0,coded,0,,1
remember,comp_bare_inf,0,coded,0,,1
remember,comp_exclamative,1,coded,0,,1
remember,comp_poss_ing,1,coded,0,,1
remember,extraposition,0,coded,0,,1
remember,raising,0,coded,0,,1
remember,ditransitive,0,coded,0,,1
remember,factive_passive,0,coded,0,,1
remember,neg_raising,0,coded,0,,1
remember,weak_island,1,coded,0,,1
remember,pro_complement,0,coded,0,,1
remember,npi_licenser,0,coded,0,,1
remember,stative,1,coded,0,,1
remember,content_noun_fact,1,coded,0,,1
remember,derived_nominal,0,coded,0,,1
remember,phrasal,0,lexical,0,,
remember,be_copula,0,lexical,0,,
say,that_omission,1,coded,0,,1
say,comp_inf,0,coded,0,,1
say,ecm,0,coded,0,,1
say,comp_interrog,1,coded,0,,1
say,comp_gerund,0,coded,0,,1
say,comp_small_clause,0,coded,0,,1
say,np_comp_alt,0,coded,0,,1
say,direct_speech,1,coded,0,,1
say,subjunctive_comp,0,coded,0,,1
say,comp_for_to,0,coded,0,,1
say,comp_bare_inf,0,coded,0,,1
say,comp_exclamative,0,coded,0,,1
say,comp_poss_ing,0,coded,0,,1
say,extraposition,0,coded,0,,1
say,raising,0,coded,0,,1
say,ditransitive,0,coded,0,,1
say,factive_passive,0,coded,0,,1
say,neg_raising,0,coded,0,,1
say,weak_island,0,coded,0,,1
say,pro_complement,0,coded,0,,1
say,npi_licenser,0,coded,0,,1
say,stative,1,coded,0,,1
say,content_noun_fact,0,coded,0,,1
say,derived_nominal,0,coded,0,,1
say,phrasal,0,lexical,0,,
say,be_copula,0,lexical,0,,
claim,that_omission,1,coded,0,,1
claim,comp_inf,0,coded,0,,1
claim,ecm,0,coded,0,,1
claim,comp_interrog,0,coded,0,,1
claim,comp_gerund,0,coded,0,,1
claim,comp_small_clause,0,coded,0,,1
claim,np_comp_alt,1,coded,0,,1
claim,direct_speech,1,coded,0,,1
claim,subjunctive_comp,0,coded,0,,1
claim,comp_for_to,0,coded,0,,1
claim,comp_bare_inf,0,coded,0,,1
claim,comp_exclamative,0,coded,0,,1
claim,comp_poss_ing,0,coded,0,,1
claim,extraposition,0,coded,0,,1
claim,raising,0,coded,0,,1
claim,ditransitive,0,coded,0,,1
claim,factive_passive,0,coded,0,,1
claim,neg_raising,0,coded,0,,1
claim,weak_island,0,coded,0,,1
claim,pro_complement,0,coded,0,,1
claim,npi_licenser,0,coded,0,,1
claim,stative,1,coded,0,,1
claim,content_noun_fact,0,coded,0,,1
claim,derived_nominal,1,coded,0,,1
claim,phrasal,0,lexical,0,,
claim,be_copula,0,lexical,0,,
assert,that_omission,1,coded,0,,1
assert,comp_inf,0,coded,0,,1
assert,ecm,0,coded,0,,1
assert,comp_interrog,0,coded,0,,1
assert,comp_gerund,0,coded,0,,1
assert,comp_small_clause,0,coded,0,,1
assert,np_comp_alt,1,coded,0,,1
assert,direct_speech,1,coded,0,,1
assert,subjunctive_comp,0,coded,0,,1
assert,comp_for_to,0,coded,0,,1
assert,comp_bare_inf,0,coded,0,,1
assert,comp_exclamative,0,coded,0,,1
assert,comp_poss_ing,0,coded,0,,1
assert,extraposition,0,coded,0,,1
assert,raising,0,coded,0,,1
assert,ditransitive,0,coded,0,,1
assert,factive_passive,0,coded,0,,1
assert,neg_raising,0,coded,0,,1
assert,weak_island,0,coded,0,,1
assert,pro_complement,0,coded,0,,1
assert,npi_licenser,0,coded,0,,1
assert,stative,1,coded,0,,1
assert,content_noun_fact,0,coded,0,,1
assert,derived_nominal,1,coded,0,,1
assert,phrasal,0,lexical,0,,
assert,be_copula,0,lexical,0,,
report,that_omission,1,coded,0,,1
report,comp_inf,0,coded,0,,1
report,ecm,0,coded,0,,1
report,comp_interrog,1,coded,0,,1
report,comp_gerund,0,coded,0,,1
report,comp_small_clause,0,coded,0,,1
report,np_comp_alt,1,coded,0,,1
report,direct_speech,1,coded,0,,1
report,subjunctive_comp,0,coded,0,,1
report,comp_for_to,0,coded,0,,1
report,comp_bare_inf,0,coded,0,,1
report,comp_exclamative,0,coded,0,,1
report,comp_poss_ing,0,coded,0,,1
report,extraposition,0,coded,0,,1
report,raising,0,coded,0,,1
report,ditransitive,0,coded,0,,1
report,factive_passive,0,coded,0,,1
report,neg_raising,0,coded,0,,1
report,weak_island,0,coded,0,,1
report,pro_complement,0,coded,0,,1
report,npi_licenser,0,coded,0,,1
report,stative,1,coded,0,,1
report,content_noun_fact,1,coded,0,,1
report,derived_nominal,1,coded,0,,1
report,phrasal,0,lexical,0,,
report,be_copula,0,lexical,0,,
announce,that_omission,1,coded,0,,1
announce,comp_inf,0,coded,0,,1
announce,ecm,0,coded,0,,1
announce,comp_interrog,1,coded,0,,1
announce,comp_gerund,0,coded,0,,1
announce,comp_small_clause,0,coded,0,,1
announce,np_comp_alt,1,coded,0,,1
announce,direct_speech,1,coded,0,,1
announce,subjunctive_comp,0,coded,0,,1
announce,comp_for_to,0,coded,0,,1
announce,comp_bare_inf,0,coded,0,,1
announce,comp_exclamative,0,coded,0,,1
announce,comp_poss_ing,0,coded,0,,1
announce,extraposition,0,coded,0,,1
announce,raising,0,coded,0,,1
announce,ditransitive,0,coded,0,,1
announce,factive_passive,0,coded,0,,1
announce,neg_raising,0,coded,0,,1
announce,weak_island,0,coded,0,,1
announce,pro_complement,0,coded,0,,1
announce,npi_licenser,0,coded,0,,1
announce,stative,1,coded,0,,1
announce,content_noun_fact,0,coded,0,,1
announce,derived_nominal,1,coded,0,,1
announce,phrasal,0,lexical,0,,
announce,be_copula,0,lexical,0,,
admit,that_omission,1,coded,0,,1
admit,comp_inf,1,coded,0,,1
admit,ecm,0,coded,0,,1
admit,comp_interrog,0,coded,0,,1
admit,comp_gerund,1,coded,0,,1
admit,comp_small_clause,0,coded,0,,1
admit,np_comp_alt,1,coded,0,,1
admit,direct_speech,1,coded,0,,1
admit,subjunctive_comp,0,coded,0,,1
admit,comp_for_to,0,coded,0,,1
admit,comp_bare_inf,0,coded,0,,1
admit,comp_exclamative,0,coded,0,,1
admit,comp_poss_ing,1,coded,0,,1
admit,extraposition,0,coded,0,,1
admit,raising,0,coded,0,,1
admit,ditransitive,0,coded,0,,1
admit,factive_passive,0,coded,0,,1
admit,neg_raising,0,coded,0,,1
admit,weak_island,1,coded,0,,1
admit,pro_complement,0,coded,0,,1
admit,npi_licenser,0,coded,0,,1
admit,stative,1,coded,0,,1
admit,content_noun_fact,1,coded,0,,1
admit,derived_nominal,1,coded,0,,1
admit,phrasal,0,lexical,0,,
admit,be_copula,0,lexical,0,,
deny,that_omission,1,coded,0,,1
deny,comp_inf,0,coded,0,,1
deny,ecm,0,coded,0,,1
deny,comp_interrog,0,coded,0,,1
deny,comp_gerund,1,coded,0,,1
deny,comp_small_clause,0,coded,0,,1
deny,np_comp_alt,1,coded,0,,1
deny,direct_speech,0,coded,0,,1
deny,subjunctive_comp,0,coded,0,,1
deny,comp_for_to,0,coded,0,,1
deny,comp_bare_inf,0,coded,0,,1
deny,comp_exclamative,0,coded,0,,1
deny,comp_poss_ing,1,coded,0,,1
deny,extraposition,0,coded,0,,1
deny,raising,0,coded,0,,1
deny,ditransitive,0,coded,0,,1
deny,factive_passive,0,coded,0,,1
deny,neg_raising,0,coded,0,,1
deny,weak_island,0,coded,0,,1
deny,pro_complement,0,coded,0,,1
deny,npi_licenser,1,coded,0,,1
deny,stative,1,coded,0,,1
deny,content_noun_fact,1,coded,0,,1
deny,derived_nominal,1,coded,0,,1
deny,phrasal,0,lexical,0,,
deny,be_copula,0,lexical,0,,
acknowledge,that_omission,1,coded,0,,1
acknowledge,comp_inf,0,coded,0,,1
acknowledge,ecm,0,coded,0,,1
acknowledge,comp_interrog,0,coded,0,,1
acknowledge,comp_gerund,1,coded,0,,1
acknowledge,comp_small_clause,0,coded,0,,1
acknowledge,np_comp_alt,1,coded,0,,1
acknowledge,direct_speech,1,coded,0,,1
acknowledge,subjunctive_comp,0,coded,0,,1
acknowledge,comp_for_to,0,coded,0,,1
acknowledge,comp_bare_inf,0,coded,0,,1
acknowledge,comp_exclamative,0,coded,0,,1
acknowledge,comp_poss_ing,1,coded,0,,1
acknowledge,extraposition,0,coded,0,,1
acknowledge,raising,0,coded,0,,1
acknowledge,ditransitive,0,coded,0,,1
acknowledge,factive_passive,0,coded,0,,1
acknowledge,neg_raising,0,coded,0,,1
acknowledge,weak_island,1,coded,0,,1
acknowledge,pro_complement,0,coded,0,,1
acknowledge,npi_licenser,0,coded,0,,1
acknowledge,stative,1,coded,0,,1
acknowledge,content_noun_fact,1,coded,0,,1
acknowledge,derived_nominal,1,coded,0,,1
acknowledge,phrasal,0,lexical,0,,
acknowledge,be_copula,0,lexical,0,,
tell,that_omission,1,coded,0,,1
tell,comp_inf,1,coded,0,,1
tell,ecm,0,coded,0,,1
tell,comp_interrog,1,coded,0,,1
tell,comp_gerund,0,coded,0,,1
tell,comp_small_clause,0,coded,0,,1
tell,np_comp_alt,0,coded,0,,1
tell,direct_speech,0,coded,0,,1
tell,subjunctive_comp,0,coded,0,,1
tell,comp_for_to,0,coded,0,,1
tell,comp_bare_inf,0,coded,0,,1
tell,comp_exclamative,0,coded,0,,1
tell,comp_poss_ing,0,coded,0,,1
tell,extraposition,0,coded,0,,1
tell,raising,0,coded,0,,1
tell,ditransitive,1,coded,0,,1
tell,factive_passive,1,coded,0,,1
tell,neg_raising,0,coded,0,,1
tell,weak_island,0,coded,0,,1
tell,pro_complement,0,coded,0,,1
tell,npi_licenser,0,coded,0,,1
tell,stative,1,coded,0,,1
tell,content_noun_fact,0,coded,0,,1
tell,derived_nominal,0,coded,0,,1
tell,phrasal,0,lexical,0,,
tell,be_copula,0,lexical,0,,
mention,that_omission,1,coded,0,,1
mention,comp_inf,0,coded,0,,1
mention,ecm,0,coded,0,,1
mention,comp_interrog,0,coded,0,,1
mention,comp_gerund,0,coded,0,,1
mention,comp_small_clause,0,coded,0,,1
mention,np_comp_alt,0,coded,0,,1
mention,direct_speech,1,coded,0,,1
mention,subjunctive_comp,0,coded,0,,1
mention,comp_for_to,0,coded,0,,1
mention,comp_bare_inf,0,coded,0,,1
mention,comp_exclamative,0,coded,0,,1
mention,comp_poss_ing,0,coded,0,,1
mention,extraposition,0,coded,0,,1
mention,raising,0,coded,0,,1
mention,ditransitive,0,coded,0,,1
mention,factive_passive,0,coded,0,,1
mention,neg_raising,0,coded,0,,1
mention,weak_island,0,coded,0,,1
mention,pro_complement,0,coded,0,,1
mention,npi_licenser,0,coded,0,,1
mention,stative,1,coded,0,,1
mention,content_noun_fact,1,coded,0,,1
mention,derived_nominal,1,coded,0,,1
mention,phrasal,0,lexical,0,,
mention,be_copula,0,lexical,0,,
insist,that_omission,1,coded,0,,1
insist,comp_inf,0,coded,0,,1
insist,ecm,0,coded,0,,1
insist,comp_interrog,0,coded,0,,1
insist,comp_gerund,0,coded,0,,1
insist,comp_small_clause,0,coded,0,,1
insist,np_comp_alt,1,coded,0,,1
insist,direct_speech,1,coded,0,,1
insist,subjunctive_comp,1,coded,0,,1
insist,comp_for_to,0,coded,0,,1
insist,comp_bare_inf,0,coded,0,,1
insist,comp_exclamative,0,coded,0,,1
insist,comp_poss_ing,0,coded,0,,1
insist,extraposition,0,coded,0,,1
insist,raising,0,coded,0,,1
insist,ditransitive,0,coded,0,,1
insist,factive_passive,0,coded,0,,1
insist,neg_raising,0,coded,0,,1
insist,weak_island,0,coded,0,,1
insist,pro_complement,0,coded,0,,1
insist,npi_licenser,0,coded,0,,1
insist,stative,1,coded,0,,1
insist,content_noun_fact,0,coded,0,,1
insist,derived_nominal,1,coded,0,,1
insist,phrasal,0,lexical,0,,
insist,be_copula,0,lexical,0,,
argue,that_omission,1,coded,0,,1
argue,comp_inf,0,coded,0,,1
argue,ecm,0,coded,0,,1
argue,comp_interrog,0,coded,0,,1
argue,comp_gerund,0,coded,0,,1
argue,comp_small_clause,0,coded,0,,1
argue,np_comp_alt,0,coded,0,,1
argue,direct_speech,0,coded,0,,1
argue,subjunctive_comp,0,coded,0,,1
argue,comp_for_to,0,coded,0,,1
argue,comp_bare_inf,0,coded,0,,1
argue,comp_exclamative,0,coded,0,,1
argue,comp_poss_ing,0,coded,0,,1
argue,extraposition,0,coded,0,,1
argue,raising,0,coded,0,,1
argue,ditransitive,0,coded,0,,1
argue,factive_passive,0,coded,0,,1
argue,neg_raising,0,coded,0,,1
argue,weak_island,0,coded,0,,1
argue,pro_complement,0,coded,0,,1
argue,npi_licenser,0,coded,0,,1
argue,stative,1,coded,0,,1
argue,content_noun_fact,0,coded,0,,1
argue,derived_nominal,1,coded,0,,1
argue,phrasal,0,lexical,0,,
argue,be_copula,0,lexical,0,,
suggest,that_omission,1,coded,0,,1
suggest,comp_inf,0,coded,0,,1
suggest,ecm,0,coded,0,,1
suggest,comp_interrog,0,coded,0,,1
suggest,comp_gerund,1,coded,0,,1
suggest,comp_small_clause,0,coded,0,,1
suggest,np_comp_alt,1,coded,0,,1
suggest,direct_speech,1,coded,0,,1
suggest,subjunctive_comp,1,coded,0,,1
suggest,comp_for_to,0,coded,0,,1
suggest,comp_bare_inf,0,coded,0,,1
suggest,comp_exclamative,0,coded,0,,1
suggest,comp_poss_ing,1,coded,0,,1
suggest,extraposition,0,coded,0,,1
suggest,raising,0,coded,0,,1
suggest,ditransitive,0,coded,0,,1
suggest,factive_passive,0,coded,0,,1
suggest,neg_raising,0,coded,0,,1
suggest,weak_island,0,coded,0,,1
suggest,pro_complement,0,coded,0,,1
suggest,npi_licenser,0,coded,0,,1
suggest,stative,1,coded,0,,1
suggest,content_noun_fact,0,coded,0,,1
suggest,derived_nominal,1,coded,0,,1
suggest,phrasal,0,lexical,0,,
suggest,be_copula,0,lexical,0,,
warn,that_omission,1,coded,0,,1
warn,comp_inf,1,coded,0,,1
warn,ecm,0,coded,0,,1
warn,comp_interrog,0,coded,0,,1
warn,comp_gerund,0,coded,0,,1
warn,comp_small_clause,0,coded,0,,1
warn,np_comp_alt,1,coded,0,,1
warn,direct_speech,1,coded,0,,1
warn,subjunctive_comp,1,coded,0,,1
warn,comp_for_to,0,coded,0,,1
warn,comp_bare_inf,0,coded,0,,1
warn,comp_exclamative,0,coded,0,,1
warn,comp_poss_ing,0,coded,0,,1
warn,extraposition,0,coded,0,,1
warn,raising,0,coded,0,,1
warn,ditransitive,1,coded,0,,1
warn,factive_passive,1,coded,0,,1
warn,neg_raising,0,coded,0,,1
warn,weak_island,0,coded,0,,1
warn,pro_complement,0,coded,0,,1
warn,npi_licenser,0,coded,0,,1
warn,stative,1,coded,0,,1
warn,content_noun_fact,0,coded,0,,1
warn,derived_nominal,1,coded,0,,1
warn,phrasal,0,lexical,0,,
warn,be_copula,0,lexical,0,,
predict,that_omission,1,coded,0,,1
predict,comp_inf,0,coded,0,,1
predict,ecm,0,coded,0,,1
predict,comp_interrog,0,coded,0,,1
predict,comp_gerund,0,coded,0,,1
predict,comp_small_clause,0,coded,0,,1
predict,np_comp_alt,1,coded,0,,1
predict,direct_speech,1,coded,0,,1
predict,subjunctive_comp,0,coded,0,,1
predict,comp_for_to,0,coded,0,,1
predict,comp_bare_inf,0,coded,0,,1
predict,comp_exclamative,0,coded,0,,1
predict,comp_poss_ing,0,coded,0,,1
predict,extraposition,0,coded,0,,1
predict,raising,0,coded,0,,1
predict,ditransitive,0,coded,0,,1
predict,factive_passive,0,coded,0,,1
predict,neg_raising,0,coded,0,,1
predict,weak_island,0,coded,0,,1
predict,pro_complement,0,coded,0,,1
predict,npi_licenser,0,coded,0,,1
predict,stative,1,coded,0,,1
predict,content_noun_fact,0,coded,0,,1
predict,derived_nominal,1,coded,0,,1
predict,phrasal,0,lexical,0,,
predict,be_copula,0,lexical,0,,
confirm,that_omission,1,coded,0,,1
confirm,comp_inf,0,coded,0,,1
confirm,ecm,0,coded,0,,1
confirm,comp_interrog,0,coded,0,,1
confirm,comp_gerund,0,coded,0,,1
confirm,comp_small_clause,0,coded,0,,1
confirm,np_comp_alt,1,coded,0,,1
confirm,direct_speech,0,coded,0,,1
confirm,subjunctive_comp,0,coded,0,,1
confirm,comp_for_to,0,coded,0,,1
confirm,comp_bare_inf,0,coded,0,,1
confirm,comp_exclamative,0,coded,0,,1
confirm,comp_poss_ing,0,coded,0,,1
confirm,extraposition,0,coded,0,,1
confirm,raising,0,coded,0,,1
confirm,ditransitive,0,coded,0,,1
confirm,factive_passive,0,coded,0,,1
confirm,neg_raising,0,coded,0,,1
confirm,weak_island,1,coded,0,,1
confirm,pro_complement,0,coded,0,,1
confirm,npi_licenser,0,coded,0,,1
confirm,stative,1,coded,0,,1
confirm,content_noun_fact,1,coded,0,,1
confirm,derived_nominal,1,coded,0,,1
confirm,phrasal,0,lexical,0,,
confirm,be_copula,0,lexical,0,,
reveal,that_omission,1,coded,0,,1
reveal,comp_inf,0,coded,0,,1
reveal,ecm,0,coded,0,,1
reveal,comp_interrog,1,coded,0,,1
reveal,comp_gerund,0,coded,0,,1
reveal,comp_small_clause,0,coded,0,,1
reveal,np_comp_alt,1,coded,0,,1
reveal,direct_speech,0,coded,0,,1
reveal,subjunctive_comp,0,coded,0,,1
reveal,comp_for_to,0,coded,0,,1
reveal,comp_bare_inf,0,coded,0,,1
reveal,comp_exclamative,1,coded,0,,1
reveal,comp_poss_ing,0,coded,0,,1
reveal,extraposition,0,coded,0,,1
reveal,raising,0,coded,0,,1
reveal,ditransitive,0,coded,0,,1
reveal,factive_passive,0,coded,0,,1
reveal,neg_raising,0,coded,0,,1
reveal,weak_island,1,coded,0,,1
reveal,pro_complement,0,coded,0,,1
reveal,npi_licenser,0,coded,0,,1
reveal,stative,1,coded,0,,1
reveal,content_noun_fact,1,coded,0,,1
reveal,derived_nominal,1,coded,0,,1
reveal,phrasal,0,lexical,0,,
reveal,be_copula,0,lexical,0,,
prove,that_omission,1,coded,0,,1
prove,comp_inf,0,coded,0,,1
prove,ecm,1,coded,0,,1
prove,comp_interrog,1,coded,0,,1
prove,comp_gerund,0,coded,0,,1
prove,comp_small_clause,0,coded,0,,1
prove,np_comp_alt,1,coded,0,,1
prove,direct_speech,0,coded,0,,1
prove,subjunctive_comp,0,coded,0,,1
prove,comp_for_to,0,coded,0,,1
prove,comp_bare_inf,0,coded,0,,1
prove,comp_exclamative,1,coded,0,,1
prove,comp_poss_ing,0,coded,0,,1
prove,extraposition,0,coded,0,,1
prove,raising,0,coded,0,,1
prove,ditransitive,0,coded,0,,1
prove,factive_passive,0,coded,0,,1
prove,neg_raising,0,coded,0,,1
prove,weak_island,1,coded,0,,1
prove,pro_complement,0,coded,0,,1
prove,npi_licenser,0,coded,0,,1
prove,stative,1,coded,0,,1
prove,content_noun_fact,1,coded,0,,1
prove,derived_nominal,1,coded,0,,1
prove,phrasal,0,lexical,0,,
prove,be_copula,0,lexical,0,,
show,that_omission,1,coded,0,,1
show,comp_inf,0,coded,0,,1
show,ecm,1,coded,0,,1
show,comp_interrog,1,coded,0,,1
show,comp_gerund,0,coded,0,,1
show,comp_small_clause,0,coded,0,,1
show,np_comp_alt,1,coded,0,,1
show,direct_speech,0,coded,0,,1
show,subjunctive_comp,0,coded,0,,1
show,comp_for_to,0,coded,0,,1
show,comp_bare_inf,0,coded,0,,1
show,comp_exclamative,1,coded,0,,1
show,comp_poss_ing,0,coded,0,,1
show,extraposition,0,coded,0,,1
show,raising,0,coded,0,,1
show,ditransitive,1,coded,0,,1
show,factive_passive,1,coded,0,,1
show,neg_raising,0,coded,0,,1
show,weak_island,1,coded,0,,1
show,pro_complement,0,coded,0,,1
show,npi_licenser,0,coded,0,,1
show,stative,1,coded,0,,1
show,content_noun_fact,1,coded,0,,1
show,derived_nominal,0,coded,0,,1
show,phrasal,0,lexical,0,,
show,be_copula,0,lexical,0,,
explain,that_omission,0,coded,0,,1
explain,comp_inf,0,coded,0,,1
explain,ecm,0,coded,0,,1
explain,comp_interrog,1,coded,0,,1
explain,comp_gerund,0,coded,0,,1
explain,comp_small_clause,0,coded,0,,1
explain,np_comp_alt,0,coded,0,,1
explain,direct_speech,1,coded,0,,1
explain,subjunctive_comp,0,coded,0,,1
explain,comp_for_to,0,coded,0,,1
explain,comp_bare_inf,0,coded,0,,1
explain,comp_exclamative,0,coded,0,,1
explain,comp_poss_ing,0,coded,0,,1
explain,extraposition,0,coded,0,,1
explain,raising,0,coded,0,,1
explain,ditransitive,0,coded,0,,1
explain,factive_passive,0,coded,0,,1
explain,neg_raising,0,coded,0,,1
explain,weak_island,0,coded,0,,1
explain,pro_complement,0,coded,0,,1
explain,npi_licenser,0,coded,0,,1
explain,stative,1,coded,0,,1
explain,content_noun_fact,0,coded,0,,1
explain,derived_nominal,1,coded,0,,1
explain,phrasal,0,lexical,0,,
explain,be_copula,0,lexical,0,,
regret,that_omission,0,coded,0,,1
regret,comp_inf,1,coded,0,,1
regret,ecm,0,coded,0,,1
regret,comp_interrog,0,coded,0,,1
regret,comp_gerund,1,coded,0,,1
regret,comp_small_clause,0,coded,0,,1
regret,np_comp_alt,0,coded,0,,1
regret,direct_speech,0,coded,0,,1
regret,subjunctive_comp,0,coded,0,,1
regret,comp_for_to,0,coded,0,,1
regret,comp_bare_inf,0,coded,0,,1
regret,comp_exclamative,0,coded,0,,1
regret,comp_poss_ing,1,coded,0,,1
regret,extraposition,0,coded,0,,1
regret,raising,0,coded,0,,1
regret,ditransitive,0,coded,0,,1
regret,factive_passive,0,coded,0,,1
regret,neg_raising,0,coded,0,,1
regret,weak_island,1,coded,0,,1
regret,pro_complement,0,coded,0,,1
regret,npi_licenser,0,coded,0,,1
regret,stative,1,coded,0,,1
regret,content_noun_fact,1,coded,0,,1
regret,derived_nominal,1,coded,0,,1
regret,phrasal,0,lexical,0,,
regret,be_copula,0,lexical,0,,
resent,that_omission,0,coded,0,,1
resent,comp_inf,0,coded,0,,1
resent,ecm,0,coded,0,,1
resent,comp_interrog,0,coded,0,,1
resent,comp_gerund,1,coded,0,,1
resent,comp_small_clause,0,coded,0,,1
resent,np_comp_alt,0,coded,0,,1
resent,direct_speech,0,coded,0,,1
resent,subjunctive_comp,0,coded,0,,1
resent,comp_for_to,0,coded,0,,1
resent,comp_bare_inf,0,coded,0,,1
resent,comp_exclamative,0,coded,0,,1
resent,comp_poss_ing,1,coded,0,,1
resent,extraposition,0,coded,0,,1
resent,raising,0,coded,0,,1
resent,ditransitive,0,coded,0,,1
resent,factive_passive,0,coded,0,,1
resent,neg_raising,0,coded,0,,1
resent,weak_island,1,coded,0,,1
resent,pro_complement,0,coded,0,,1
resent,npi_licenser,0,coded,0,,1
resent,stative,1,coded,0,,1
resent,content_noun_fact,1,coded,0,,1
resent,derived_nominal,0,coded,0,,1
resent,phrasal,0,lexical,0,,
resent,be_copula,0,lexical,0,,
be_glad,that_omission,0,coded,0,,1
be_glad,comp_inf,0,coded,0,,1
be_glad,ecm,0,coded,0,,1
be_glad,comp_interrog,0,coded,0,,1
be_glad,comp_gerund,0,coded,0,,1
be_glad,comp_small_clause,0,coded,0,,1
be_glad,np_comp_alt,0,coded,0,,1
be_glad,direct_speech,0,coded,0,,1
be_glad,subjunctive_comp,0,coded,0,,1
be_glad,comp_for_to,0,coded,0,,1
be_glad,comp_bare_inf,0,coded,0,,1
be_glad,comp_exclamative,0,coded,0,,1
be_glad,comp_poss_ing,0,coded,0,,1
be_glad,extraposition,0,coded,0,,1
be_glad,raising,0,coded,0,,1
be_glad,ditransitive,0,na,0,,
be_glad,factive_passive,0,na,0,,
be_glad,neg_raising,0,coded,0,,1
be_glad,weak_island,1,coded,0,,1
be_glad,pro_complement,0,coded,0,,1
be_glad,npi_licenser,0,coded,0,,1
be_glad,stative,1,coded,0,,1
be_glad,content_noun_fact,1,coded,0,,1
be_glad,derived_nominal,1,coded,0,,1
be_glad,phrasal,0,lexical,0,,
be_glad,be_copula,1,lexical,0,,
be_sorry,that_omission,0,coded,0,,1
be_sorry,comp_inf,0,coded,0,,1
be_sorry,ecm,0,coded,0,,1
be_sorry,comp_interrog,0,coded,0,,1
be_sorry,comp_gerund,0,coded,0,,1
be_sorry,comp_small_clause,0,coded,0,,1
be_sorry,np_comp_alt,0,coded,0,,1
be_sorry,direct_speech,0,coded,0,,1
be_sorry,subjunctive_comp,0,coded,0,,1
be_sorry,comp_for_to,0,coded,0,,1
be_sorry,comp_bare_inf,0,coded,0,,1
be_sorry,comp_exclamative,0,coded,0,,1
be_sorry,comp_poss_ing,0,coded,0,,1
be_sorry,extraposition,0,coded,0,,1
be_sorry,raising,0,coded,0,,1
be_sorry,ditransitive,0,na,0,,
be_sorry,factive_passive,0,na,0,,
be_sorry,neg_raising,0,coded,0,,1
be_sorry,weak_island,1,coded,0,,1
be_sorry,pro_complement,0,coded,0,,1
be_sorry,npi_licenser,0,coded,0,,1
be_sorry,stative,1,coded,0,,1
be_sorry,content_noun_fact,1,coded,0,,1
be_sorry,derived_nominal,1,coded,0,,1
be_sorry,phrasal,0,lexical,0,,
be_sorry,be_copula,1,lexical,0,,
be_surprised,that_omission,0,coded,0,,1
be_surprised,comp_inf,0,coded,0,,1
be_surprised,ecm,0,coded,0,,1
be_surprised,comp_interrog,1,coded,0,,1
be_surprised,comp_gerund,0,coded,0,,1
be_surprised,comp_small_clause,0,coded,0,,1
be_surprised,np_comp_alt,0,coded,0,,1
be_surprised,direct_speech,0,coded,0,,1
be_surprised,subjunctive_comp,0,coded,0,,1
be_surprised,comp_for_to,0,coded,0,,1
be_surprised,comp_bare_inf,0,coded,0,,1
be_surprised,comp_exclamative,1,coded,0,,1
be_surprised,comp_poss_ing,0,coded,0,,1
be_surprised,extraposition,0,coded,0,,1
be_surprised,raising,0,coded,0,,1
be_surprised,ditransitive,0,na,0,,
be_surprised,factive_passive,0,na,0,,
be_surprised,neg_raising,0,coded,0,,1
be_surprised,weak_island,1,coded,0,,1
be_surprised,pro_complement,0,coded,0,,1
be_surprised,npi_licenser,0,coded,0,,1
be_surprised,stative,1,coded,0,,1
be_surprised,content_noun_fact,1,coded,0,,1
be_surprised,derived_nominal,1,coded,0,,1
be_surprised,phrasal,0,lexical,0,,
be_surprised,be_copula,1,lexical,0,,
be_proud,that_omission,0,coded,0,,1
be_proud,comp_inf,0,coded,0,,1
be_proud,ecm,0,coded,0,,1
be_proud,comp_interrog,0,coded,0,,1
be_proud,comp_gerund,0,coded,0,,1
be_proud,comp_small_clause,0,coded,0,,1
be_proud,np_comp_alt,0,coded,0,,1
be_proud,direct_speech,0,coded,0,,1
be_proud,subjunctive_comp,0,coded,0,,1
be_proud,comp_for_to,0,coded,0,,1
be_proud,comp_bare_inf,0,coded,0,,1
be_proud,comp_exclamative,0,coded,0,,1
be_proud,comp_poss_ing,0,coded,0,,1
be_proud,extraposition,0,coded,0,,1
be_proud,raising,0,coded,0,,1
be_proud,ditransitive,0,na,0,,
be_proud,factive_passive,0,na,0,,
be_proud,neg_raising,0,coded,0,,1
be_proud,weak_island,1,coded,0,,1
be_proud,pro_complement,0,coded,0,,1
be_proud,npi_licenser,0,coded,0,,1
be_proud,stative,1,coded,0,,1
be_proud,content_noun_fact,1,coded,0,,1
be_proud,derived_nominal,1,coded,0,,1
be_proud,phrasal,0,lexical,0,,
be_proud,be_copula,1,lexical,0,,
be_ashamed,that_omission,0,coded,0,,1
be_ashamed,comp_inf,0,coded,0,,1
be_ashamed,ecm,0,coded,0,,1
be_ashamed,comp_interrog,0,coded,0,,1
be_ashamed,comp_gerund,0,coded,0,,1
be_ashamed,comp_small_clause,0,coded,0,,1
be_ashamed,np_comp_alt,0,coded,0,,1
be_ashamed,direct_speech,0,coded,0,,1
be_ashamed,subjunctive_comp,0,coded,0,,1
be_ashamed,comp_for_to,0,coded,0,,1
be_ashamed,comp_bare_inf,0,coded,0,,1
be_ashamed,comp_exclamative,0,coded,0,,1
be_ashamed,comp_poss_ing,0,coded,0,,1
be_ashamed,extraposition,0,coded,0,,1
be_ashamed,raising,0,coded,0,,1
be_ashamed,ditransitive,0,na,0,,
be_ashamed,factive_passive,0,na,0,,
be_ashamed,neg_raising,0,coded,0,,1
be_ashamed,weak_island,1,coded,0,,1
be_ashamed,pro_complement,0,coded,0,,1
be_ashamed,npi_licenser,0,coded,0,,1
be_ashamed,stative,1,coded,0,,1
be_ashamed,content_noun_fact,1,coded,0,,1
be_ashamed,derived_nominal,0,coded,0,,1
be_ashamed,phrasal,0,lexical,0,,
be_ashamed,be_copula,1,lexical,0,,
be_annoyed,that_omission,0,coded,0,,1
be_annoyed,comp_inf,0,coded,0,,1
be_annoyed,ecm,0,coded,0,,1
be_annoyed,comp_interrog,0,coded,0,,1
be_annoyed,comp_gerund,0,coded,0,,1
be_annoyed,comp_small_clause,0,coded,0,,1
be_annoyed,np_comp_alt,0,coded,0,,1
be_annoyed,direct_speech,0,coded,0,,1
be_annoyed,subjunctive_comp,0,coded,0,,1
be_annoyed,comp_for_to,0,coded,0,,1
be_annoyed,comp_bare_inf,0,coded,0,,1
be_annoyed,comp_exclamative,0,coded,0,,1
be_annoyed,comp_poss_ing,0,coded,0,,1
be_annoyed,extraposition,0,coded,0,,1
be_annoyed,raising,0,coded,0,,1
be_annoyed,ditransitive,0,na,0,,
be_annoyed,factive_passive,0,na,0,,
be_annoyed,neg_raising,0,coded,0,,1
be_annoyed,weak_island,1,coded,0,,1
be_annoyed,pro_complement,0,coded,0,,1
be_annoyed,npi_licenser,0,coded,0,,1
be_annoyed,stative,1,coded,0,,1
be_annoyed,content_noun_fact,1,coded,0,,1
be_annoyed,derived_nominal,0,coded,0,,1
be_annoyed,phrasal,0,lexical,0,,
be_annoyed,be_copula,1,lexical,0,,
lament,that_omission,0,coded,0,,1
lament,comp_inf,0,coded,0,,1
lament,ecm,0,coded,0,,1
lament,comp_interrog,0,coded,0,,1
lament,comp_gerund,1,coded,0,,1
lament,comp_small_clause,0,coded,0,,1
lament,np_comp_alt,0,coded,0,,1
lament,direct_speech,0,coded,0,,1
lament,subjunctive_comp,0,coded,0,,1
lament,comp_for_to,0,coded,0,,1
lament,comp_bare_inf,0,coded,0,,1
lament,comp_exclamative,0,coded,0,,1
lament,comp_poss_ing,1,coded,0,,1
lament,extraposition,0,coded,0,,1
lament,raising,0,coded,0,,1
lament,ditransitive,0,coded,0,,1
lament,factive_passive,0,coded,0,,1
lament,neg_raising,0,coded,0,,1
lament,weak_island,1,coded,0,,1
lament,pro_complement,0,coded,0,,1
lament,npi_licenser,0,coded,0,,1
lament,stative,1,coded,0,,1
lament,content_noun_fact,1,coded,0,,1
lament,derived_nominal,1,coded,0,,1
lament,phrasal,0,lexical,0,,
lament,be_copula,0,lexical,0,,
deplore,that_omission,0,coded,0,,1
deplore,comp_inf,0,coded,0,,1
deplore,ecm,0,coded,0,,1
deplore,comp_interrog,0,coded,0,,1
deplore,comp_gerund,1,coded,0,,1
deplore,comp_small_clause,0,coded,0,,1
deplore,np_comp_alt,0,coded,0,,1
deplore,direct_speech,0,coded,0,,1
deplore,subjunctive_comp,0,coded,0,,1
deplore,comp_for_to,0,coded,0,,1
deplore,comp_bare_inf,0,coded,0,,1
deplore,comp_exclamative,0,coded,0,,1
deplore,comp_poss_ing,1,coded,0,,1
deplore,extraposition,0,coded,0,,1
deplore,raising,0,coded,0,,1
deplore,ditransitive,0,coded,0,,1
deplore,factive_passive,0,coded,0,,1
deplore,neg_raising,0,coded,0,,1
deplore,weak_island,1,coded,0,,1
deplore,pro_complement,0,coded,0,,1
deplore,npi_licenser,0,coded,0,,1
deplore,stative,1,coded,0,,1
deplore,content_noun_fact,1,coded,0,,1
deplore,derived_nominal,0,coded,0,,1
deplore,phrasal,0,lexical,0,,
deplore,be_copula,0,lexical,0,,
mind,that_omission,0,coded,0,,1
mind,comp_inf,0,coded,0,,1
mind,ecm,0,coded,0,,1
mind,comp_interrog,0,coded,0,,1
mind,comp_gerund,1,coded,0,,1
mind,comp_small_clause,0,coded,0,,1
mind,np_comp_alt,0,coded,0,,1
mind,direct_speech,0,coded,0,,1
mind,subjunctive_comp,0,coded,0,,1
mind,comp_for_to,0,coded,0,,1
mind,comp_bare_inf,0,coded,0,,1
mind,comp_exclamative,0,coded,0,,1
mind,comp_poss_ing,1,coded,0,,1
mind,extraposition,0,coded,0,,1
mind,raising,0,coded,0,,1
mind,ditransitive,0,coded,0,,1
mind,factive_passive,0,coded,0,,1
mind,neg_raising,0,coded,0,,1
mind,weak_island,1,coded,0,,1
mind,pro_complement,0,coded,0,,1
mind,npi_licenser,1,coded,0,,1
mind,stative,1,coded,0,,1
mind,content_noun_fact,1,coded,0,,1
mind,derived_nominal,0,coded,0,,1
mind,phrasal,0,lexical,0,,
mind,be_copula,0,lexical,0,,
fear,that_omission,1,coded,0,,1
fear,comp_inf,1,coded,0,,1
fear,ecm,0,coded,0,,1
fear,comp_interrog,0,coded,0,,1
fear,comp_gerund,1,coded,0,,1
fear,comp_small_clause,0,coded,0,,1
fear,np_comp_alt,1,coded,0,,1
fear,direct_speech,0,coded,0,,1
fear,subjunctive_comp,0,coded,0,,1
fear,comp_for_to,0,coded,0,,1
fear,comp_bare_inf,0,coded,0,,1
fear,comp_exclamative,0,coded,0,,1
fear,comp_poss_ing,1,coded,0,,1
fear,extraposition,0,coded,0,,1
fear,raising,0,coded,0,,1
fear,ditransitive,0,coded,0,,1
fear,factive_passive,0,coded,0,,1
fear,neg_raising,0,coded,0,,1
fear,weak_island,0,coded,0,,1
fear,pro_complement,1,coded,0,,1
fear,npi_licenser,0,coded,0,,1
fear,stative,1,coded,0,,1
fear,content_noun_fact,0,coded,0,,1
fear,derived_nominal,1,coded,0,,1
fear,phrasal,0,lexical,0,,
fear,be_copula,0,lexical,0,,
hope,that_omission,1,coded,0,,1
hope,comp_inf,1,coded,0,,1
hope,ecm,0,coded,0,,1
hope,comp_interrog,0,coded,0,,1
hope,comp_gerund,0,coded,0,,1
hope,comp_small_clause,0,coded,0,,1
hope,np_comp_alt,0,coded,0,,1
hope,direct_speech,0,coded,0,,1
hope,subjunctive_comp,0,coded,0,,1
hope,comp_for_to,1,coded,0,,1
hope,comp_bare_inf,0,coded,0,,1
hope,comp_exclamative,0,coded,0,,1
hope,comp_poss_ing,0,coded,0,,1
hope,extraposition,0,coded,0,,1
hope,raising,0,coded,0,,1
hope,ditransitive,0,coded,0,,1
hope,factive_passive,0,coded,0,,1
hope,neg_raising,0,coded,0,,1
hope,weak_island,0,coded,0,,1
hope,pro_complement,1,coded,0,,1
hope,npi_licenser,0,coded,0,,1
hope,stative,1,coded,0,,1
hope,content_noun_fact,0,coded,0,,1
hope,derived_nominal,1,coded,0,,1
hope,phrasal,0,lexical,0,,
hope,be_copula,0,lexical,0,,
want,that_omission,0,coded,0,,1
want,comp_inf,1,coded,0,,1
want,ecm,0,coded,0,,1
want,comp_interrog,0,coded,0,,1
want,comp_gerund,0,coded,0,,1
want,comp_small_clause,0,coded,0,,1
want,np_comp_alt,0,coded,0,,1
want,direct_speech,0,coded,0,,1
want,subjunctive_comp,0,coded,0,,1
want,comp_for_to,1,coded,0,,1
want,comp_bare_inf,0,coded,0,,1
want,comp_exclamative,0,coded,0,,1
want,comp_poss_ing,0,coded,0,,1
want,extraposition,0,coded,0,,1
want,raising,0,coded,0,,1
want,ditransitive,0,coded,0,,1
want,factive_passive,0,coded,0,,1
want,neg_raising,0,coded,0,,1
want,weak_island,0,coded,0,,1
want,pro_complement,0,coded,0,,1
want,npi_licenser,0,coded,0,,1
want,stative,1,coded,0,,1
want,content_noun_fact,0,coded,0,,1
want,derived_nominal,0,coded,0,,1
want,phrasal,0,lexical,0,,
want,be_copula,0,lexical,0,,
wish,that_omission,1,coded,0,,1
wish,comp_inf,1,coded,0,,1
wish,ecm,0,coded,0,,1
wish,comp_interrog,0,coded,0,,1
wish,comp_gerund,0,coded,0,,1
wish,comp_small_clause,0,coded,0,,1
wish,np_comp_alt,0,coded,0,,1
wish,direct_speech,0,coded,0,,1
wish,subjunctive_comp,1,coded,0,,1
wish,comp_for_to,1,coded,0,,1
wish,comp_bare_inf,0,coded,0,,1
wish,comp_exclamative,0,coded,0,,1
wish,comp_poss_ing,0,coded,0,,1
wish,extraposition,0,coded,0,,1
wish,raising,0,coded,0,,1
wish,ditransitive,0,coded,0,,1
wish,factive_passive,0,coded,0,,1
wish,neg_raising,0,coded,0,,1
wish,weak_island,0,coded,0,,1
wish,pro_complement,0,coded,0,,1
wish,npi_licenser,0,coded,0,,1
wish,stative,1,coded,0,,1
wish,content_noun_fact,0,coded,0,,1
wish,derived_nominal,1,coded,0,,1
wish,phrasal,0,lexical,0,,
wish,be_copula,0,lexical,0,,
desire,that_omission,1,coded,0,,1
desire,comp_inf,1,coded,0,,1
desire,ecm,0,coded,0,,1
desire,comp_interrog,0,coded,0,,1
desire,comp_gerund,0,coded,0,,1
desire,comp_small_clause,0,coded,0,,1
desire,np_comp_alt,0,coded,0,,1
desire,direct_speech,0,coded,0,,1
desire,subjunctive_comp,1,coded,0,,1
desire,comp_for_to,1,coded,0,,1
desire,comp_bare_inf,0,coded,0,,1
desire,comp_exclamative,0,coded,0,,1
desire,comp_poss_ing,0,coded,0,,1
desire,extraposition,0,coded,0,,1
desire,raising,0,coded,0,,1
desire,ditransitive,0,coded,0,,1
desire,factive_passive,0,coded,0,,1
desire,neg_raising,0,coded,0,,1
desire,weak_island,0,coded,0,,1
desire,pro_complement,0,coded,0,,1
desire,npi_licenser,0,coded,0,,1
desire,stative,1,coded,0,,1
desire,content_noun_fact,0,coded,0,,1
desire,derived_nominal,1,coded,0,,1
desire,phrasal,0,lexical,0,,
desire,be_copula,0,lexical,0,,
intend,that_omission,0,coded,0,,1
intend,comp_inf,1,coded,0,,1
intend,ecm,0,coded,0,,1
intend,comp_interrog,0,coded,0,,1
intend,comp_gerund,0,coded,0,,1
intend,comp_small_clause,0,coded,0,,1
intend,np_comp_alt,0,coded,0,,1
intend,direct_speech,0,coded,0,,1
intend,subjunctive_comp,0,coded,0,,1
intend,comp_for_to,0,coded,0,,1
intend,comp_bare_inf,0,coded,0,,1
intend,comp_exclamative,0,coded,0,,1
intend,comp_poss_ing,0,coded,0,,1
intend,extraposition,0,coded,0,,1
intend,raising,0,coded,0,,1
intend,ditransitive,0,coded,0,,1
intend,factive_passive,0,coded,0,,1
intend,neg_raising,0,coded,0,,1
intend,weak_island,0,coded,0,,1
intend,pro_complement,0,coded,0,,1
intend,npi_licenser,0,coded,0,,1
intend,stative,1,coded,0,,1
intend,content_noun_fact,0,coded,0,,1
intend,derived_nominal,1,coded,0,,1
intend,phrasal,0,lexical,0,,
intend,be_copula,0,lexical,0,,
plan,that_omission,0,coded,0,,1
plan,comp_inf,1,coded,0,,1
plan,ecm,0,coded,0,,1
plan,comp_interrog,0,coded,0,,1
plan,comp_gerund,0,coded,0,,1
plan,comp_small_clause,0,coded,0,,1
plan,np_comp_alt,0,coded,0,,1
plan,direct_speech,0,coded,0,,1
plan,subjunctive_comp,0,coded,0,,1
plan,comp_for_to,0,coded,0,,1
plan,comp_bare_inf,0,coded,0,,1
plan,comp_exclamative,0,coded,0,,1
plan,comp_poss_ing,0,coded,0,,1
plan,extraposition,0,coded,0,,1
plan,raising,0,coded,0,,1
plan,ditransitive,0,coded,0,,1
plan,factive_passive,0,coded,0,,1
plan,neg_raising,0,coded,0,,1
plan,weak_island,0,coded,0,,1
plan,pro_complement,0,coded,0,,1
plan,npi_licenser,0,coded,0,,1
plan,stative,1,coded,0,,1
plan,content_noun_fact,0,coded,0,,1
plan,derived_nominal,0,coded,0,,1
plan,phrasal,0,lexical,0,,
plan,be_copula,0,lexical,0,,
decide,that_omission,0,coded,0,,1
decide,comp_inf,1,coded,0,,1
decide,ecm,0,coded,0,,1
decide,comp_interrog,1,coded,0,,1
decide,comp_gerund,0,coded,0,,1
decide,comp_small_clause,0,coded,0,,1
decide,np_comp_alt,0,coded,0,,1
decide,direct_speech,0,coded,0,,1
decide,subjunctive_comp,0,coded,0,,1
decide,comp_for_to,0,coded,0,,1
decide,comp_bare_inf,0,coded,0,,1
decide,comp_exclamative,0,coded,0,,1
decide,comp_poss_ing,0,coded,0,,1
decide,extraposition,0,coded,0,,1
decide,raising,0,coded,0,,1
decide,ditransitive,0,coded,0,,1
decide,factive_passive,0,coded,0,,1
decide,neg_raising,0,coded,0,,1
decide,weak_island,0,coded,0,,1
decide,pro_complement,0,coded,0,,1
decide,npi_licenser,0,coded,0,,1
decide,stative,1,coded,0,,1
decide,content_noun_fact,0,coded,0,,1
decide,derived_nominal,1,coded,0,,1
decide,phrasal,0,lexical,0,,
decide,be_copula,0,lexical,0,,
prefer,that_omission,1,coded,0,,1
prefer,comp_inf,1,coded,0,,1
prefer,ecm,0,coded,0,,1
prefer,comp_interrog,0,coded,0,,1
prefer,comp_gerund,1,coded,0,,1
prefer,comp_small_clause,0,coded,0,,1
prefer,np_comp_alt,0,coded,0,,1
prefer,direct_speech,0,coded,0,,1
prefer,subjunctive_comp,1,coded,0,,1
prefer,comp_for_to,1,coded,0,,1
prefer,comp_bare_inf,0,coded,0,,1
prefer,comp_exclamative,0,coded,0,,1
prefer,comp_poss_ing,1,coded,0,,1
prefer,extraposition,0,coded,0,,1
prefer,raising,0,coded,0,,1
prefer,ditransitive,0,coded,0,,1
prefer,factive_passive,0,coded,0,,1
prefer,neg_raising,0,coded,0,,1
prefer,weak_island,0,coded,0,,1
prefer,pro_complement,0,coded,0,,1
prefer,npi_licenser,0,coded,0,,1
prefer,stative,1,coded,0,,1
prefer,content_noun_fact,0,coded,0,,1
prefer,derived_nominal,1,coded,0,,1
prefer,phrasal,0,lexical,0,,
prefer,be_copula,0,lexical,0,,
see,that_omission,1,coded,0,,1
see,comp_inf,0,coded,0,,1
see,ecm,1,coded,0,,1
see,comp_interrog,1,coded,0,,1
see,comp_gerund,0,coded,0,,1
see,comp_small_clause,1,coded,0,,1
see,np_comp_alt,1,coded,0,,1
see,direct_speech,0,coded,0,,1
see,subjunctive_comp,0,coded,0,,1
see,comp_for_to,0,coded,0,,1
see,comp_bare_inf,1,coded,0,,1
see,comp_exclamative,1,coded,0,,1
see,comp_poss_ing,0,coded,0,,1
see,extraposition,0,coded,0,,1
see,raising,0,coded,0,,1
see,ditransitive,0,coded,0,,1
see,factive_passive,0,coded,0,,1
see,neg_raising,0,coded,0,,1
see,weak_island,1,coded,0,,1
see,pro_complement,0,coded,0,,1
see,npi_licenser,0,coded,0,,1
see,stative,1,coded,0,,1
see,content_noun_fact,1,coded,0,,1
see,derived_nominal,0,coded,0,,1
see,phrasal,0,lexical,0,,
see,be_copula,0,lexical,0,,
hear,that_omission,1,coded,0,,1
hear,comp_inf,0,coded,0,,1
hear,ecm,1,coded,0,,1
hear,comp_interrog,1,coded,0,,1
hear,comp_gerund,0,coded,0,,1
hear,comp_small_clause,1,coded,0,,1
hear,np_comp_alt,1,coded,0,,1
hear,direct_speech,0,coded,0,,1
hear,subjunctive_comp,0,coded,0,,1
hear,comp_for_to,0,coded,0,,1
hear,comp_bare_inf,1,coded,0,,1
hear,comp_exclamative,1,coded,0,,1
hear,comp_poss_ing,0,coded,0,,1
hear,extraposition,0,coded,0,,1
hear,raising,0,coded,0,,1
hear,ditransitive,0,coded,0,,1
hear,factive_passive,0,coded,0,,1
hear,neg_raising,0,coded,0,,1
hear,weak_island,1,coded,0,,1
hear,pro_complement,0,coded,0,,1
hear,npi_licenser,0,coded,0,,1
hear,stative,1,coded,0,,1
hear,content_noun_fact,1,coded,0,,1
hear,derived_nominal,0,coded,0,,1
hear,phrasal,0,lexical,0,,
hear,be_copula,0,lexical,0,,
notice,that_omission,1,coded,0,,1
notice,comp_inf,0,coded,0,,1
notice,ecm,1,coded,0,,1
notice,comp_interrog,1,coded,0,,1
notice,comp_gerund,0,coded,0,,1
notice,comp_small_clause,0,coded,0,,1
notice,np_comp_alt,1,coded,0,,1
notice,direct_speech,0,coded,0,,1
notice,subjunctive_comp,0,coded,0,,1
notice,comp_for_to,0,coded,0,,1
notice,comp_bare_inf,1,coded,0,,1
notice,comp_exclamative,1,coded,0,,1
notice,comp_poss_ing,0,coded,0,,1
notice,extraposition,0,coded,0,,1
notice,raising,0,coded,0,,1
notice,ditransitive,0,coded,0,,1
notice,factive_passive,0,coded,0,,1
notice,neg_raising,0,coded,0,,1
notice,weak_island,1,coded,0,,1
notice,pro_complement,0,coded,0,,1
notice,npi_licenser,0,coded,0,,1
notice,stative,0,coded,0,,1
notice,content_noun_fact,1,coded,0,,1
notice,derived_nominal,1,coded,0,,1
notice,phrasal,0,lexical,0,,
notice,be_copula,0,lexical,0,,
observe,that_omission,1,coded,0,,1
observe,comp_inf,0,coded,0,,1
observe,ecm,1,coded,0,,1
observe,comp_interrog,1,coded,0,,1
observe,comp_gerund,0,coded,0,,1
observe,comp_small_clause,1,coded,0,,1
observe,np_comp_alt,1,coded,0,,1
observe,direct_speech,1,coded,0,,1
observe,subjunctive_comp,0,coded,0,,1
observe,comp_for_to,0,coded,0,,1
observe,comp_bare_inf,1,coded,0,,1
observe,comp_exclamative,1,coded,0,,1
observe,comp_poss_ing,0,coded,0,,1
observe,extraposition,0,coded,0,,1
observe,raising,0,coded,0,,1
observe,ditransitive,0,coded,0,,1
observe,factive_passive,0,coded,0,,1
observe,neg_raising,0,coded,0,,1
observe,weak_island,1,coded,0,,1
observe,pro_complement,0,coded,0,,1
observe,npi_licenser,0,coded,0,,1
observe,stative,1,coded,0,,1
observe,content_noun_fact,1,coded,0,,1
observe,derived_nominal,1,coded,0,,1
observe,phrasal,0,lexical,0,,
observe,be_copula,0,lexical,0,,
watch,that_omission,0,coded,0,,1
watch,comp_inf,0,coded,0,,1
watch,ecm,1,coded,0,,1
watch,comp_interrog,1,coded,0,,1
watch,comp_gerund,0,coded,0,,1
watch,comp_small_clause,1,coded,0,,1
watch,np_comp_alt,0,coded,0,,1
watch,direct_speech,0,coded,0,,1
watch,subjunctive_comp,0,coded,0,,1
watch,comp_for_to,0,coded,0,,1
watch,comp_bare_inf,1,coded,0,,1
watch,comp_exclamative,1,coded,0,,1
watch,comp_poss_ing,0,coded,0,,1
watch,extraposition,0,coded,0,,1
watch,raising,0,coded,0,,1
watch,ditransitive,0,coded,0,,1
watch,factive_passive,0,coded,0,,1
watch,neg_raising,0,coded,0,,1
watch,weak_island,1,coded,0,,1
watch,pro_complement,0,coded,0,,1
watch,npi_licenser,0,coded,0,,1
watch,stative,1,coded,0,,1
watch,content_noun_fact,1,coded,0,,1
watch,derived_nominal,0,coded,0,,1
watch,phrasal,0,lexical,0,,
watch,be_copula,0,lexical,0,,
feel,that_omission,1,coded,0,,1
feel,comp_inf,0,coded,0,,1
feel,ecm,1,coded,0,,1
feel,comp_interrog,1,coded,0,,1
feel,comp_gerund,0,coded,0,,1
feel,comp_small_clause,1,coded,0,,1
feel,np_comp_alt,0,coded,0,,1
feel,direct_speech,0,coded,0,,1
feel,subjunctive_comp,0,coded,0,,1
feel,comp_for_to,0,coded,0,,1
feel,comp_bare_inf,1,coded,0,,1
feel,comp_exclamative,0,coded,0,,1
feel,comp_poss_ing,0,coded,0,,1
feel,extraposition,0,coded,0,,1
feel,raising,0,coded,0,,1
feel,ditransitive,0,coded,0,,1
feel,factive_passive,0,coded,0,,1
feel,neg_raising,0,coded,0,,1
feel,weak_island,1,coded,0,,1
feel,pro_complement,0,coded,0,,1
feel,npi_licenser,0,coded,0,,1
feel,stative,1,coded,0,,1
feel,content_noun_fact,1,coded,0,,1
feel,derived_nominal,1,coded,0,,1
feel,phrasal,0,lexical,0,,
feel,be_copula,0,lexical,0,,
sense,that_omission,1,coded,0,,1
sense,comp_inf,0,coded,0,,1
sense,ecm,1,coded,0,,1
sense,comp_interrog,1,coded,0,,1
sense,comp_gerund,0,coded,0,,1
sense,comp_small_clause,0,coded,0,,1
sense,np_comp_alt,0,coded,0,,1
sense,direct_speech,0,coded,0,,1
sense,subjunctive_comp,0,coded,0,,1
sense,comp_for_to,0,coded,0,,1
sense,comp_bare_inf,1,coded,0,,1
sense,comp_exclamative,0,coded,0,,1
sense,comp_poss_ing,0,coded,0,,1
sense,extraposition,0,coded,0,,1
sense,raising,0,coded,0,,1
sense,ditransitive,0,coded,0,,1
sense,factive_passive,0,coded,0,,1
sense,neg_raising,0,coded,0,,1
sense,weak_island,1,coded,0,,1
sense,pro_complement,0,coded,0,,1
sense,npi_licenser,0,coded,0,,1
sense,stative,1,coded,0,,1
sense,content_noun_fact,1,coded,0,,1
sense,derived_nominal,1,coded,0,,1
sense,phrasal,0,lexical,0,,
sense,be_copula,0,lexical,0,,
happen,that_omission,0,coded,0,,1
happen,comp_inf,1,coded,0,,1
happen,ecm,0,coded,0,,1
happen,comp_interrog,0,coded,0,,1
happen,comp_gerund,0,coded,0,,1
happen,comp_small_clause,0,coded,0,,1
happen,np_comp_alt,0,coded,0,,1
happen,direct_speech,0,coded,0,,1
happen,subjunctive_comp,0,coded,0,,1
happen,comp_for_to,0,coded,0,,1
happen,comp_bare_inf,0,coded,0,,1
happen,comp_exclamative,0,coded,0,,1
happen,comp_poss_ing,0,coded,0,,1
happen,extraposition,1,coded,0,,1
happen,raising,1,coded,0,,1
happen,ditransitive,0,coded,0,,1
happen,factive_passive,0,coded,0,,1
happen,neg_raising,0,coded,0,,1
happen,weak_island,0,coded,0,,1
happen,pro_complement,0,coded,0,,1
happen,npi_licenser,0,coded,0,,1
happen,stative,0,coded,0,,1
happen,content_noun_fact,0,coded,0,,1
happen,derived_nominal,0,coded,0,,1
happen,phrasal,0,lexical,0,,
happen,be_copula,0,lexical,0,,
pretend,that_omission,1,coded,0,,1
pretend,comp_inf,1,coded,0,,1
pretend,ecm,0,coded,0,,1
pretend,comp_interrog,0,coded,0,,1
pretend,comp_gerund,0,coded,0,,1
pretend,comp_small_clause,0,coded,0,,1
pretend,np_comp_alt,0,coded,0,,1
pretend,direct_speech,0,coded,0,,1
pretend,subjunctive_comp,0,coded,0,,1
pretend,comp_for_to,0,coded,0,,1
pretend,comp_bare_inf,0,coded,0,,1
pretend,comp_exclamative,0,coded,0,,1
pretend,comp_poss_ing,0,coded,0,,1
pretend,extraposition,0,coded,0,,1
pretend,raising,0,coded,0,,1
pretend,ditransitive,0,coded,0,,1
pretend,factive_passive,0,coded,0,,1
pretend,neg_raising,0,coded,0,,1
pretend,weak_island,0,coded,0,,1
pretend,pro_complement,0,coded,0,,1
pretend,npi_licenser,0,coded,0,,1
pretend,stative,1,coded,0,,1
pretend,content_noun_fact,0,coded,0,,1
pretend,derived_nominal,1,coded,0,,1
pretend,phrasal,0,lexical,0,,
pretend,be_copula,0,lexical,0,,
imagine,that_omission,1,coded,0,,1
imagine,comp_inf,1,coded,0,,1
imagine,ecm,0,coded,0,,1
imagine,comp_interrog,0,coded,0,,1
imagine,comp_gerund,1,coded,0,,1
imagine,comp_small_clause,0,coded,0,,1
imagine,np_comp_alt,0,coded,0,,1
imagine,direct_speech,0,coded,0,,1
imagine,subjunctive_comp,0,coded,0,,1
imagine,comp_for_to,0,coded,0,,1
imagine,comp_bare_inf,0,coded,0,,1
imagine,comp_exclamative,0,coded,0,,1
imagine,comp_poss_ing,1,coded,0,,1
imagine,extraposition,0,coded,0,,1
imagine,raising,0,coded,0,,1
imagine,ditransitive,0,coded,0,,1
imagine,factive_passive,0,coded,0,,1
imagine,neg_raising,0,coded,0,,1
imagine,weak_island,0,coded,0,,1
imagine,pro_complement,0,coded,0,,1
imagine,npi_licenser,0,coded,0,,1
imagine,stative,1,coded,0,,1
imagine,content_noun_fact,0,coded,0,,1
imagine,derived_nominal,1,coded,0,,1
imagine,phrasal,0,lexical,0,,
imagine,be_copula,0,lexical,0,,
dream,that_omission,1,coded,0,,1
dream,comp_inf,0,coded,0,,1
dream,ecm,0,coded,0,,1
dream,comp_interrog,0,coded,0,,1
dream,comp_gerund,0,coded,0,,1
dream,comp_small_clause,0,coded,0,,1
dream,np_comp_alt,0,coded,0,,1
dream,direct_speech,0,coded,0,,1
dream,subjunctive_comp,0,coded,0,,1
dream,comp_for_to,0,coded,0,,1
dream,comp_bare_inf,0,coded,0,,1
dream,comp_exclamative,0,coded,0,,1
dream,comp_poss_ing,0,coded,0,,1
dream,extraposition,0,coded,0,,1
dream,raising,0,coded,0,,1
dream,ditransitive,0,coded,0,,1
dream,factive_passive,0,coded,0,,1
dream,neg_raising,0,coded,0,,1
dream,weak_island,0,coded,0,,1
dream,pro_complement,0,coded,0,,1
dream,npi_licenser,0,coded,0,,1
dream,stative,1,coded,0,,1
dream,content_noun_fact,0,coded,0,,1
dream,derived_nominal,1,coded,0,,1
dream,phrasal,0,lexical,0,,
dream,be_copula,0,lexical,0,,
fantasize,that_omission,0,coded,0,,1
fantasize,comp_inf,0,coded,0,,1
fantasize,ecm,0,coded,0,,1
fantasize,comp_interrog,0,coded,0,,1
fantasize,comp_gerund,0,coded,0,,1
fantasize,comp_small_clause,0,coded,0,,1
fantasize,np_comp_alt,0,coded,0,,1
fantasize,direct_speech,0,coded,0,,1
fantasize,subjunctive_comp,0,coded,0,,1
fantasize,comp_for_to,0,coded,0,,1
fantasize,comp_bare_inf,0,coded,0,,1
fantasize,comp_exclamative,0,coded,0,,1
fantasize,comp_poss_ing,0,coded,0,,1
fantasize,extraposition,0,coded,0,,1
fantasize,raising,0,coded,0,,1
fantasize,ditransitive,0,coded,0,,1
fantasize,factive_passive,0,coded,0,,1
fantasize,neg_raising,0,coded,0,,1
fantasize,weak_island,0,coded,0,,1
fantasize,pro_complement,0,coded,0,,1
fantasize,npi_licenser,0,coded,0,,1
fantasize,stative,1,coded,0,,1
fantasize,content_noun_fact,0,coded,0,,1
fantasize,derived_nominal,0,coded,0,,1
fantasize,phrasal,0,lexical,0,,
fantasize,be_copula,0,lexical,0,,
order,that_omission,0,coded,0,,1
order,comp_inf,1,coded,0,,1
order,ecm,0,coded,0,,1
order,comp_interrog,0,coded,0,,1
order,comp_gerund,0,coded,0,,1
order,comp_small_clause,0,coded,0,,1
order,np_comp_alt,1,coded,0,,1
order,direct_speech,1,coded,0,,1
order,subjunctive_comp,1,coded,0,,1
order,comp_for_to,0,coded,0,,1
order,comp_bare_inf,0,coded,0,,1
order,comp_exclamative,0,coded,0,,1
order,comp_poss_ing,0,coded,0,,1
order,extraposition,0,coded,0,,1
order,raising,0,coded,0,,1
order,ditransitive,0,coded,0,,1
order,factive_passive,0,coded,0,,1
order,neg_raising,0,coded,0,,1
order,weak_island,0,coded,0,,1
order,pro_complement,0,coded,0,,1
order,npi_licenser,0,coded,0,,1
order,stative,1,coded,0,,1
order,content_noun_fact,0,coded,0,,1
order,derived_nominal,1,coded,0,,1
order,phrasal,0,lexical,0,,
order,be_copula,0,lexical,0,,
ask,that_omission,0,coded,0,,1
ask,comp_inf,1,coded,0,,1
ask,ecm,0,coded,0,,1
ask,comp_interrog,1,coded,0,,1
ask,comp_gerund,0,coded,0,,1
ask,comp_small_clause,0,coded,0,,1
ask,np_comp_alt,0,coded,0,,1
ask,direct_speech,0,coded,0,,1
ask,subjunctive_comp,1,coded,0,,1
ask,comp_for_to,1,coded,0,,1
ask,comp_bare_inf,0,coded,0,,1
ask,comp_exclamative,0,coded,0,,1
ask,comp_poss_ing,0,coded,0,,1
ask,extraposition,0,coded,0,,1
ask,raising,0,coded,0,,1
ask,ditransitive,1,coded,0,,1
ask,factive_passive,0,coded,0,,1
ask,neg_raising,0,coded,0,,1
ask,weak_island,0,coded,0,,1
ask,pro_complement,0,coded,0,,1
ask,npi_licenser,0,coded,0,,1
ask,stative,1,coded,0,,1
ask,content_noun_fact,0,coded,0,,1
ask,derived_nominal,0,coded,0,,1
ask,phrasal,0,lexical,0,,
ask,be_copula,0,lexical,0,,
request,that_omission,1,coded,0,,1
request,comp_inf,1,coded,0,,1
request,ecm,0,coded,0,,1
request,comp_interrog,0,coded,0,,1
request,comp_gerund,0,coded,0,,1
request,comp_small_clause,0,coded,0,,1
request,np_comp_alt,1,coded,0,,1
request,direct_speech,0,coded,0,,1
request,subjunctive_comp,1,coded,0,,1
request,comp_for_to,1,coded,0,,1
request,comp_bare_inf,0,coded,0,,1
request,comp_exclamative,0,coded,0,,1
request,comp_poss_ing,0,coded,0,,1
request,extraposition,0,coded,0,,1
request,raising,0,coded,0,,1
request,ditransitive,1,coded,0,,1
request,factive_passive,0,coded,0,,1
request,neg_raising,0,coded,0,,1
request,weak_island,0,coded,0,,1
request,pro_complement,0,coded,0,,1
request,npi_licenser,0,coded,0,,1
request,stative,1,coded,0,,1
request,content_noun_fact,0,coded,0,,1
request,derived_nominal,1,coded,0,,1
request,phrasal,0,lexical,0,,
request,be_copula,0,lexical,0,,
command,that_omission,0,coded,0,,1
command,comp_inf,1,coded,0,,1
command,ecm,0,coded,0,,1
command,comp_interrog,0,coded,0,,1
command,comp_gerund,0,coded,0,,1
command,comp_small_clause,0,coded,0,,1
command,np_comp_alt,0,coded,0,,1
command,direct_speech,1,coded,0,,1
command,subjunctive_comp,1,coded,0,,1
command,comp_for_to,0,coded,0,,1
command,comp_bare_inf,0,coded,0,,1
command,comp_exclamative,0,coded,0,,1
command,comp_poss_ing,0,coded,0,,1
command,extraposition,0,coded,0,,1
command,raising,0,coded,0,,1
command,ditransitive,0,coded,0,,1
command,factive_passive,0,coded,0,,1
command,neg_raising,0,coded,0,,1
command,weak_island,0,coded,0,,1
command,pro_complement,0,coded,0,,1
command,npi_licenser,0,coded,0,,1
command,stative,1,coded,0,,1
command,content_noun_fact,0,coded,0,,1
command,derived_nominal,1,coded,0,,1
command,phrasal,0,lexical,0,,
command,be_copula,0,lexical,0,,
beg,that_omission,0,coded,0,,1
beg,comp_inf,1,coded,0,,1
beg,ecm,0,coded,0,,1
beg,comp_interrog,0,coded,0,,1
beg,comp_gerund,0,coded,0,,1
beg,comp_small_clause,0,coded,0,,1
beg,np_comp_alt,0,coded,0,,1
beg,direct_speech,1,coded,0,,1
beg,subjunctive_comp,1,coded,0,,1
beg,comp_for_to,1,coded,0,,1
beg,comp_bare_inf,0,coded,0,,1
beg,comp_exclamative,0,coded,0,,1
beg,comp_poss_ing,0,coded,0,,1
beg,extraposition,0,coded,0,,1
beg,raising,0,coded,0,,1
beg,ditransitive,1,coded,0,,1
beg,factive_passive,0,coded,0,,1
beg,neg_raising,0,coded,0,,1
beg,weak_island,0,coded,0,,1
beg,pro_complement,0,coded,0,,1
beg,npi_licenser,0,coded,0,,1
beg,stative,1,coded,0,,1
beg,content_noun_fact,0,coded,0,,1
beg,derived_nominal,0,coded,0,,1
beg,phrasal,0,lexical,0,,
beg,be_copula,0,lexical,0,,
urge,that_omission,0,coded,0,,1
urge,comp_inf,1,coded,0,,1
urge,ecm,0,coded,0,,1
urge,comp_interrog,0,coded,0,,1
urge,comp_gerund,0,coded,0,,1
urge,comp_small_clause,0,coded,0,,1
urge,np_comp_alt,0,coded,0,,1
urge,direct_speech,1,coded,0,,1
urge,subjunctive_comp,1,coded,0,,1
urge,comp_for_to,0,coded,0,,1
urge,comp_bare_inf,0,coded,0,,1
urge,comp_exclamative,0,coded,0,,1
urge,comp_poss_ing,0,coded,0,,1
urge,extraposition,0,coded,0,,1
urge,raising,0,coded,0,,1
urge,ditransitive,1,coded,0,,1
urge,factive_passive,0,coded,0,,1
urge,neg_raising,0,coded,0,,1
urge,weak_island,0,coded,0,,1
urge,pro_complement,0,coded,0,,1
urge,npi_licenser,0,coded,0,,1
urge,stative,1,coded,0,,1
urge,content_noun_fact,0,coded,0,,1
urge,derived_nominal,0,coded,0,,1
urge,phrasal,0,lexical,0,,
urge,be_copula,0,lexical,0,,
require,that_omission,1,coded,0,,1
require,comp_inf,1,coded,0,,1
require,ecm,0,coded,0,,1
require,comp_interrog,0,coded,0,,1
require,comp_gerund,0,coded,0,,1
require,comp_small_clause,0,coded,0,,1
require,np_comp_alt,0,coded,0,,1
require,direct_speech,0,coded,0,,1
require,subjunctive_comp,1,coded,0,,1
require,comp_for_to,0,coded,0,,1
require,comp_bare_inf,0,coded,0,,1
require,comp_exclamative,0,coded,0,,1
require,comp_poss_ing,0,coded,0,,1
require,extraposition,0,coded,0,,1
require,raising,0,coded,0,,1
require,ditransitive,0,coded,0,,1
require,factive_passive,0,coded,0,,1
require,neg_raising,0,coded,0,,1
require,weak_island,0,coded,0,,1
require,pro_complement,0,coded,0,,1
require,npi_licenser,0,coded,0,,1
require,stative,1,coded,0,,1
require,content_noun_fact,0,coded,0,,1
require,derived_nominal,1,coded,0,,1
require,phrasal,0,lexical,0,,
require,be_copula,0,lexical,0,,
demand,that_omission,1,coded,0,,1
demand,comp_inf,1,coded,0,,1
demand,ecm,0,coded,0,,1
demand,comp_interrog,0,coded,0,,1
demand,comp_gerund,0,coded,0,,1
demand,comp_small_clause,0,coded,0,,1
demand,np_comp_alt,1,coded,0,,1
demand,direct_speech,1,coded,0,,1
demand,subjunctive_comp,1,coded,0,,1
demand,comp_for_to,0,coded,0,,1
demand,comp_bare_inf,0,coded,0,,1
demand,comp_exclamative,0,coded,0,,1
demand,comp_poss_ing,0,coded,0,,1
demand,extraposition,0,coded,0,,1
demand,raising,0,coded,0,,1
demand,ditransitive,0,coded,0,,1
demand,factive_passive,0,coded,0,,1
demand,neg_raising,0,coded,0,,1
demand,weak_island,0,coded,0,,1
demand,pro_complement,0,coded,0,,1
demand,npi_licenser,0,coded,0,,1
demand,stative,1,coded,0,,1
demand,content_noun_fact,0,coded,0,,1
demand,derived_nominal,1,coded,0,,1
demand,phrasal,0,lexical,0,,
demand,be_copula,0,lexical,0,,
permit,that_omission,0,coded,0,,1
permit,comp_inf,1,coded,0,,1
permit,ecm,0,coded,0,,1
permit,comp_interrog,0,coded,0,,1
permit,comp_gerund,0,coded,0,,1
permit,comp_small_clause,0,coded,0,,1
permit,np_comp_alt,0,coded,0,,1
permit,direct_speech,0,coded,0,,1
permit,subjunctive_comp,1,coded,0,,1
permit,comp_for_to,0,coded,0,,1
permit,comp_bare_inf,0,coded,0,,1
permit,comp_exclamative,0,coded,0,,1
permit,comp_poss_ing,0,coded,0,,1
permit,extraposition,0,coded,0,,1
permit,raising,0,coded,0,,1
permit,ditransitive,0,coded,0,,1
permit,factive_passive,0,coded,0,,1
permit,neg_raising,0,coded,0,,1
permit,weak_island,0,coded,0,,1
permit,pro_complement,0,coded,0,,1
permit,npi_licenser,0,coded,0,,1
permit,stative,1,coded,0,,1
permit,content_noun_fact,0,coded,0,,1
permit,derived_nominal,0,coded,0,,1
permit,phrasal,0,lexical,0,,
permit,be_copula,0,lexical,0,,
allow,that_omission,0,coded,0,,1
allow,comp_inf,1,coded,0,,1
allow,ecm,0,coded,0,,1
allow,comp_interrog,0,coded,0,,1
allow,comp_gerund,0,coded,0,,1
allow,comp_small_clause,0,coded,0,,1
allow,np_comp_alt,0,coded,0,,1
allow,direct_speech,0,coded,0,,1
allow,subjunctive_comp,1,coded,0,,1
allow,comp_for_to,0,coded,0,,1
allow,comp_bare_inf,0,coded,0,,1
allow,comp_exclamative,0,coded,0,,1
allow,comp_poss_ing,0,coded,0,,1
allow,extraposition,0,coded,0,,1
allow,raising,0,coded,0,,1
allow,ditransitive,0,coded,0,,1
allow,factive_passive,0,coded,0,,1
allow,neg_raising,0,coded,0,,1
allow,weak_island,0,coded,0,,1
allow,pro_complement,0,coded,0,,1
allow,npi_licenser,0,coded,0,,1
allow,stative,1,coded,0,,1
allow,content_noun_fact,0,coded,0,,1
allow,derived_nominal,0,coded,0,,1
allow,phrasal,0,lexical,0,,
allow,be_copula,0,lexical,0,,
force,that_omission,0,coded,0,,1
force,comp_inf,1,coded,0,,1
force,ecm,0,coded,0,,1
force,comp_interrog,0,coded,0,,1
force,comp_gerund,0,coded,0,,1
force,comp_small_clause,0,coded,0,,1
force,np_comp_alt,0,coded,0,,1
force,direct_speech,0,coded,0,,1
force,subjunctive_comp,1,coded,0,,1
force,comp_for_to,0,coded,0,,1
force,comp_bare_inf,0,coded,0,,1
force,comp_exclamative,0,coded,0,,1
force,comp_poss_ing,0,coded,0,,1
force,extraposition,0,coded,0,,1
force,raising,0,coded,0,,1
force,ditransitive,0,coded,0,,1
force,factive_passive,0,coded,0,,1
force,neg_raising,0,coded,0,,1
force,weak_island,0,coded,0,,1
force,pro_complement,0,coded,0,,1
force,npi_licenser,0,coded,0,,1
force,stative,1,coded,0,,1
force,content_noun_fact,0,coded,0,,1
force,derived_nominal,0,coded,0,,1
force,phrasal,0,lexical,0,,
force,be_copula,0,lexical,0,,
accept,that_omission,1,coded,0,,1
accept,comp_inf,0,coded,0,,1
accept,ecm,0,coded,0,,1
accept,comp_interrog,0,coded,0,,1
accept,comp_gerund,0,coded,0,,1
accept,comp_small_clause,0,coded,0,,1
accept,np_comp_alt,1,coded,0,,1
accept,direct_speech,0,coded,0,,1
accept,subjunctive_comp,0,coded,0,,1
accept,comp_for_to,0,coded,0,,1
accept,comp_bare_inf,0,coded,0,,1
accept,comp_exclamative,0,coded,0,,1
accept,comp_poss_ing,0,coded,0,,1
accept,extraposition,0,coded,0,,1
accept,raising,0,coded,0,,1
accept,ditransitive,0,coded,0,,1
accept,factive_passive,0,coded,0,,1
accept,neg_raising,0,coded,0,,1
accept,weak_island,1,coded,0,,1
accept,pro_complement,0,coded,0,,1
accept,npi_licenser,0,coded,0,,1
accept,stative,0,coded,0,,1
accept,content_noun_fact,1,coded,0,,1
accept,derived_nominal,1,coded,0,,1
accept,phrasal,0,lexical,0,,
accept,be_copula,0,lexical,0,,
add,that_omission,1,coded,0,,1
add,comp_inf,0,coded,0,,1
add,ecm,0,coded,0,,1
add,comp_interrog,0,coded,0,,1
add,comp_gerund,0,coded,0,,1
add,comp_small_clause,0,coded,0,,1
add,np_comp_alt,0,coded,0,,1
add,direct_speech,1,coded,0,,1
add,subjunctive_comp,0,coded,0,,1
add,comp_for_to,0,coded,0,,1
add,comp_bare_inf,0,coded,0,,1
add,comp_exclamative,0,coded,0,,1
add,comp_poss_ing,0,coded,0,,1
add,extraposition,0,coded,0,,1
add,raising,0,coded,0,,1
add,ditransitive,0,coded,0,,1
add,factive_passive,0,coded,0,,1
add,neg_raising,0,coded,0,,1
add,weak_island,0,coded,0,,1
add,pro_complement,0,coded,0,,1
add,npi_licenser,0,coded,0,,1
add,stative,1,coded,0,,1
add,content_noun_fact,0,coded,0,,1
add,derived_nominal,0,coded,0,,1
add,phrasal,0,lexical,0,,
add,be_copula,0,lexical,0,,
address,that_omission,1,coded,0,,1
address,comp_inf,1,coded,0,,1
address,ecm,0,coded,0,,1
address,comp_interrog,0,coded,0,,1
address,comp_gerund,0,coded,0,,1
address,comp_small_clause,0,coded,0,,1
address,np_comp_alt,0,coded,0,,1
address,direct_speech,0,coded,0,,1
address,subjunctive_comp,0,coded,0,,1
address,comp_for_to,0,coded,0,,1
address,comp_bare_inf,0,coded,0,,1
address,comp_exclamative,0,coded,0,,1
address,comp_poss_ing,0,coded,0,,1
address,extraposition,0,coded,0,,1
address,raising,0,coded,0,,1
address,ditransitive,0,coded,0,,1
address,factive_passive,0,coded,0,,1
address,neg_raising,0,coded,0,,1
address,weak_island,0,coded,0,,1
address,pro_complement,0,coded,0,,1
address,npi_licenser,0,coded,0,,1
address,stative,1,coded,0,,1
address,content_noun_fact,0,coded,0,,1
address,derived_nominal,0,coded,0,,1
address,phrasal,0,lexical,0,,
address,be_copula,0,lexical,0,,
advertise,that_omission,1,coded,0,,1
advertise,comp_inf,1,coded,0,,1
advertise,ecm,0,coded,0,,1
advertise,comp_interrog,0,coded,0,,1
advertise,comp_gerund,0,coded,0,,1
advertise,comp_small_clause,0,coded,0,,1
advertise,np_comp_alt,0,coded,0,,1
advertise,direct_speech,0,coded,0,,1
advertise,subjunctive_comp,0,coded,0,,1
advertise,comp_for_to,0,coded,0,,1
advertise,comp_bare_inf,0,coded,0,,1
advertise,comp_exclamative,0,coded,0,,1
advertise,comp_poss_ing,0,coded,0,,1
advertise,extraposition,0,coded,0,,1
advertise,raising,0,coded,0,,1
advertise,ditransitive,0,coded,0,,1
advertise,factive_passive,0,coded,0,,1
advertise,neg_raising,0,coded,0,,1
advertise,weak_island,0,coded,0,,1
advertise,pro_complement,0,coded,0,,1
advertise,npi_licenser,0,coded,0,,1
advertise,stative,1,coded,0,,1
advertise,content_noun_fact,0,coded,0,,1
advertise,derived_nominal,0,coded,0,,1
advertise,phrasal,0,lexical,0,,
advertise,be_copula,0,lexical,0,,
advise,that_omission,1,coded,0,,1
advise,comp_inf,1,coded,0,,1
advise,ecm,0,coded,0,,1
advise,comp_interrog,0,coded,0,,1
advise,comp_gerund,0,coded,0,,1
advise,comp_small_clause,1,coded,0,,1
advise,np_comp_alt,0,coded,0,,1
advise,direct_speech,1,coded,0,,1
advise,subjunctive_comp,1,coded,0,,1
advise,comp_for_to,0,coded,0,,1
advise,comp_bare_inf,0,coded,0,,1
advise,comp_exclamative,0,coded,0,,1
advise,comp_poss_ing,0,coded,0,,1
advise,extraposition,0,coded,0,,1
advise,raising,0,coded,0,,1
advise,ditransitive,1,coded,0,,1
advise,factive_passive,1,coded,0,,1
advise,neg_raising,0,coded,0,,1
advise,weak_island,0,coded,0,,1
advise,pro_complement,0,coded,0,,1
advise,npi_licenser,0,coded,0,,1
advise,stative,1,coded,0,,1
advise,content_noun_fact,0,coded,0,,1
advise,derived_nominal,0,coded,0,,1
advise,phrasal,0,lexical,0,,
advise,be_copula,0,lexical,0,,
affirm,that_omission,1,coded,0,,1
affirm,comp_inf,1,coded,0,,1
affirm,ecm,0,coded,0,,1
affirm,comp_interrog,0,coded,0,,1
affirm,comp_gerund,0,coded,0,,1
affirm,comp_small_clause,0,coded,0,,1
affirm,np_comp_alt,0,coded,0,,1
affirm,direct_speech,1,coded,0,,1
affirm,subjunctive_comp,0,coded,0,,1
affirm,comp_for_to,0,coded,0,,1
affirm,comp_bare_inf,0,coded,0,,1
affirm,comp_exclamative,0,coded,0,,1
affirm,comp_poss_ing,0,coded,0,,1
affirm,extraposition,0,coded,0,,1
affirm,raising,0,coded,0,,1
affirm,ditransitive,0,coded,0,,1
affirm,factive_passive,0,coded,0,,1
affirm,neg_raising,0,coded,0,,1
affirm,weak_island,0,coded,0,,1
affirm,pro_complement,0,coded,0,,1
affirm,npi_licenser,0,coded,0,,1
affirm,stative,1,coded,0,,1
affirm,content_noun_fact,0,coded,0,,1
affirm,derived_nominal,0,coded,0,,1
affirm,phrasal,0,lexical,0,,
affirm,be_copula,0,lexical,0,,
aggravate,that_omission,1,coded,0,,1
aggravate,comp_inf,0,coded,0,,1
aggravate,ecm,0,coded,0,,1
aggravate,comp_interrog,0,coded,0,,1
aggravate,comp_gerund,0,coded,0,,1
aggravate,comp_small_clause,0,coded,0,,1
aggravate,np_comp_alt,0,coded,0,,1
aggravate,direct_speech,0,coded,0,,1
aggravate,subjunctive_comp,0,coded,0,,1
aggravate,comp_for_to,0,coded,0,,1
aggravate,comp_bare_inf,0,coded,0,,1
aggravate,comp_exclamative,0,coded,0,,1
aggravate,comp_poss_ing,0,coded,0,,1
aggravate,extraposition,1,coded,0,,1
aggravate,raising,0,coded,0,,1
aggravate,ditransitive,0,coded,0,,1
aggravate,factive_passive,1,coded,0,,1
aggravate,neg_raising,0,coded,0,,1
aggravate,weak_island,1,coded,0,,1
aggravate,pro_complement,0,coded,0,,1
aggravate,npi_licenser,0,coded,0,,1
aggravate,stative,1,coded,0,,1
aggravate,content_noun_fact,0,coded,0,,1
aggravate,derived_nominal,0,coded,0,,1
aggravate,phrasal,0,lexical,0,,
aggravate,be_copula,0,lexical,0,,
agitate,that_omission,1,coded,0,,1
agitate,comp_inf,0,coded,0,,1
agitate,ecm,0,coded,0,,1
agitate,comp_interrog,0,coded,0,,1
agitate,comp_gerund,0,coded,0,,1
agitate,comp_small_clause,0,coded,0,,1
agitate,np_comp_alt,0,coded,0,,1
agitate,direct_speech,0,coded,0,,1
agitate,subjunctive_comp,0,coded,0,,1
agitate,comp_for_to,0,coded,0,,1
agitate,comp_bare_inf,0,coded,0,,1
agitate,comp_exclamative,0,coded,0,,1
agitate,comp_poss_ing,0,coded,0,,1
agitate,extraposition,1,coded,0,,1
agitate,raising,0,coded,0,,1
agitate,ditransitive,0,coded,0,,1
agitate,factive_passive,1,coded,0,,1
agitate,neg_raising,0,coded,0,,1
agitate,weak_island,1,coded,0,,1
agitate,pro_complement,0,coded,0,,1
agitate,npi_licenser,0,coded,0,,1
agitate,stative,1,coded,0,,1
agitate,content_noun_fact,0,coded,0,,1
agitate,derived_nominal,0,coded,0,,1
agitate,phrasal,0,lexical,0,,
agitate,be_copula,0,lexical,0,,
agonize,that_omission,1,coded,0,,1
agonize,comp_inf,1,coded,0,,1
agonize,ecm,0,coded,0,,1
agonize,comp_interrog,0,coded,0,,1
agonize,comp_gerund,0,coded,0,,1
agonize,comp_small_clause,0,coded,0,,1
agonize,np_comp_alt,0,coded,0,,1
agonize,direct_speech,0,coded,0,,1
agonize,subjunctive_comp,0,coded,0,,1
agonize,comp_for_to,0,coded,0,,1
agonize,comp_bare_inf,0,coded,0,,1
agonize,comp_exclamative,0,coded,0,,1
agonize,comp_poss_ing,0,coded,0,,1
agonize,extraposition,0,coded,0,,1
agonize,raising,0,coded,0,,1
agonize,ditransitive,0,coded,0,,1
agonize,factive_passive,0,coded,0,,1
agonize,neg_raising,0,coded,0,,1
agonize,weak_island,0,coded,0,,1
agonize,pro_complement,0,coded,0,,1
agonize,npi_licenser,0,coded,0,,1
agonize,stative,1,coded,0,,1
agonize,content_noun_fact,0,coded,0,,1
agonize,derived_nominal,0,coded,0,,1
agonize,phrasal,0,lexical,0,,
agonize,be_copula,0,lexical,0,,
agree,that_omission,1,coded,0,,1
agree,comp_inf,1,coded,0,,1
agree,ecm,0,coded,0,,1
agree,comp_interrog,0,coded,0,,1
agree,comp_gerund,0,coded,0,,1
agree,comp_small_clause,0,coded,0,,1
agree,np_comp_alt,0,coded,0,,1
agree,direct_speech,0,coded,0,,1
agree,subjunctive_comp,0,coded,0,,1
agree,comp_for_to,0,coded,0,,1
agree,comp_bare_inf,0,coded,0,,1
agree,comp_exclamative,0,coded,0,,1
agree,comp_poss_ing,0,coded,0,,1
agree,extraposition,0,coded,0,,1
agree,raising,0,coded,0,,1
agree,ditransitive,0,coded,0,,1
agree,factive_passive,0,coded,0,,1
agree,neg_raising,0,coded,0,,1
agree,weak_island,0,coded,0,,1
agree,pro_complement,0,coded,0,,1
agree,npi_licenser,0,coded,0,,1
agree,stative,1,coded,0,,1
agree,content_noun_fact,0,coded,0,,1
agree,derived_nominal,1,coded,0,,1
agree,phrasal,0,lexical,0,,
agree,be_copula,0,lexical,0,,
alarm,that_omission,1,coded,0,,1
alarm,comp_inf,1,coded,0,,1
alarm,ecm,0,coded,0,,1
alarm,comp_interrog,0,coded,0,,1
alarm,comp_gerund,0,coded,0,,1
alarm,comp_small_clause,0,coded,0,,1
alarm,np_comp_alt,0,coded,0,,1
alarm,direct_speech,0,coded,0,,1
alarm,subjunctive_comp,0,coded,0,,1
alarm,comp_for_to,0,coded,0,,1
alarm,comp_bare_inf,0,coded,0,,1
alarm,comp_exclamative,0,coded,0,,1
alarm,comp_poss_ing,0,coded,0,,1
alarm,extraposition,1,coded,0,,1
alarm,raising,0,coded,0,,1
alarm,ditransitive,0,coded,0,,1
alarm,factive_passive,1,coded,0,,1
alarm,neg_raising,0,coded,0,,1
alarm,weak_island,1,coded,0,,1
alarm,pro_complement,0,coded,0,,1
alarm,npi_licenser,0,coded,0,,1
alarm,stative,1,coded,0,,1
alarm,content_noun_fact,0,coded,0,,1
alarm,derived_nominal,0,coded,0,,1
alarm,phrasal,0,lexical,0,,
alarm,be_copula,0,lexical,0,,
alert,that_omission,1,coded,0,,1
alert,comp_inf,1,coded,0,,1
alert,ecm,0,coded,0,,1
alert,comp_interrog,0,coded,0,,1
alert,comp_gerund,0,coded,0,,1
alert,comp_small_clause,1,coded,0,,1
alert,np_comp_alt,0,coded,0,,1
alert,direct_speech,0,coded,0,,1
alert,subjunctive_comp,0,coded,0,,1
alert,comp_for_to,0,coded,0,,1
alert,comp_bare_inf,0,coded,0,,1
alert,comp_exclamative,0,coded,0,,1
alert,comp_poss_ing,0,coded,0,,1
alert,extraposition,0,coded,0,,1
alert,raising,0,coded,0,,1
alert,ditransitive,1,coded,0,,1
alert,factive_passive,1,coded,0,,1
alert,neg_raising,0,coded,0,,1
alert,weak_island,0,coded,0,,1
alert,pro_complement,0,coded,0,,1
alert,npi_licenser,0,coded,0,,1
alert,stative,1,coded,0,,1
alert,content_noun_fact,0,coded,0,,1
alert,derived_nominal,0,coded,0,,1
alert,phrasal,0,lexical,0,,
alert,be_copula,0,lexical,0,,
allege,that_omission,1,coded,0,,1
allege,comp_inf,1,coded,0,,1
allege,ecm,0,coded,0,,1
allege,comp_interrog,0,coded,0,,1
allege,comp_gerund,0,coded,0,,1
allege,comp_small_clause,0,coded,0,,1
allege,np_comp_alt,1,coded,0,,1
allege,direct_speech,1,coded,0,,1
allege,subjunctive_comp,0,coded,0,,1
allege,comp_for_to,0,coded,0,,1
allege,comp_bare_inf,0,coded,0,,1
allege,comp_exclamative,0,coded,0,,1
allege,comp_poss_ing,0,coded,0,,1
allege,extraposition,0,coded,0,,1
allege,raising,0,coded,0,,1
allege,ditransitive,0,coded,0,,1
allege,factive_passive,0,coded,0,,1
allege,neg_raising,0,coded,0,,1
allege,weak_island,0,coded,0,,1
allege,pro_complement,0,coded,0,,1
allege,npi_licenser,0,coded,0,,1
allege,stative,1,coded,0,,1
allege,content_noun_fact,0,coded,0,,1
allege,derived_nominal,0,coded,0,,1
allege,phrasal,0,lexical,0,,
allege,be_copula,0,lexical,0,,
amaze,that_omission,1,coded,0,,1
amaze,comp_inf,1,coded,0,,1
amaze,ecm,0,coded,0,,1
amaze,comp_interrog,0,coded,0,,1
amaze,comp_gerund,0,coded,0,,1
amaze,comp_small_clause,0,coded,0,,1
amaze,np_comp_alt,0,coded,0,,1
amaze,direct_speech,0,coded,0,,1
amaze,subjunctive_comp,0,coded,0,,1
amaze,comp_for_to,0,coded,0,,1
amaze,comp_bare_inf,0,coded,0,,1
amaze,comp_exclamative,0,coded,0,,1
amaze,comp_poss_ing,0,coded,0,,1
amaze,extraposition,1,coded,0,,1
amaze,raising,0,coded,0,,1
amaze,ditransitive,0,coded,0,,1
amaze,factive_passive,1,coded,0,,1
amaze,neg_raising,0,coded,0,,1
amaze,weak_island,1,coded,0,,1
amaze,pro_complement,0,coded,0,,1
amaze,npi_licenser,0,coded,0,,1
amaze,stative,1,coded,0,,1
amaze,content_noun_fact,0,coded,0,,1
amaze,derived_nominal,0,coded,0,,1
amaze,phrasal,0,lexical,0,,
amaze,be_copula,0,lexical,0,,
amuse,that_omission,1,coded,0,,1
amuse,comp_inf,1,coded,0,,1
amuse,ecm,0,coded,0,,1
amuse,comp_interrog,0,coded,0,,1
amuse,comp_gerund,0,coded,0,,1
amuse,comp_small_clause,0,coded,0,,1
amuse,np_comp_alt,0,coded,0,,1
amuse,direct_speech,0,coded,0,,1
amuse,subjunctive_comp,0,coded,0,,1
amuse,comp_for_to,0,coded,0,,1
amuse,comp_bare_inf,0,coded,0,,1
amuse,comp_exclamative,0,coded,0,,1
amuse,comp_poss_ing,0,coded,0,,1
amuse,extraposition,1,coded,0,,1
amuse,raising,0,coded,0,,1
amuse,ditransitive,0,coded,0,,1
amuse,factive_passive,1,coded,0,,1
amuse,neg_raising,0,coded,0,,1
amuse,weak_island,1,coded,0,,1
amuse,pro_complement,0,coded,0,,1
amuse,npi_licenser,0,coded,0,,1
amuse,stative,1,coded,0,,1
amuse,content_noun_fact,0,coded,0,,1
amuse,derived_nominal,0,coded,0,,1
amuse,phrasal,0,lexical,0,,
amuse,be_copula,0,lexical,0,,
anger,that_omission,1,coded,0,,1
anger,comp_inf,1,coded,0,,1
anger,ecm,0,coded,0,,1
anger,comp_interrog,0,coded,0,,1
anger,comp_gerund,0,coded,0,,1
anger,comp_small_clause,0,coded,0,,1
anger,np_comp_alt,0,coded,0,,1
anger,direct_speech,0,coded,0,,1
anger,subjunctive_comp,0,coded,0,,1
anger,comp_for_to,0,coded,0,,1
anger,comp_bare_inf,0,coded,0,,1
anger,comp_exclamative,0,coded,0,,1
anger,comp_poss_ing,0,coded,0,,1
anger,extraposition,1,coded,0,,1
anger,raising,0,coded,0,,1
anger,ditransitive,0,coded,0,,1
anger,factive_passive,1,coded,0,,1
anger,neg_raising,0,coded,0,,1
anger,weak_island,1,coded,0,,1
anger,pro_complement,0,coded,0,,1
anger,npi_licenser,0,coded,0,,1
anger,stative,1,coded,0,,1
anger,content_noun_fact,0,coded,0,,1
anger,derived_nominal,0,coded,0,,1
anger,phrasal,0,lexical,0,,
anger,be_copula,0,lexical,0,,
anguish,that_omission,1,coded,0,,1
anguish,comp_inf,1,coded,0,,1
anguish,ecm,0,coded,0,,1
anguish,comp_interrog,0,coded,0,,1
anguish,comp_gerund,0,coded,0,,1
anguish,comp_small_clause,0,coded,0,,1
anguish,np_comp_alt,0,coded,0,,1
anguish,direct_speech,0,coded,0,,1
anguish,subjunctive_comp,0,coded,0,,1
anguish,comp_for_to,0,coded,0,,1
anguish,comp_bare_inf,0,coded,0,,1
anguish,comp_exclamative,0,coded,0,,1
anguish,comp_poss_ing,0,coded,0,,1
anguish,extraposition,1,coded,0,,1
anguish,raising,0,coded,0,,1
anguish,ditransitive,0,coded,0,,1
anguish,factive_passive,1,coded,0,,1
anguish,neg_raising,0,coded,0,,1
anguish,weak_island,1,coded,0,,1
anguish,pro_complement,0,coded,0,,1
anguish,npi_licenser,0,coded,0,,1
anguish,stative,1,coded,0,,1
anguish,content_noun_fact,0,coded,0,,1
anguish,derived_nominal,0,coded,0,,1
anguish,phrasal,0,lexical,0,,
anguish,be_copula,0,lexical,0,,
annoy,that_omission,1,coded,0,,1
annoy,comp_inf,1,coded,0,,1
annoy,ecm,0,coded,0,,1
annoy,comp_interrog,0,coded,0,,1
annoy,comp_gerund,0,coded,0,,1
annoy,comp_small_clause,1,coded,0,,1
annoy,np_comp_alt,0,coded,0,,1
annoy,direct_speech,0,coded,0,,1
annoy,subjunctive_comp,0,coded,0,,1
annoy,comp_for_to,0,coded,0,,1
annoy,comp_bare_inf,0,coded,0,,1
annoy,comp_exclamative,0,coded,0,,1
annoy,comp_poss_ing,0,coded,0,,1
annoy,extraposition,1,coded,0,,1
annoy,raising,0,coded,0,,1
annoy,ditransitive,0,coded,0,,1
annoy,factive_passive,1,coded,0,,1
annoy,neg_raising,0,coded,0,,1
annoy,weak_island,1,coded,0,,1
annoy,pro_complement,0,coded,0,,1
annoy,npi_licenser,0,coded,0,,1
annoy,stative,1,coded,0,,1
annoy,content_noun_fact,0,coded,0,,1
annoy,derived_nominal,0,coded,0,,1
annoy,phrasal,0,lexical,0,,
annoy,be_copula,0,lexical,0,,
answer,that_omission,1,coded,0,,1
answer,comp_inf,0,coded,0,,1
answer,ecm,0,coded,0,,1
answer,comp_interrog,0,coded,0,,1
answer,comp_gerund,0,coded,0,,1
answer,comp_small_clause,0,coded,0,,1
answer,np_comp_alt,0,coded,0,,1
answer,direct_speech,1,coded,0,,1
answer,subjunctive_comp,0,coded,0,,1
answer,comp_for_to,0,coded,0,,1
answer,comp_bare_inf,0,coded,0,,1
answer,comp_exclamative,0,coded,0,,1
answer,comp_poss_ing,0,coded,0,,1
answer,extraposition,0,coded,0,,1
answer,raising,0,coded,0,,1
answer,ditransitive,0,coded,0,,1
answer,factive_passive,0,coded,0,,1
answer,neg_raising,0,coded,0,,1
answer,weak_island,0,coded,0,,1
answer,pro_complement,0,coded,0,,1
answer,npi_licenser,0,coded,0,,1
answer,stative,1,coded,0,,1
answer,content_noun_fact,0,coded,0,,1
answer,derived_nominal,0,coded,0,,1
answer,phrasal,0,lexical,0,,
answer,be_copula,0,lexical,0,,
anticipate,that_omission,1,coded,0,,1
anticipate,comp_inf,1,coded,0,,1
anticipate,ecm,0,coded,0,,1
anticipate,comp_interrog,0,coded,0,,1
anticipate,comp_gerund,0,coded,0,,1
anticipate,comp_small_clause,0,coded,0,,1
anticipate,np_comp_alt,0,coded,0,,1
anticipate,direct_speech,0,coded,0,,1
anticipate,subjunctive_comp,0,coded,0,,1
anticipate,comp_for_to,1,coded,0,,1
anticipate,comp_bare_inf,0,coded,0,,1
anticipate,comp_exclamative,0,coded,0,,1
anticipate,comp_poss_ing,0,coded,0,,1
anticipate,extraposition,0,coded,0,,1
anticipate,raising,0,coded,0,,1
anticipate,ditransitive,0,coded,0,,1
anticipate,factive_passive,0,coded,0,,1
anticipate,neg_raising,0,coded,0,,1
anticipate,weak_island,0,coded,0,,1
anticipate,pro_complement,0,coded,0,,1
anticipate,npi_licenser,0,coded,0,,1
anticipate,stative,1,coded,0,,1
anticipate,content_noun_fact,0,coded,0,,1
anticipate,derived_nominal,1,coded,0,,1
anticipate,phrasal,0,lexical,0,,
anticipate,be_copula,0,lexical,0,,
apologize,that_omission,1,coded,0,,1
apologize,comp_inf,0,coded,0,,1
apologize,ecm,0,coded,0,,1
apologize,comp_interrog,0,coded,0,,1
apologize,comp_gerund,0,coded,0,,1
apologize,comp_small_clause,0,coded,0,,1
apologize,np_comp_alt,0,coded,0,,1
apologize,direct_speech,0,coded,0,,1
apologize,subjunctive_comp,0,coded,0,,1
apologize,comp_for_to,0,coded,0,,1
apologize,comp_bare_inf,0,coded,0,,1
apologize,comp_exclamative,0,coded,0,,1
apologize,comp_poss_ing,0,coded,0,,1
apologize,extraposition,0,coded,0,,1
apologize,raising,0,coded,0,,1
apologize,ditransitive,0,coded,0,,1
apologize,factive_passive,0,coded,0,,1
apologize,neg_raising,0,coded,0,,1
apologize,weak_island,1,coded,0,,1
apologize,pro_complement,0,coded,0,,1
apologize,npi_licenser,0,coded,0,,1
apologize,stative,1,coded,0,,1
apologize,content_noun_fact,1,coded,0,,1
apologize,derived_nominal,0,coded,0,,1
apologize,phrasal,0,lexical,0,,
apologize,be_copula,0,lexical,0,,
appall,that_omission,1,coded,0,,1
appall,comp_inf,1,coded,0,,1
appall,ecm,0,coded,0,,1
appall,comp_interrog,0,coded,0,,1
appall,comp_gerund,0,coded,0,,1
appall,comp_small_clause,0,coded,0,,1
appall,np_comp_alt,0,coded,0,,1
appall,direct_speech,0,coded,0,,1
appall,subjunctive_comp,0,coded,0,,1
appall,comp_for_to,0,coded,0,,1
appall,comp_bare_inf,0,coded,0,,1
appall,comp_exclamative,0,coded,0,,1
appall,comp_poss_ing,0,coded,0,,1
appall,extraposition,1,coded,0,,1
appall,raising,0,coded,0,,1
appall,ditransitive,0,coded,0,,1
appall,factive_passive,1,coded,0,,1
appall,neg_raising,0,coded,0,,1
appall,weak_island,1,coded,0,,1
appall,pro_complement,0,coded,0,,1
appall,npi_licenser,0,coded,0,,1
appall,stative,1,coded,0,,1
appall,content_noun_fact,0,coded,0,,1
appall,derived_nominal,0,coded,0,,1
appall,phrasal,0,lexical,0,,
appall,be_copula,0,lexical,0,,
appreciate,that_omission,1,coded,0,,1
appreciate,comp_inf,0,coded,0,,1
appreciate,ecm,0,coded,0,,1
appreciate,comp_interrog,1,coded,0,,1
appreciate,comp_gerund,0,coded,0,,1
appreciate,comp_small_clause,0,coded,0,,1
appreciate,np_comp_alt,0,coded,0,,1
appreciate,direct_speech,0,coded,0,,1
appreciate,subjunctive_comp,0,coded,0,,1
appreciate,comp_for_to,0,coded,0,,1
appreciate,comp_bare_inf,0,coded,0,,1
appreciate,comp_exclamative,1,coded,0,,1
appreciate,comp_poss_ing,0,coded,0,,1
appreciate,extraposition,0,coded,0,,1
appreciate,raising,0,coded,0,,1
appreciate,ditransitive,0,coded,0,,1
appreciate,factive_passive,0,coded,0,,1
appreciate,neg_raising,0,coded,0,,1
appreciate,weak_island,1,coded,0,,1
appreciate,pro_complement,0,coded,0,,1
appreciate,npi_licenser,0,coded,0,,1
appreciate,stative,1,coded,0,,1
appreciate,content_noun_fact,1,coded,0,,1
appreciate,derived_nominal,1,coded,0,,1
appreciate,phrasal,0,lexical,0,,
appreciate,be_copula,0,lexical,0,,
approve,that_omission,1,coded,0,,1
approve,comp_inf,1,coded,0,,1
approve,ecm,0,coded,0,,1
approve,comp_interrog,0,coded,0,,1
approve,comp_gerund,0,coded,0,,1
approve,comp_small_clause,1,coded,0,,1
approve,np_comp_alt,0,coded,0,,1
approve,direct_speech,0,coded,0,,1
approve,subjunctive_comp,0,coded,0,,1
approve,comp_for_to,0,coded,0,,1
approve,comp_bare_inf,0,coded,0,,1
approve,comp_exclamative,0,coded,0,,1
approve,comp_poss_ing,0,coded,0,,1
approve,extraposition,0,coded,0,,1
approve,raising,0,coded,0,,1
approve,ditransitive,0,coded,0,,1
approve,factive_passive,0,coded,0,,1
approve,neg_raising,0,coded,0,,1
approve,weak_island,1,coded,0,,1
approve,pro_complement,0,coded,0,,1
approve,npi_licenser,0,coded,0,,1
approve,stative,1,coded,0,,1
approve,content_noun_fact,1,coded,0,,1
approve,derived_nominal,0,coded,0,,1
approve,phrasal,0,lexical,0,,
approve,be_copula,0,lexical,0,,
arouse,that_omission,1,coded,0,,1
arouse,comp_inf,1,coded,0,,1
arouse,ecm,0,coded,0,,1
arouse,comp_interrog,0,coded,0,,1
arouse,comp_gerund,0,coded,0,,1
arouse,comp_small_clause,0,coded,0,,1
arouse,np_comp_alt,0,coded,0,,1
arouse,direct_speech,0,coded,0,,1
arouse,subjunctive_comp,0,coded,0,,1
arouse,comp_for_to,0,coded,0,,1
arouse,comp_bare_inf,0,coded,0,,1
arouse,comp_exclamative,0,coded,0,,1
arouse,comp_poss_ing,0,coded,0,,1
arouse,extraposition,1,coded,0,,1
arouse,raising,0,coded,0,,1
arouse,ditransitive,0,coded,0,,1
arouse,factive_passive,1,coded,0,,1
arouse,neg_raising,0,coded,0,,1
arouse,weak_island,1,coded,0,,1
arouse,pro_complement,0,coded,0,,1
arouse,npi_licenser,0,coded,0,,1
arouse,stative,1,coded,0,,1
arouse,content_noun_fact,0,coded,0,,1
arouse,derived_nominal,0,coded,0,,1
arouse,phrasal,0,lexical,0,,
arouse,be_copula,0,lexical,0,,
articulate,that_omission,1,coded,0,,1
articulate,comp_inf,0,coded,0,,1
articulate,ecm,0,coded,0,,1
articulate,comp_interrog,0,coded,0,,1
articulate,comp_gerund,0,coded,0,,1
articulate,comp_small_clause,0,coded,0,,1
articulate,np_comp_alt,0,coded,0,,1
articulate,direct_speech,0,coded,0,,1
articulate,subjunctive_comp,0,coded,0,,1
articulate,comp_for_to,0,coded,0,,1
articulate,comp_bare_inf,0,coded,0,,1
articulate,comp_exclamative,0,coded,0,,1
articulate,comp_poss_ing,0,coded,0,,1
articulate,extraposition,0,coded,0,,1
articulate,raising,0,coded,0,,1
articulate,ditransitive,0,coded,0,,1
articulate,factive_passive,0,coded,0,,1
articulate,neg_raising,0,coded,0,,1
articulate,weak_island,0,coded,0,,1
articulate,pro_complement,0,coded,0,,1
articulate,npi_licenser,0,coded,0,,1
articulate,stative,1,coded,0,,1
articulate,content_noun_fact,0,coded,0,,1
articulate,derived_nominal,0,coded,0,,1
articulate,phrasal,0,lexical,0,,
articulate,be_copula,0,lexical,0,,
ascertain,that_omission,1,coded,0,,1
ascertain,comp_inf,1,coded,0,,1
ascertain,ecm,0,coded,0,,1
ascertain,comp_interrog,1,coded,0,,1
ascertain,comp_gerund,0,coded,0,,1
ascertain,comp_small_clause,0,coded,0,,1
ascertain,np_comp_alt,1,coded,0,,1
ascertain,direct_speech,0,coded,0,,1
ascertain,subjunctive_comp,0,coded,0,,1
ascertain,comp_for_to,0,coded,0,,1
ascertain,comp_bare_inf,0,coded,0,,1
ascertain,comp_exclamative,0,coded,0,,1
ascertain,comp_poss_ing,0,coded,0,,1
ascertain,extraposition,0,coded,0,,1
ascertain,raising,0,coded,0,,1
ascertain,ditransitive,0,coded,0,,1
ascertain,factive_passive,0,coded,0,,1
ascertain,neg_raising,0,coded,0,,1
ascertain,weak_island,1,coded,0,,1
ascertain,pro_complement,0,coded,0,,1
ascertain,npi_licenser,0,coded,0,,1
ascertain,stative,0,coded,0,,1
ascertain,content_noun_fact,1,coded,0,,1
ascertain,derived_nominal,0,coded,0,,1
ascertain,phrasal,0,lexical,0,,
ascertain,be_copula,0,lexical,0,,
assess,that_omission,1,coded,0,,1
assess,comp_inf,1,coded,0,,1
assess,ecm,0,coded,0,,1
assess,comp_interrog,0,coded,0,,1
assess,comp_gerund,0,coded,0,,1
assess,comp_small_clause,0,coded,0,,1
assess,np_comp_alt,0,coded,0,,1
assess,direct_speech,0,coded,0,,1
assess,subjunctive_comp,0,coded,0,,1
assess,comp_for_to,0,coded,0,,1
assess,comp_bare_inf,0,coded,0,,1
assess,comp_exclamative,0,coded,0,,1
assess,comp_poss_ing,0,coded,0,,1
assess,extraposition,0,coded,0,,1
assess,raising,0,coded,0,,1
assess,ditransitive,0,coded,0,,1
assess,factive_passive,0,coded,0,,1
assess,neg_raising,0,coded,0,,1
assess,weak_island,0,coded,0,,1
assess,pro_complement,1,coded,0,,1
assess,npi_licenser,0,coded,0,,1
assess,stative,1,coded,0,,1
assess,content_noun_fact,0,coded,0,,1
assess,derived_nominal,0,coded,0,,1
assess,phrasal,0,lexical,0,,
assess,be_copula,0,lexical,0,,
assure,that_omission,1,coded,0,,1
assure,comp_inf,1,coded,0,,1
assure,ecm,0,coded,0,,1
assure,comp_interrog,0,coded,0,,1
assure,comp_gerund,0,coded,0,,1
assure,comp_small_clause,0,coded,0,,1
assure,np_comp_alt,0,coded,0,,1
assure,direct_speech,0,coded,0,,1
assure,subjunctive_comp,0,coded,0,,1
assure,comp_for_to,0,coded,0,,1
assure,comp_bare_inf,0,coded,0,,1
assure,comp_exclamative,0,coded,0,,1
assure,comp_poss_ing,0,coded,0,,1
assure,extraposition,0,coded,0,,1
assure,raising,0,coded,0,,1
assure,ditransitive,1,coded,0,,1
assure,factive_passive,1,coded,0,,1
assure,neg_raising,0,coded,0,,1
assure,weak_island,0,coded,0,,1
assure,pro_complement,0,coded,0,,1
assure,npi_licenser,0,coded,0,,1
assure,stative,1,coded,0,,1
assure,content_noun_fact,0,coded,0,,1
assure,derived_nominal,0,coded,0,,1
assure,phrasal,0,lexical,0,,
assure,be_copula,0,lexical,0,,
astonish,that_omission,1,coded,0,,1
astonish,comp_inf,1,coded,0,,1
astonish,ecm,0,coded,0,,1
astonish,comp_interrog,0,coded,0,,1
astonish,comp_gerund,0,coded,0,,1
astonish,comp_small_clause,0,coded,0,,1
astonish,np_comp_alt,0,coded,0,,1
astonish,direct_speech,0,coded,0,,1
astonish,subjunctive_comp,0,coded,0,,1
astonish,comp_for_to,0,coded,0,,1
astonish,comp_bare_inf,0,coded,0,,1
astonish,comp_exclamative,0,coded,0,,1
astonish,comp_poss_ing,0,coded,0,,1
astonish,extraposition,1,coded,0,,1
astonish,raising,0,coded,0,,1
astonish,ditransitive,0,coded,0,,1
astonish,factive_passive,1,coded,0,,1
astonish,neg_raising,0,coded,0,,1
astonish,weak_island,1,coded,0,,1
astonish,pro_complement,0,coded,0,,1
astonish,npi_licenser,0,coded,0,,1
astonish,stative,1,coded,0,,1
astonish,content_noun_fact,0,coded,0,,1
astonish,derived_nominal,0,coded,0,,1
astonish,phrasal,0,lexical,0,,
astonish,be_copula,0,lexical,0,,
astound,that_omission,1,coded,0,,1
astound,comp_inf,1,coded,0,,1
astound,ecm,0,coded,0,,1
astound,comp_interrog,0,coded,0,,1
astound,comp_gerund,0,coded,0,,1
astound,comp_small_clause,0,coded,0,,1
astound,np_comp_alt,0,coded,0,,1
astound,direct_speech,0,coded,0,,1
astound,subjunctive_comp,0,coded,0,,1
astound,comp_for_to,0,coded,0,,1
astound,comp_bare_inf,0,coded,0,,1
astound,comp_exclamative,0,coded,0,,1
astound,comp_poss_ing,0,coded,0,,1
astound,extraposition,1,coded,0,,1
astound,raising,0,coded,0,,1
astound,ditransitive,0,coded,0,,1
astound,factive_passive,1,coded,0,,1
astound,neg_raising,0,coded,0,,1
astound,weak_island,1,coded,0,,1
astound,pro_complement,0,coded,0,,1
astound,npi_licenser,0,coded,0,,1
astound,stative,1,coded,0,,1
astound,content_noun_fact,0,coded,0,,1
astound,derived_nominal,0,coded,0,,1
astound,phrasal,0,lexical,0,,
astound,be_copula,0,lexical,0,,
attest,that_omission,1,coded,0,,1
attest,comp_inf,0,coded,0,,1
attest,ecm,0,coded,0,,1
attest,comp_interrog,0,coded,0,,1
attest,comp_gerund,0,coded,0,,1
attest,comp_small_clause,0,coded,0,,1
attest,np_comp_alt,1,coded,0,,1
attest,direct_speech,1,coded,0,,1
attest,subjunctive_comp,0,coded,0,,1
attest,comp_for_to,0,coded,0,,1
attest,comp_bare_inf,0,coded,0,,1
attest,comp_exclamative,0,coded,0,,1
attest,comp_poss_ing,0,coded,0,,1
attest,extraposition,0,coded,0,,1
attest,raising,0,coded,0,,1
attest,ditransitive,0,coded,0,,1
attest,factive_passive,0,coded,0,,1
attest,neg_raising,0,coded,0,,1
attest,weak_island,0,coded,0,,1
attest,pro_complement,0,coded,0,,1
attest,npi_licenser,0,coded,0,,1
attest,stative,1,coded,0,,1
attest,content_noun_fact,0,coded,0,,1
attest,derived_nominal,0,coded,0,,1
attest,phrasal,0,lexical,0,,
attest,be_copula,0,lexical,0,,
authorize,that_omission,1,coded,0,,1
authorize,comp_inf,1,coded,0,,1
authorize,ecm,0,coded,0,,1
authorize,comp_interrog,0,coded,0,,1
authorize,comp_gerund,0,coded,0,,1
authorize,comp_small_clause,1,coded,0,,1
authorize,np_comp_alt,0,coded,0,,1
authorize,direct_speech,0,coded,0,,1
authorize,subjunctive_comp,0,coded,0,,1
authorize,comp_for_to,0,coded,0,,1
authorize,comp_bare_inf,0,coded,0,,1
authorize,comp_exclamative,0,coded,0,,1
authorize,comp_poss_ing,0,coded,0,,1
authorize,extraposition,0,coded,0,,1
authorize,raising,0,coded,0,,1
authorize,ditransitive,0,coded,0,,1
authorize,factive_passive,0,coded,0,,1
authorize,neg_raising,0,coded,0,,1
authorize,weak_island,0,coded,0,,1
authorize,pro_complement,0,coded,0,,1
authorize,npi_licenser,0,coded,0,,1
authorize,stative,1,coded,0,,1
authorize,content_noun_fact,0,coded,0,,1
authorize,derived_nominal,0,coded,0,,1
authorize,phrasal,0,lexical,0,,
authorize,be_copula,0,lexical,0,,
babble,that_omission,1,coded,0,,1
babble,comp_inf,0,coded,0,,1
babble,ecm,0,coded,0,,1
babble,comp_interrog,0,coded,0,,1
babble,comp_gerund,0,coded,0,,1
babble,comp_small_clause,0,coded,0,,1
babble,np_comp_alt,0,coded,0,,1
babble,direct_speech,1,coded,0,,1
babble,subjunctive_comp,0,coded,0,,1
babble,comp_for_to,0,coded,0,,1
babble,comp_bare_inf,0,coded,0,,1
babble,comp_exclamative,0,coded,0,,1
babble,comp_poss_ing,0,coded,0,,1
babble,extraposition,0,coded,0,,1
babble,raising,0,coded,0,,1
babble,ditransitive,0,coded,0,,1
babble,factive_passive,0,coded,0,,1
babble,neg_raising,0,coded,0,,1
babble,weak_island,0,coded,0,,1
babble,pro_complement,0,coded,0,,1
babble,npi_licenser,0,coded,0,,1
babble,stative,1,coded,0,,1
babble,content_noun_fact,0,coded,0,,1
babble,derived_nominal,0,coded,0,,1
babble,phrasal,0,lexical,0,,
babble,be_copula,0,lexical,0,,
baffle,that_omission,1,coded,0,,1
baffle,comp_inf,1,coded,0,,1
baffle,ecm,0,coded,0,,1
baffle,comp_interrog,0,coded,0,,1
baffle,comp_gerund,0,coded,0,,1
baffle,comp_small_clause,0,coded,0,,1
baffle,np_comp_alt,0,coded,0,,1
baffle,direct_speech,0,coded,0,,1
baffle,subjunctive_comp,0,coded,0,,1
baffle,comp_for_to,0,coded,0,,1
baffle,comp_bare_inf,0,coded,0,,1
baffle,comp_exclamative,0,coded,0,,1
baffle,comp_poss_ing,0,coded,0,,1
baffle,extraposition,1,coded,0,,1
baffle,raising,0,coded,0,,1
baffle,ditransitive,0,coded,0,,1
baffle,factive_passive,1,coded,0,,1
baffle,neg_raising,0,coded,0,,1
baffle,weak_island,1,coded,0,,1
baffle,pro_complement,0,coded,0,,1
baffle,npi_licenser,0,coded,0,,1
baffle,stative,1,coded,0,,1
baffle,content_noun_fact,0,coded,0,,1
baffle,derived_nominal,0,coded,0,,1
baffle,phrasal,0,lexical,0,,
baffle,be_copula,0,lexical,0,,
bark,that_omission,0,coded,0,,1
bark,comp_inf,0,coded,0,,1
bark,ecm,0,coded,0,,1
bark,comp_interrog,0,coded,0,,1
bark,comp_gerund,0,coded,0,,1
bark,comp_small_clause,0,coded,0,,1
bark,np_comp_alt,0,coded,0,,1
bark,direct_speech,1,coded,0,,1
bark,subjunctive_comp,0,coded,0,,1
bark,comp_for_to,0,coded,0,,1
bark,comp_bare_inf,0,coded,0,,1
bark,comp_exclamative,0,coded,0,,1
bark,comp_poss_ing,0,coded,0,,1
bark,extraposition,0,coded,0,,1
bark,raising,0,coded,0,,1
bark,ditransitive,0,coded,0,,1
bark,factive_passive,0,coded,0,,1
bark,neg_raising,0,coded,0,,1
bark,weak_island,0,coded,0,,1
bark,pro_complement,0,coded,0,,1
bark,npi_licenser,0,coded,0,,1
bark,stative,1,coded,0,,1
bark,content_noun_fact,0,coded,0,,1
bark,derived_nominal,0,coded,0,,1
bark,phrasal,0,lexical,0,,
bark,be_copula,0,lexical,0,,
beam,that_omission,0,coded,0,,1
beam,comp_inf,0,coded,0,,1
beam,ecm,0,coded,0,,1
beam,comp_interrog,0,coded,0,,1
beam,comp_gerund,0,coded,0,,1
beam,comp_small_clause,0,coded,0,,1
beam,np_comp_alt,0,coded,0,,1
beam,direct_speech,0,coded,0,,1
beam,subjunctive_comp,0,coded,0,,1
beam,comp_for_to,0,coded,0,,1
beam,comp_bare_inf,0,coded,0,,1
beam,comp_exclamative,0,coded,0,,1
beam,comp_poss_ing,0,coded,0,,1
beam,extraposition,0,coded,0,,1
beam,raising,0,coded,0,,1
beam,ditransitive,0,coded,0,,1
beam,factive_passive,0,coded,0,,1
beam,neg_raising,0,coded,0,,1
beam,weak_island,0,coded,0,,1
beam,pro_complement,0,coded,0,,1
beam,npi_licenser,0,coded,0,,1
beam,stative,1,coded,0,,1
beam,content_noun_fact,0,coded,0,,1
beam,derived_nominal,0,coded,0,,1
beam,phrasal,0,lexical,0,,
beam,be_copula,0,lexical,0,,
befuddle,that_omission,1,coded,0,,1
befuddle,comp_inf,0,coded,0,,1
befuddle,ecm,0,coded,0,,1
befuddle,comp_interrog,0,coded,0,,1
befuddle,comp_gerund,0,coded,0,,1
befuddle,comp_small_clause,0,coded,0,,1
befuddle,np_comp_alt,0,coded,0,,1
befuddle,direct_speech,0,coded,0,,1
befuddle,subjunctive_comp,0,coded,0,,1
befuddle,comp_for_to,0,coded,0,,1
befuddle,comp_bare_inf,0,coded,0,,1
befuddle,comp_exclamative,0,coded,0,,1
befuddle,comp_poss_ing,0,coded,0,,1
befuddle,extraposition,1,coded,0,,1
befuddle,raising,0,coded,0,,1
befuddle,ditransitive,0,coded,0,,1
befuddle,factive_passive,1,coded,0,,1
befuddle,neg_raising,0,coded,0,,1
befuddle,weak_island,1,coded,0,,1
befuddle,pro_complement,0,coded,0,,1
befuddle,npi_licenser,0,coded,0,,1
befuddle,stative,1,coded,0,,1
befuddle,content_noun_fact,0,coded,0,,1
befuddle,derived_nominal,0,coded,0,,1
befuddle,phrasal,0,lexical,0,,
befuddle,be_copula,0,lexical,0,,
bellow,that_omission,1,coded,0,,1
bellow,comp_inf,1,coded,0,,1
bellow,ecm,0,coded,0,,1
bellow,comp_interrog,0,coded,0,,1
bellow,comp_gerund,0,coded,0,,1
bellow,comp_small_clause,0,coded,0,,1
bellow,np_comp_alt,0,coded,0,,1
bellow,direct_speech,1,coded,0,,1
bellow,subjunctive_comp,0,coded,0,,1
bellow,comp_for_to,0,coded,0,,1
bellow,comp_bare_inf,0,coded,0,,1
bellow,comp_exclamative,0,coded,0,,1
bellow,comp_poss_ing,0,coded,0,,1
bellow,extraposition,0,coded,0,,1
bellow,raising,0,coded,0,,1
bellow,ditransitive,0,coded,0,,1
bellow,factive_passive,0,coded,0,,1
bellow,neg_raising,0,coded,0,,1
bellow,weak_island,0,coded,0,,1
bellow,pro_complement,0,coded,0,,1
bellow,npi_licenser,0,coded,0,,1
bellow,stative,1,coded,0,,1
bellow,content_noun_fact,0,coded,0,,1
bellow,derived_nominal,0,coded,0,,1
bellow,phrasal,0,lexical,0,,
bellow,be_copula,0,lexical,0,,
bet,that_omission,1,coded,0,,1
bet,comp_inf,1,coded,0,,1
bet,ecm,0,coded,0,,1
bet,comp_interrog,0,coded,0,,1
bet,comp_gerund,0,coded,0,,1
bet,comp_small_clause,1,coded,0,,1
bet,np_comp_alt,0,coded,0,,1
bet,direct_speech,0,coded,0,,1
bet,subjunctive_comp,0,coded,0,,1
bet,comp_for_to,0,coded,0,,1
bet,comp_bare_inf,0,coded,0,,1
bet,comp_exclamative,0,coded,0,,1
bet,comp_poss_ing,0,coded,0,,1
bet,extraposition,0,coded,0,,1
bet,raising,0,coded,0,,1
bet,ditransitive,0,coded,0,,1
bet,factive_passive,0,coded,0,,1
bet,neg_raising,0,coded,0,,1
bet,weak_island,0,coded,0,,1
bet,pro_complement,0,coded,0,,1
bet,npi_licenser,0,coded,0,,1
bet,stative,1,coded,0,,1
bet,content_noun_fact,0,coded,0,,1
bet,derived_nominal,0,coded,0,,1
bet,phrasal,0,lexical,0,,
bet,be_copula,0,lexical,0,,
bicker,that_omission,1,coded,0,,1
bicker,comp_inf,1,coded,0,,1
bicker,ecm,0,coded,0,,1
bicker,comp_interrog,0,coded,0,,1
bicker,comp_gerund,0,coded,0,,1
bicker,comp_small_clause,0,coded,0,,1
bicker,np_comp_alt,0,coded,0,,1
bicker,direct_speech,0,coded,0,,1
bicker,subjunctive_comp,0,coded,0,,1
bicker,comp_for_to,0,coded,0,,1
bicker,comp_bare_inf,0,coded,0,,1
bicker,comp_exclamative,0,coded,0,,1
bicker,comp_poss_ing,0,coded,0,,1
bicker,extraposition,0,coded,0,,1
bicker,raising,0,coded,0,,1
bicker,ditransitive,0,coded,0,,1
bicker,factive_passive,0,coded,0,,1
bicker,neg_raising,0,coded,0,,1
bicker,weak_island,0,coded,0,,1
bicker,pro_complement,0,coded,0,,1
bicker,npi_licenser,0,coded,0,,1
bicker,stative,1,coded,0,,1
bicker,content_noun_fact,0,coded,0,,1
bicker,derived_nominal,0,coded,0,,1
bicker,phrasal,0,lexical,0,,
bicker,be_copula,0,lexical,0,,
bitch,that_omission,1,coded,0,,1
bitch,comp_inf,1,coded,0,,1
bitch,ecm,0,coded,0,,1
bitch,comp_interrog,0,coded,0,,1
bitch,comp_gerund,0,coded,0,,1
bitch,comp_small_clause,0,coded,0,,1
bitch,np_comp_alt,0,coded,0,,1
bitch,direct_speech,1,coded,0,,1
bitch,subjunctive_comp,0,coded,0,,1
bitch,comp_for_to,0,coded,0,,1
bitch,comp_bare_inf,0,coded,0,,1
bitch,comp_exclamative,0,coded,0,,1
bitch,comp_poss_ing,0,coded,0,,1
bitch,extraposition,0,coded,0,,1
bitch,raising,0,coded,0,,1
bitch,ditransitive,0,coded,0,,1
bitch,factive_passive,0,coded,0,,1
bitch,neg_raising,0,coded,0,,1
bitch,weak_island,0,coded,0,,1
bitch,pro_complement,0,coded,0,,1
bitch,npi_licenser,0,coded,0,,1
bitch,stative,1,coded,0,,1
bitch,content_noun_fact,0,coded,0,,1
bitch,derived_nominal,0,coded,0,,1
bitch,phrasal,0,lexical,0,,
bitch,be_copula,0,lexical,0,,
blame,that_omission,1,coded,0,,1
blame,comp_inf,0,coded,0,,1
blame,ecm,0,coded,0,,1
blame,comp_interrog,0,coded,0,,1
blame,comp_gerund,0,coded,0,,1
blame,comp_small_clause,0,coded,0,,1
blame,np_comp_alt,0,coded,0,,1
blame,direct_speech,0,coded,0,,1
blame,subjunctive_comp,0,coded,0,,1
blame,comp_for_to,0,coded,0,,1
blame,comp_bare_inf,0,coded,0,,1
blame,comp_exclamative,0,coded,0,,1
blame,comp_poss_ing,0,coded,0,,1
blame,extraposition,0,coded,0,,1
blame,raising,0,coded,0,,1
blame,ditransitive,0,coded,0,,1
blame,factive_passive,0,coded,0,,1
blame,neg_raising,0,coded,0,,1
blame,weak_island,1,coded,0,,1
blame,pro_complement,0,coded,0,,1
blame,npi_licenser,0,coded,0,,1
blame,stative,1,coded,0,,1
blame,content_noun_fact,1,coded,0,,1
blame,derived_nominal,0,coded,0,,1
blame,phrasal,0,lexical,0,,
blame,be_copula,0,lexical,0,,
bless,that_omission,1,coded,0,,1
bless,comp_inf,1,coded,0,,1
bless,ecm,0,coded,0,,1
bless,comp_interrog,0,coded,0,,1
bless,comp_gerund,0,coded,0,,1
bless,comp_small_clause,0,coded,0,,1
bless,np_comp_alt,0,coded,0,,1
bless,direct_speech,0,coded,0,,1
bless,subjunctive_comp,0,coded,0,,1
bless,comp_for_to,0,coded,0,,1
bless,comp_bare_inf,0,coded,0,,1
bless,comp_exclamative,0,coded,0,,1
bless,comp_poss_ing,0,coded,0,,1
bless,extraposition,0,coded,0,,1
bless,raising,0,coded,0,,1
bless,ditransitive,0,coded,0,,1
bless,factive_passive,0,coded,0,,1
bless,neg_raising,0,coded,0,,1
bless,weak_island,1,coded,0,,1
bless,pro_complement,0,coded,0,,1
bless,npi_licenser,0,coded,0,,1
bless,stative,1,coded,0,,1
bless,content_noun_fact,1,coded,0,,1
bless,derived_nominal,0,coded,0,,1
bless,phrasal,0,lexical,0,,
bless,be_copula,0,lexical,0,,
blog,that_omission,1,coded,0,,1
blog,comp_inf,0,coded,0,,1
blog,ecm,0,coded,0,,1
blog,comp_interrog,0,coded,0,,1
blog,comp_gerund,0,coded,0,,1
blog,comp_small_clause,0,coded,0,,1
blog,np_comp_alt,0,coded,0,,1
blog,direct_speech,0,coded,0,,1
blog,subjunctive_comp,0,coded,0,,1
blog,comp_for_to,0,coded,0,,1
blog,comp_bare_inf,0,coded,0,,1
blog,comp_exclamative,0,coded,0,,1
blog,comp_poss_ing,0,coded,0,,1
blog,extraposition,0,coded,0,,1
blog,raising,0,coded,0,,1
blog,ditransitive,0,coded,0,,1
blog,factive_passive,0,coded,0,,1
blog,neg_raising,0,coded,0,,1
blog,weak_island,0,coded,0,,1
blog,pro_complement,0,coded,0,,1
blog,npi_licenser,0,coded,0,,1
blog,stative,1,coded,0,,1
blog,content_noun_fact,0,coded,0,,1
blog,derived_nominal,0,coded,0,,1
blog,phrasal,0,lexical,0,,
blog,be_copula,0,lexical,0,,
boast,that_omission,1,coded,0,,1
boast,comp_inf,0,coded,0,,1
boast,ecm,0,coded,0,,1
boast,comp_interrog,0,coded,0,,1
boast,comp_gerund,0,coded,0,,1
boast,comp_small_clause,0,coded,0,,1
boast,np_comp_alt,0,coded,0,,1
boast,direct_speech,1,coded,0,,1
boast,subjunctive_comp,0,coded,0,,1
boast,comp_for_to,0,coded,0,,1
boast,comp_bare_inf,0,coded,0,,1
boast,comp_exclamative,0,coded,0,,1
boast,comp_poss_ing,0,coded,0,,1
boast,extraposition,0,coded,0,,1
boast,raising,0,coded,0,,1
boast,ditransitive,0,coded,0,,1
boast,factive_passive,0,coded,0,,1
boast,neg_raising,0,coded,0,,1
boast,weak_island,0,coded,0,,1
boast,pro_complement,0,coded,0,,1
boast,npi_licenser,0,coded,0,,1
boast,stative,1,coded,0,,1
boast,content_noun_fact,0,coded,0,,1
boast,derived_nominal,0,coded,0,,1
boast,phrasal,0,lexical,0,,
boast,be_copula,0,lexical,0,,
boggle,that_omission,1,coded,0,,1
boggle,comp_inf,0,coded,0,,1
boggle,ecm,0,coded,0,,1
boggle,comp_interrog,0,coded,0,,1
boggle,comp_gerund,0,coded,0,,1
boggle,comp_small_clause,0,coded,0,,1
boggle,np_comp_alt,0,coded,0,,1
boggle,direct_speech,0,coded,0,,1
boggle,subjunctive_comp,0,coded,0,,1
boggle,comp_for_to,0,coded,0,,1
boggle,comp_bare_inf,0,coded,0,,1
boggle,comp_exclamative,0,coded,0,,1
boggle,comp_poss_ing,0,coded,0,,1
boggle,extraposition,1,coded,0,,1
boggle,raising,0,coded,0,,1
boggle,ditransitive,0,coded,0,,1
boggle,factive_passive,1,coded,0,,1
boggle,neg_raising,0,coded,0,,1
boggle,weak_island,1,coded,0,,1
boggle,pro_complement,0,coded,0,,1
boggle,npi_licenser,0,coded,0,,1
boggle,stative,1,coded,0,,1
boggle,content_noun_fact,0,coded,0,,1
boggle,derived_nominal,0,coded,0,,1
boggle,phrasal,0,lexical,0,,
boggle,be_copula,0,lexical,0,,
bother,that_omission,1,coded,0,,1
bother,comp_inf,1,coded,0,,1
bother,ecm,0,coded,0,,1
bother,comp_interrog,0,coded,0,,1
bother,comp_gerund,0,coded,0,,1
bother,comp_small_clause,1,coded,0,,1
bother,np_comp_alt,0,coded,0,,1
bother,direct_speech,0,coded,0,,1
bother,subjunctive_comp,0,coded,0,,1
bother,comp_for_to,0,coded,0,,1
bother,comp_bare_inf,0,coded,0,,1
bother,comp_exclamative,0,coded,0,,1
bother,comp_poss_ing,0,coded,0,,1
bother,extraposition,0,coded,0,,1
bother,raising,0,coded,0,,1
bother,ditransitive,0,coded,0,,1
bother,factive_passive,0,coded,0,,1
bother,neg_raising,0,coded,0,,1
bother,weak_island,0,coded,0,,1
bother,pro_complement,0,coded,0,,1
bother,npi_licenser,0,coded,0,,1
bother,stative,0,coded,0,,1
bother,content_noun_fact,0,coded,0,,1
bother,derived_nominal,0,coded,0,,1
bother,phrasal,0,lexical,0,,
bother,be_copula,0,lexical,0,,
brag,that_omission,1,coded,0,,1
brag,comp_inf,0,coded,0,,1
brag,ecm,0,coded,0,,1
brag,comp_interrog,0,coded,0,,1
brag,comp_gerund,0,coded,0,,1
brag,comp_small_clause,0,coded,0,,1
brag,np_comp_alt,0,coded,0,,1
brag,direct_speech,1,coded,0,,1
brag,subjunctive_comp,0,coded,0,,1
brag,comp_for_to,0,coded,0,,1
brag,comp_bare_inf,0,coded,0,,1
brag,comp_exclamative,0,coded,0,,1
brag,comp_poss_ing,0,coded,0,,1
brag,extraposition,0,coded,0,,1
brag,raising,0,coded,0,,1
brag,ditransitive,0,coded,0,,1
brag,factive_passive,0,coded,0,,1
brag,neg_raising,0,coded,0,,1
brag,weak_island,0,coded,0,,1
brag,pro_complement,0,coded,0,,1
brag,npi_licenser,0,coded,0,,1
brag,stative,1,coded,0,,1
brag,content_noun_fact,0,coded,0,,1
brag,derived_nominal,0,coded,0,,1
brag,phrasal,0,lexical,0,,
brag,be_copula,0,lexical,0,,
broadcast,that_omission,1,coded,0,,1
broadcast,comp_inf,1,coded,0,,1
broadcast,ecm,0,coded,0,,1
broadcast,comp_interrog,0,coded,0,,1
broadcast,comp_gerund,0,coded,0,,1
broadcast,comp_small_clause,0,coded,0,,1
broadcast,np_comp_alt,0,coded,0,,1
broadcast,direct_speech,0,coded,0,,1
broadcast,subjunctive_comp,0,coded,0,,1
broadcast,comp_for_to,0,coded,0,,1
broadcast,comp_bare_inf,0,coded,0,,1
broadcast,comp_exclamative,0,coded,0,,1
broadcast,comp_poss_ing,0,coded,0,,1
broadcast,extraposition,0,coded,0,,1
broadcast,raising,0,coded,0,,1
broadcast,ditransitive,0,coded,0,,1
broadcast,factive_passive,0,coded,0,,1
broadcast,neg_raising,0,coded,0,,1
broadcast,weak_island,0,coded,0,,1
broadcast,pro_complement,0,coded,0,,1
broadcast,npi_licenser,0,coded,0,,1
broadcast,stative,1,coded,0,,1
broadcast,content_noun_fact,0,coded,0,,1
broadcast,derived_nominal,0,coded,0,,1
broadcast,phrasal,0,lexical,0,,
broadcast,be_copula,0,lexical,0,,
bug,that_omission,1,coded,0,,1
bug,comp_inf,1,coded,0,,1
bug,ecm,0,coded,0,,1
bug,comp_interrog,0,coded,0,,1
bug,comp_gerund,0,coded,0,,1
bug,comp_small_clause,1,coded,0,,1
bug,np_comp_alt,0,coded,0,,1
bug,direct_speech,0,coded,0,,1
bug,subjunctive_comp,0,coded,0,,1
bug,comp_for_to,0,coded,0,,1
bug,comp_bare_inf,0,coded,0,,1
bug,comp_exclamative,0,coded,0,,1
bug,comp_poss_ing,0,coded,0,,1
bug,extraposition,1,coded,0,,1
bug,raising,0,coded,0,,1
bug,ditransitive,0,coded,0,,1
bug,factive_passive,1,coded,0,,1
bug,neg_raising,0,coded,0,,1
bug,weak_island,1,coded,0,,1
bug,pro_complement,0,coded,0,,1
bug,npi_licenser,0,coded,0,,1
bug,stative,1,coded,0,,1
bug,content_noun_fact,0,coded,0,,1
bug,derived_nominal,0,coded,0,,1
bug,phrasal,0,lexical,0,,
bug,be_copula,0,lexical,0,,
cackle,that_omission,1,coded,0,,1
cackle,comp_inf,0,coded,0,,1
cackle,ecm,0,coded,0,,1
cackle,comp_interrog,0,coded,0,,1
cackle,comp_gerund,0,coded,0,,1
cackle,comp_small_clause,0,coded,0,,1
cackle,np_comp_alt,0,coded,0,,1
cackle,direct_speech,1,coded,0,,1
cackle,subjunctive_comp,0,coded,0,,1
cackle,comp_for_to,0,coded,0,,1
cackle,comp_bare_inf,0,coded,0,,1
cackle,comp_exclamative,0,coded,0,,1
cackle,comp_poss_ing,0,coded,0,,1
cackle,extraposition,0,coded,0,,1
cackle,raising,0,coded,0,,1
cackle,ditransitive,0,coded,0,,1
cackle,factive_passive,0,coded,0,,1
cackle,neg_raising,0,coded,0,,1
cackle,weak_island,0,coded,0,,1
cackle,pro_complement,0,coded,0,,1
cackle,npi_licenser,0,coded,0,,1
cackle,stative,1,coded,0,,1
cackle,content_noun_fact,0,coded,0,,1
cackle,derived_nominal,0,coded,0,,1
cackle,phrasal,0,lexical,0,,
cackle,be_copula,0,lexical,0,,
calculate,that_omission,1,coded,0,,1
calculate,comp_inf,1,coded,0,,1
calculate,ecm,0,coded,0,,1
calculate,comp_interrog,0,coded,0,,1
calculate,comp_gerund,0,coded,0,,1
calculate,comp_small_clause,0,coded,0,,1
calculate,np_comp_alt,0,coded,0,,1
calculate,direct_speech,0,coded,0,,1
calculate,subjunctive_comp,0,coded,0,,1
calculate,comp_for_to,0,coded,0,,1
calculate,comp_bare_inf,0,coded,0,,1
calculate,comp_exclamative,0,coded,0,,1
calculate,comp_poss_ing,0,coded,0,,1
calculate,extraposition,0,coded,0,,1
calculate,raising,0,coded,0,,1
calculate,ditransitive,0,coded,0,,1
calculate,factive_passive,0,coded,0,,1
calculate,neg_raising,0,coded,0,,1
calculate,weak_island,0,coded,0,,1
calculate,pro_complement,1,coded,0,,1
calculate,npi_licenser,0,coded,0,,1
calculate,stative,1,coded,0,,1
calculate,content_noun_fact,0,coded,0,,1
calculate,derived_nominal,1,coded,0,,1
calculate,phrasal,0,lexical,0,,
calculate,be_copula,0,lexical,0,,
care,that_omission,1,coded,0,,1
care,comp_inf,1,coded,0,,1
care,ecm,0,coded,0,,1
care,comp_interrog,1,coded,0,,1
care,comp_gerund,0,coded,0,,1
care,comp_small_clause,0,coded,0,,1
care,np_comp_alt,0,coded,0,,1
care,direct_speech,0,coded,0,,1
care,subjunctive_comp,0,coded,0,,1
care,comp_for_to,0,coded,0,,1
care,comp_bare_inf,0,coded,0,,1
care,comp_exclamative,1,coded,0,,1
care,comp_poss_ing,0,coded,0,,1
care,extraposition,0,coded,0,,1
care,raising,0,coded,0,,1
care,ditransitive,0,coded,0,,1
care,factive_passive,0,coded,0,,1
care,neg_raising,0,coded,0,,1
care,weak_island,0,coded,0,,1
care,pro_complement,0,coded,0,,1
care,npi_licenser,0,coded,0,,1
care,stative,0,coded,0,,1
care,content_noun_fact,0,coded,0,,1
care,derived_nominal,0,coded,0,,1
care,phrasal,0,lexical,0,,
care,be_copula,0,lexical,0,,
categorize,that_omission,1,coded,0,,1
categorize,comp_inf,1,coded,0,,1
categorize,ecm,0,coded,0,,1
categorize,comp_interrog,0,coded,0,,1
categorize,comp_gerund,0,coded,0,,1
categorize,comp_small_clause,0,coded,0,,1
categorize,np_comp_alt,0,coded,0,,1
categorize,direct_speech,0,coded,0,,1
categorize,subjunctive_comp,0,coded,0,,1
categorize,comp_for_to,0,coded,0,,1
categorize,comp_bare_inf,0,coded,0,,1
categorize,comp_exclamative,0,coded,0,,1
categorize,comp_poss_ing,0,coded,0,,1
categorize,extraposition,0,coded,0,,1
categorize,raising,0,coded,0,,1
categorize,ditransitive,0,coded,0,,1
categorize,factive_passive,0,coded,0,,1
categorize,neg_raising,0,coded,0,,1
categorize,weak_island,0,coded,0,,1
categorize,pro_complement,1,coded,0,,1
categorize,npi_licenser,0,coded,0,,1
categorize,stative,1,coded,0,,1
categorize,content_noun_fact,0,coded,0,,1
categorize,derived_nominal,0,coded,0,,1
categorize,phrasal,0,lexical,0,,
categorize,be_copula,0,lexical,0,,
celebrate,that_omission,1,coded,0,,1
celebrate,comp_inf,0,coded,0,,1
celebrate,ecm,0,coded,0,,1
celebrate,comp_interrog,0,coded,0,,1
celebrate,comp_gerund,0,coded,0,,1
celebrate,comp_small_clause,0,coded,0,,1
celebrate,np_comp_alt,0,coded,0,,1
celebrate,direct_speech,0,coded,0,,1
celebrate,subjunctive_comp,0,coded,0,,1
celebrate,comp_for_to,0,coded,0,,1
celebrate,comp_bare_inf,0,coded,0,,1
celebrate,comp_exclamative,0,coded,0,,1
celebrate,comp_poss_ing,0,coded,0,,1
celebrate,extraposition,0,coded,0,,1
celebrate,raising,0,coded,0,,1
celebrate,ditransitive,0,coded,0,,1
celebrate,factive_passive,0,coded,0,,1
celebrate,neg_raising,0,coded,0,,1
celebrate,weak_island,0,coded,0,,1
celebrate,pro_complement,0,coded,0,,1
celebrate,npi_licenser,0,coded,0,,1
celebrate,stative,1,coded,0,,1
celebrate,content_noun_fact,0,coded,0,,1
celebrate,derived_nominal,0,coded,0,,1
celebrate,phrasal,0,lexical,0,,
celebrate,be_copula,0,lexical,0,,
certify,that_omission,1,coded,0,,1
certify,comp_inf,1,coded,0,,1
certify,ecm,0,coded,0,,1
certify,comp_interrog,0,coded,0,,1
certify,comp_gerund,0,coded,0,,1
certify,comp_small_clause,0,coded,0,,1
certify,np_comp_alt,1,coded,0,,1
certify,direct_speech,1,coded,0,,1
certify,subjunctive_comp,0,coded,0,,1
certify,comp_for_to,0,coded,0,,1
certify,comp_bare_inf,0,coded,0,,1
certify,comp_exclamative,0,coded,0,,1
certify,comp_poss_ing,0,coded,0,,1
certify,extraposition,0,coded,0,,1
certify,raising,0,coded,0,,1
certify,ditransitive,0,coded,0,,1
certify,factive_passive,0,coded,0,,1
certify,neg_raising,0,coded,0,,1
certify,weak_island,0,coded,0,,1
certify,pro_complement,0,coded,0,,1
certify,npi_licenser,0,coded,0,,1
certify,stative,1,coded,0,,1
certify,content_noun_fact,0,coded,0,,1
certify,derived_nominal,0,coded,0,,1
certify,phrasal,0,lexical,0,,
certify,be_copula,0,lexical,0,,
challenge,that_omission,1,coded,0,,1
challenge,comp_inf,1,coded,0,,1
challenge,ecm,0,coded,0,,1
challenge,comp_interrog,0,coded,0,,1
challenge,comp_gerund,0,coded,0,,1
challenge,comp_small_clause,1,coded,0,,1
challenge,np_comp_alt,0,coded,0,,1
challenge,direct_speech,0,coded,0,,1
challenge,subjunctive_comp,0,coded,0,,1
challenge,comp_for_to,0,coded,0,,1
challenge,comp_bare_inf,0,coded,0,,1
challenge,comp_exclamative,0,coded,0,,1
challenge,comp_poss_ing,0,coded,0,,1
challenge,extraposition,0,coded,0,,1
challenge,raising,0,coded,0,,1
challenge,ditransitive,0,coded,0,,1
challenge,factive_passive,0,coded,0,,1
challenge,neg_raising,0,coded,0,,1
challenge,weak_island,0,coded,0,,1
challenge,pro_complement,0,coded,0,,1
challenge,npi_licenser,0,coded,0,,1
challenge,stative,1,coded,0,,1
challenge,content_noun_fact,0,coded,0,,1
challenge,derived_nominal,0,coded,0,,1
challenge,phrasal,0,lexical,0,,
challenge,be_copula,0,lexical,0,,
chant,that_omission,1,coded,0,,1
chant,comp_inf,1,coded,0,,1
chant,ecm,0,coded,0,,1
chant,comp_interrog,0,coded,0,,1
chant,comp_gerund,0,coded,0,,1
chant,comp_small_clause,0,coded,0,,1
chant,np_comp_alt,0,coded,0,,1
chant,direct_speech,1,coded,0,,1
chant,subjunctive_comp,0,coded,0,,1
chant,comp_for_to,0,coded,0,,1
chant,comp_bare_inf,0,coded,0,,1
chant,comp_exclamative,0,coded,0,,1
chant,comp_poss_ing,0,coded,0,,1
chant,extraposition,0,coded,0,,1
chant,raising,0,coded,0,,1
chant,ditransitive,0,coded,0,,1
chant,factive_passive,0,coded,0,,1
chant,neg_raising,0,coded,0,,1
chant,weak_island,0,coded,0,,1
chant,pro_complement,0,coded,0,,1
chant,npi_licenser,0,coded,0,,1
chant,stative,1,coded,0,,1
chant,content_noun_fact,0,coded,0,,1
chant,derived_nominal,0,coded,0,,1
chant,phrasal,0,lexical,0,,
chant,be_copula,0,lexical,0,,
charge,that_omission,1,coded,0,,1
charge,comp_inf,1,coded,0,,1
charge,ecm,0,coded,0,,1
charge,comp_interrog,0,coded,0,,1
charge,comp_gerund,0,coded,0,,1
charge,comp_small_clause,1,coded,0,,1
charge,np_comp_alt,0,coded,0,,1
charge,direct_speech,0,coded,0,,1
charge,subjunctive_comp,0,coded,0,,1
charge,comp_for_to,0,coded,0,,1
charge,comp_bare_inf,0,coded,0,,1
charge,comp_exclamative,0,coded,0,,1
charge,comp_poss_ing,0,coded,0,,1
charge,extraposition,0,coded,0,,1
charge,raising,0,coded,0,,1
charge,ditransitive,0,coded,0,,1
charge,factive_passive,0,coded,0,,1
charge,neg_raising,0,coded,0,,1
charge,weak_island,0,coded,0,,1
charge,pro_complement,0,coded,0,,1
charge,npi_licenser,0,coded,0,,1
charge,stative,1,coded,0,,1
charge,content_noun_fact,0,coded,0,,1
charge,derived_nominal,0,coded,0,,1
charge,phrasal,0,lexical,0,,
charge,be_copula,0,lexical,0,,
charm,that_omission,1,coded,0,,1
charm,comp_inf,1,coded,0,,1
charm,ecm,0,coded,0,,1
charm,comp_interrog,0,coded,0,,1
charm,comp_gerund,0,coded,0,,1
charm,comp_small_clause,1,coded,0,,1
charm,np_comp_alt,0,coded,0,,1
charm,direct_speech,0,coded,0,,1
charm,subjunctive_comp,0,coded,0,,1
charm,comp_for_to,0,coded,0,,1
charm,comp_bare_inf,0,coded,0,,1
charm,comp_exclamative,0,coded,0,,1
charm,comp_poss_ing,0,coded,0,,1
charm,extraposition,1,coded,0,,1
charm,raising,0,coded,0,,1
charm,ditransitive,0,coded,0,,1
charm,factive_passive,1,coded,0,,1
charm,neg_raising,0,coded,0,,1
charm,weak_island,1,coded,0,,1
charm,pro_complement,0,coded,0,,1
charm,npi_licenser,0,coded,0,,1
charm,stative,1,coded,0,,1
charm,content_noun_fact,0,coded,0,,1
charm,derived_nominal,0,coded,0,,1
charm,phrasal,0,lexical,0,,
charm,be_copula,0,lexical,0,,
chastise,that_omission,1,coded,0,,1
chastise,comp_inf,1,coded,0,,1
chastise,ecm,0,coded,0,,1
chastise,comp_interrog,0,coded,0,,1
chastise,comp_gerund,0,coded,0,,1
chastise,comp_small_clause,1,coded,0,,1
chastise,np_comp_alt,0,coded,0,,1
chastise,direct_speech,0,coded,0,,1
chastise,subjunctive_comp,0,coded,0,,1
chastise,comp_for_to,0,coded,0,,1
chastise,comp_bare_inf,0,coded,0,,1
chastise,comp_exclamative,0,coded,0,,1
chastise,comp_poss_ing,0,coded,0,,1
chastise,extraposition,0,coded,0,,1
chastise,raising,0,coded,0,,1
chastise,ditransitive,0,coded,0,,1
chastise,factive_passive,0,coded,0,,1
chastise,neg_raising,0,coded,0,,1
chastise,weak_island,1,coded,0,,1
chastise,pro_complement,0,coded,0,,1
chastise,npi_licenser,0,coded,0,,1
chastise,stative,1,coded,0,,1
chastise,content_noun_fact,1,coded,0,,1
chastise,derived_nominal,0,coded,0,,1
chastise,phrasal,0,lexical,0,,
chastise,be_copula,0,lexical,0,,
chatter,that_omission,1,coded,0,,1
chatter,comp_inf,0,coded,0,,1
chatter,ecm,0,coded,0,,1
chatter,comp_interrog,0,coded,0,,1
chatter,comp_gerund,0,coded,0,,1
chatter,comp_small_clause,0,coded,0,,1
chatter,np_comp_alt,0,coded,0,,1
chatter,direct_speech,1,coded,0,,1
chatter,subjunctive_comp,0,coded,0,,1
chatter,comp_for_to,0,coded,0,,1
chatter,comp_bare_inf,0,coded,0,,1
chatter,comp_exclamative,0,coded,0,,1
chatter,comp_poss_ing,0,coded,0,,1
chatter,extraposition,0,coded,0,,1
chatter,raising,0,coded,0,,1
chatter,ditransitive,0,coded,0,,1
chatter,factive_passive,0,coded,0,,1
chatter,neg_raising,0,coded,0,,1
chatter,weak_island,0,coded,0,,1
chatter,pro_complement,0,coded,0,,1
chatter,npi_licenser,0,coded,0,,1
chatter,stative,1,coded,0,,1
chatter,content_noun_fact,0,coded,0,,1
chatter,derived_nominal,0,coded,0,,1
chatter,phrasal,0,lexical,0,,
chatter,be_copula,0,lexical,0,,
check,that_omission,1,coded,0,,1
check,comp_inf,1,coded,0,,1
check,ecm,0,coded,0,,1
check,comp_interrog,1,coded,0,,1
check,comp_gerund,0,coded,0,,1
check,comp_small_clause,0,coded,0,,1
check,np_comp_alt,0,coded,0,,1
check,direct_speech,0,coded,0,,1
check,subjunctive_comp,0,coded,0,,1
check,comp_for_to,0,coded,0,,1
check,comp_bare_inf,0,coded,0,,1
check,comp_exclamative,0,coded,0,,1
check,comp_poss_ing,0,coded,0,,1
check,extraposition,0,coded,0,,1
check,raising,0,coded,0,,1
check,ditransitive,0,coded,0,,1
check,factive_passive,0,coded,0,,1
check,neg_raising,0,coded,0,,1
check,weak_island,1,coded,0,,1
check,pro_complement,0,coded,0,,1
check,npi_licenser,0,coded,0,,1
check,stative,0,coded,0,,1
check,content_noun_fact,1,coded,0,,1
check,derived_nominal,0,coded,0,,1
check,phrasal,0,lexical,0,,
check,be_copula,0,lexical,0,,
cheer,that_omission,1,coded,0,,1
cheer,comp_inf,1,coded,0,,1
cheer,ecm,0,coded,0,,1
cheer,comp_interrog,0,coded,0,,1
cheer,comp_gerund,0,coded,0,,1
cheer,comp_small_clause,1,coded,0,,1
cheer,np_comp_alt,0,coded,0,,1
cheer,direct_speech,0,coded,0,,1
cheer,subjunctive_comp,0,coded,0,,1
cheer,comp_for_to,0,coded,0,,1
cheer,comp_bare_inf,0,coded,0,,1
cheer,comp_exclamative,0,coded,0,,1
cheer,comp_poss_ing,0,coded,0,,1
cheer,extraposition,1,coded,0,,1
cheer,raising,0,coded,0,,1
cheer,ditransitive,0,coded,0,,1
cheer,factive_passive,1,coded,0,,1
cheer,neg_raising,0,coded,0,,1
cheer,weak_island,1,coded,0,,1
cheer,pro_complement,0,coded,0,,1
cheer,npi_licenser,0,coded,0,,1
cheer,stative,1,coded,0,,1
cheer,content_noun_fact,0,coded,0,,1
cheer,derived_nominal,0,coded,0,,1
cheer,phrasal,0,lexical,0,,
cheer,be_copula,0,lexical,0,,
chronicle,that_omission,1,coded,0,,1
chronicle,comp_inf,1,coded,0,,1
chronicle,ecm,0,coded,0,,1
chronicle,comp_interrog,0,coded,0,,1
chronicle,comp_gerund,0,coded,0,,1
chronicle,comp_small_clause,0,coded,0,,1
chronicle,np_comp_alt,0,coded,0,,1
chronicle,direct_speech,0,coded,0,,1
chronicle,subjunctive_comp,0,coded,0,,1
chronicle,comp_for_to,0,coded,0,,1
chronicle,comp_bare_inf,0,coded,0,,1
chronicle,comp_exclamative,0,coded,0,,1
chronicle,comp_poss_ing,0,coded,0,,1
chronicle,extraposition,0,coded,0,,1
chronicle,raising,0,coded,0,,1
chronicle,ditransitive,0,coded,0,,1
chronicle,factive_passive,0,coded,0,,1
chronicle,neg_raising,0,coded,0,,1
chronicle,weak_island,0,coded,0,,1
chronicle,pro_complement,0,coded,0,,1
chronicle,npi_licenser,0,coded,0,,1
chronicle,stative,1,coded,0,,1
chronicle,content_noun_fact,0,coded,0,,1
chronicle,derived_nominal,0,coded,0,,1
chronicle,phrasal,0,lexical,0,,
chronicle,be_copula,0,lexical,0,,
circulate,that_omission,1,coded,0,,1
circulate,comp_inf,0,coded,0,,1
circulate,ecm,0,coded,0,,1
circulate,comp_interrog,0,coded,0,,1
circulate,comp_gerund,0,coded,0,,1
circulate,comp_small_clause,0,coded,0,,1
circulate,np_comp_alt,0,coded,0,,1
circulate,direct_speech,0,coded,0,,1
circulate,subjunctive_comp,0,coded,0,,1
circulate,comp_for_to,0,coded,0,,1
circulate,comp_bare_inf,0,coded,0,,1
circulate,comp_exclamative,0,coded,0,,1
circulate,comp_poss_ing,0,coded,0,,1
circulate,extraposition,0,coded,0,,1
circulate,raising,0,coded,0,,1
circulate,ditransitive,0,coded,0,,1
circulate,factive_passive,0,coded,0,,1
circulate,neg_raising,0,coded,0,,1
circulate,weak_island,0,coded,0,,1
circulate,pro_complement,0,coded,0,,1
circulate,npi_licenser,0,coded,0,,1
circulate,stative,1,coded,0,,1
circulate,content_noun_fact,0,coded,0,,1
circulate,derived_nominal,0,coded,0,,1
circulate,phrasal,0,lexical,0,,
circulate,be_copula,0,lexical,0,,
clarify,that_omission,1,coded,0,,1
clarify,comp_inf,1,coded,0,,1
clarify,ecm,0,coded,0,,1
clarify,comp_interrog,1,coded,0,,1
clarify,comp_gerund,0,coded,0,,1
clarify,comp_small_clause,0,coded,0,,1
clarify,np_comp_alt,0,coded,0,,1
clarify,direct_speech,1,coded,0,,1
clarify,subjunctive_comp,0,coded,0,,1
clarify,comp_for_to,0,coded,0,,1
clarify,comp_bare_inf,0,coded,0,,1
clarify,comp_exclamative,0,coded,0,,1
clarify,comp_poss_ing,0,coded,0,,1
clarify,extraposition,0,coded,0,,1
clarify,raising,0,coded,0,,1
clarify,ditransitive,0,coded,0,,1
clarify,factive_passive,0,coded,0,,1
clarify,neg_raising,0,coded,0,,1
clarify,weak_island,0,coded,0,,1
clarify,pro_complement,0,coded,0,,1
clarify,npi_licenser,0,coded,0,,1
clarify,stative,1,coded,0,,1
clarify,content_noun_fact,0,coded,0,,1
clarify,derived_nominal,0,coded,0,,1
clarify,phrasal,0,lexical,0,,
clarify,be_copula,0,lexical,0,,
comfort,that_omission,1,coded,0,,1
comfort,comp_inf,1,coded,0,,1
comfort,ecm,0,coded,0,,1
comfort,comp_interrog,0,coded,0,,1
comfort,comp_gerund,0,coded,0,,1
comfort,comp_small_clause,0,coded,0,,1
comfort,np_comp_alt,0,coded,0,,1
comfort,direct_speech,0,coded,0,,1
comfort,subjunctive_comp,0,coded,0,,1
comfort,comp_for_to,0,coded,0,,1
comfort,comp_bare_inf,0,coded,0,,1
comfort,comp_exclamative,0,coded,0,,1
comfort,comp_poss_ing,0,coded,0,,1
comfort,extraposition,1,coded,0,,1
comfort,raising,0,coded,0,,1
comfort,ditransitive,0,coded,0,,1
comfort,factive_passive,1,coded,0,,1
comfort,neg_raising,0,coded,0,,1
comfort,weak_island,1,coded,0,,1
comfort,pro_complement,0,coded,0,,1
comfort,npi_licenser,0,coded,0,,1
comfort,stative,1,coded,0,,1
comfort,content_noun_fact,0,coded,0,,1
comfort,derived_nominal,0,coded,0,,1
comfort,phrasal,0,lexical,0,,
comfort,be_copula,0,lexical,0,,
comment,that_omission,1,coded,0,,1
comment,comp_inf,0,coded,0,,1
comment,ecm,0,coded,0,,1
comment,comp_interrog,0,coded,0,,1
comment,comp_gerund,0,coded,0,,1
comment,comp_small_clause,0,coded,0,,1
comment,np_comp_alt,0,coded,0,,1
comment,direct_speech,1,coded,0,,1
comment,subjunctive_comp,0,coded,0,,1
comment,comp_for_to,0,coded,0,,1
comment,comp_bare_inf,0,coded,0,,1
comment,comp_exclamative,0,coded,0,,1
comment,comp_poss_ing,0,coded,0,,1
comment,extraposition,0,coded,0,,1
comment,raising,0,coded,0,,1
comment,ditransitive,0,coded,0,,1
comment,factive_passive,0,coded,0,,1
comment,neg_raising,0,coded,0,,1
comment,weak_island,0,coded,0,,1
comment,pro_complement,0,coded,0,,1
comment,npi_licenser,0,coded,0,,1
comment,stative,1,coded,0,,1
comment,content_noun_fact,0,coded,0,,1
comment,derived_nominal,0,coded,0,,1
comment,phrasal,0,lexical,0,,
comment,be_copula,0,lexical,0,,
communicate,that_omission,1,coded,0,,1
communicate,comp_inf,1,coded,0,,1
communicate,ecm,0,coded,0,,1
communicate,comp_interrog,0,coded,0,,1
communicate,comp_gerund,0,coded,0,,1
communicate,comp_small_clause,0,coded,0,,1
communicate,np_comp_alt,0,coded,0,,1
communicate,direct_speech,0,coded,0,,1
communicate,subjunctive_comp,0,coded,0,,1
communicate,comp_for_to,0,coded,0,,1
communicate,comp_bare_inf,0,coded,0,,1
communicate,comp_exclamative,0,coded,0,,1
communicate,comp_poss_ing,0,coded,0,,1
communicate,extraposition,0,coded,0,,1
communicate,raising,0,coded,0,,1
communicate,ditransitive,0,coded,0,,1
communicate,factive_passive,0,coded,0,,1
communicate,neg_raising,0,coded,0,,1
communicate,weak_island,0,coded,0,,1
communicate,pro_complement,0,coded,0,,1
communicate,npi_licenser,0,coded,0,,1
communicate,stative,1,coded,0,,1
communicate,content_noun_fact,0,coded,0,,1
communicate,derived_nominal,0,coded,0,,1
communicate,phrasal,0,lexical,0,,
communicate,be_copula,0,lexical,0,,
complain,that_omission,1,coded,0,,1
complain,comp_inf,1,coded,0,,1
complain,ecm,0,coded,0,,1
complain,comp_interrog,0,coded,0,,1
complain,comp_gerund,0,coded,0,,1
complain,comp_small_clause,0,coded,0,,1
complain,np_comp_alt,0,coded,0,,1
complain,direct_speech,1,coded,0,,1
complain,subjunctive_comp,0,coded,0,,1
complain,comp_for_to,0,coded,0,,1
complain,comp_bare_inf,0,coded,0,,1
complain,comp_exclamative,0,coded,0,,1
complain,comp_poss_ing,0,coded,0,,1
complain,extraposition,0,coded,0,,1
complain,raising,0,coded,0,,1
complain,ditransitive,0,coded,0,,1
complain,factive_passive,0,coded,0,,1
complain,neg_raising,0,coded,0,,1
complain,weak_island,0,coded,0,,1
complain,pro_complement,0,coded,0,,1
complain,npi_licenser,0,coded,0,,1
complain,stative,1,coded,0,,1
complain,content_noun_fact,0,coded,0,,1
complain,derived_nominal,1,coded,0,,1
complain,phrasal,0,lexical,0,,
complain,be_copula,0,lexical,0,,
comprehend,that_omission,1,coded,0,,1
comprehend,comp_inf,0,coded,0,,1
comprehend,ecm,0,coded,0,,1
comprehend,comp_interrog,1,coded,0,,1
comprehend,comp_gerund,0,coded,0,,1
comprehend,comp_small_clause,0,coded,0,,1
comprehend,np_comp_alt,0,coded,0,,1
comprehend,direct_speech,0,coded,0,,1
comprehend,subjunctive_comp,0,coded,0,,1
comprehend,comp_for_to,0,coded,0,,1
comprehend,comp_bare_inf,0,coded,0,,1
comprehend,comp_exclamative,1,coded,0,,1
comprehend,comp_poss_ing,0,coded,0,,1
comprehend,extraposition,0,coded,0,,1
comprehend,raising,0,coded,0,,1
comprehend,ditransitive,0,coded,0,,1
comprehend,factive_passive,0,coded,0,,1
comprehend,neg_raising,0,coded,0,,1
comprehend,weak_island,1,coded,0,,1
comprehend,pro_complement,0,coded,0,,1
comprehend,npi_licenser,0,coded,0,,1
comprehend,stative,1,coded,0,,1
comprehend,content_noun_fact,1,coded,0,,1
comprehend,derived_nominal,0,coded,0,,1
comprehend,phrasal,0,lexical,0,,
comprehend,be_copula,0,lexical,0,,
compute,that_omission,1,coded,0,,1
compute,comp_inf,0,coded,0,,1
compute,ecm,0,coded,0,,1
compute,comp_interrog,0,coded,0,,1
compute,comp_gerund,0,coded,0,,1
compute,comp_small_clause,0,coded,0,,1
compute,np_comp_alt,0,coded,0,,1
compute,direct_speech,0,coded,0,,1
compute,subjunctive_comp,0,coded,0,,1
compute,comp_for_to,0,coded,0,,1
compute,comp_bare_inf,0,coded,0,,1
compute,comp_exclamative,0,coded,0,,1
compute,comp_poss_ing,0,coded,0,,1
compute,extraposition,0,coded,0,,1
compute,raising,0,coded,0,,1
compute,ditransitive,0,coded,0,,1
compute,factive_passive,0,coded,0,,1
compute,neg_raising,0,coded,0,,1
compute,weak_island,0,coded,0,,1
compute,pro_complement,0,coded,0,,1
compute,npi_licenser,0,coded,0,,1
compute,stative,1,coded,0,,1
compute,content_noun_fact,0,coded,0,,1
compute,derived_nominal,0,coded,0,,1
compute,phrasal,0,lexical,0,,
compute,be_copula,0,lexical,0,,
conceal,that_omission,1,coded,0,,1
conceal,comp_inf,0,coded,0,,1
conceal,ecm,0,coded,0,,1
conceal,comp_interrog,0,coded,0,,1
conceal,comp_gerund,0,coded,0,,1
conceal,comp_small_clause,0,coded,0,,1
conceal,np_comp_alt,0,coded,0,,1
conceal,direct_speech,0,coded,0,,1
conceal,subjunctive_comp,0,coded,0,,1
conceal,comp_for_to,0,coded,0,,1
conceal,comp_bare_inf,0,coded,0,,1
conceal,comp_exclamative,0,coded,0,,1
conceal,comp_poss_ing,0,coded,0,,1
conceal,extraposition,0,coded,0,,1
conceal,raising,0,coded,0,,1
conceal,ditransitive,0,coded,0,,1
conceal,factive_passive,0,coded,0,,1
conceal,neg_raising,0,coded,0,,1
conceal,weak_island,1,coded,0,,1
conceal,pro_complement,0,coded,0,,1
conceal,npi_licenser,0,coded,0,,1
conceal,stative,1,coded,0,,1
conceal,content_noun_fact,1,coded,0,,1
conceal,derived_nominal,0,coded,0,,1
conceal,phrasal,0,lexical,0,,
conceal,be_copula,0,lexical,0,,
concede,that_omission,1,coded,0,,1
concede,comp_inf,1,coded,0,,1
concede,ecm,0,coded,0,,1
concede,comp_interrog,0,coded,0,,1
concede,comp_gerund,1,coded,0,,1
concede,comp_small_clause,0,coded,0,,1
concede,np_comp_alt,1,coded,0,,1
concede,direct_speech,1,coded,0,,1
concede,subjunctive_comp,0,coded,0,,1
concede,comp_for_to,0,coded,0,,1
concede,comp_bare_inf,0,coded,0,,1
concede,comp_exclamative,0,coded,0,,1
concede,comp_poss_ing,1,coded,0,,1
concede,extraposition,0,coded,0,,1
concede,raising,0,coded,0,,1
concede,ditransitive,0,coded,0,,1
concede,factive_passive,0,coded,0,,1
concede,neg_raising,0,coded,0,,1
concede,weak_island,0,coded,0,,1
concede,pro_complement,0,coded,0,,1
concede,npi_licenser,0,coded,0,,1
concede,stative,1,coded,0,,1
concede,content_noun_fact,0,coded,0,,1
concede,derived_nominal,1,coded,0,,1
concede,phrasal,0,lexical,0,,
concede,be_copula,0,lexical,0,,
conceive,that_omission,1,coded,0,,1
conceive,comp_inf,1,coded,0,,1
conceive,ecm,0,coded,0,,1
conceive,comp_interrog,0,coded,0,,1
conceive,comp_gerund,0,coded,0,,1
conceive,comp_small_clause,0,coded,0,,1
conceive,np_comp_alt,0,coded,0,,1
conceive,direct_speech,0,coded,0,,1
conceive,subjunctive_comp,0,coded,0,,1
conceive,comp_for_to,0,coded,0,,1
conceive,comp_bare_inf,0,coded,0,,1
conceive,comp_exclamative,0,coded,0,,1
conceive,comp_poss_ing,0,coded,0,,1
conceive,extraposition,0,coded,0,,1
conceive,raising,0,coded,0,,1
conceive,ditransitive,0,coded,0,,1
conceive,factive_passive,0,coded,0,,1
conceive,neg_raising,1,coded,0,,1
conceive,weak_island,0,coded,0,,1
conceive,pro_complement,1,coded,0,,1
conceive,npi_licenser,0,coded,0,,1
conceive,stative,1,coded,0,,1
conceive,content_noun_fact,0,coded,0,,1
conceive,derived_nominal,1,coded,0,,1
conceive,phrasal,0,lexical,0,,
conceive,be_copula,0,lexical,0,,
concern,that_omission,1,coded,0,,1
concern,comp_inf,1,coded,0,,1
concern,ecm,0,coded,0,,1
concern,comp_interrog,0,coded,0,,1
concern,comp_gerund,0,coded,0,,1
concern,comp_small_clause,0,coded,0,,1
concern,np_comp_alt,0,coded,0,,1
concern,direct_speech,0,coded,0,,1
concern,subjunctive_comp,0,coded,0,,1
concern,comp_for_to,0,coded,0,,1
concern,comp_bare_inf,0,coded,0,,1
concern,comp_exclamative,0,coded,0,,1
concern,comp_poss_ing,0,coded,0,,1
concern,extraposition,1,coded,0,,1
concern,raising,0,coded,0,,1
concern,ditransitive,0,coded,0,,1
concern,factive_passive,1,coded,0,,1
concern,neg_raising,0,coded,0,,1
concern,weak_island,1,coded,0,,1
concern,pro_complement,0,coded,0,,1
concern,npi_licenser,0,coded,0,,1
concern,stative,1,coded,0,,1
concern,content_noun_fact,0,coded,0,,1
concern,derived_nominal,0,coded,0,,1
concern,phrasal,0,lexical,0,,
concern,be_copula,0,lexical,0,,
confess,that_omission,1,coded,0,,1
confess,comp_inf,1,coded,0,,1
confess,ecm,0,coded,0,,1
confess,comp_interrog,0,coded,0,,1
confess,comp_gerund,1,coded,0,,1
confess,comp_small_clause,0,coded,0,,1
confess,np_comp_alt,1,coded,0,,1
confess,direct_speech,1,coded,0,,1
confess,subjunctive_comp,0,coded,0,,1
confess,comp_for_to,0,coded,0,,1
confess,comp_bare_inf,0,coded,0,,1
confess,comp_exclamative,0,coded,0,,1
confess,comp_poss_ing,1,coded,0,,1
confess,extraposition,0,coded,0,,1
confess,raising,0,coded,0,,1
confess,ditransitive,0,coded,0,,1
confess,factive_passive,0,coded,0,,1
confess,neg_raising,0,coded,0,,1
confess,weak_island,0,coded,0,,1
confess,pro_complement,0,coded,0,,1
confess,npi_licenser,0,coded,0,,1
confess,stative,1,coded,0,,1
confess,content_noun_fact,0,coded,0,,1
confess,derived_nominal,0,coded,0,,1
confess,phrasal,0,lexical,0,,
confess,be_copula,0,lexical,0,,
confide,that_omission,1,coded,0,,1
confide,comp_inf,0,coded,0,,1
confide,ecm,0,coded,0,,1
confide,comp_interrog,0,coded,0,,1
confide,comp_gerund,0,coded,0,,1
confide,comp_small_clause,0,coded,0,,1
confide,np_comp_alt,0,coded,0,,1
confide,direct_speech,0,coded,0,,1
confide,subjunctive_comp,0,coded,0,,1
confide,comp_for_to,0,coded,0,,1
confide,comp_bare_inf,0,coded,0,,1
confide,comp_exclamative,0,coded,0,,1
confide,comp_poss_ing,0,coded,0,,1
confide,extraposition,0,coded,0,,1
confide,raising,0,coded,0,,1
confide,ditransitive,1,coded,0,,1
confide,factive_passive,0,coded,0,,1
confide,neg_raising,0,coded,0,,1
confide,weak_island,0,coded,0,,1
confide,pro_complement,0,coded,0,,1
confide,npi_licenser,0,coded,0,,1
confide,stative,1,coded,0,,1
confide,content_noun_fact,0,coded,0,,1
confide,derived_nominal,0,coded,0,,1
confide,phrasal,0,lexical,0,,
confide,be_copula,0,lexical,0,,
congratulate,that_omission,1,coded,0,,1
congratulate,comp_inf,1,coded,0,,1
congratulate,ecm,0,coded,0,,1
congratulate,comp_interrog,0,coded,0,,1
congratulate,comp_gerund,0,coded,0,,1
congratulate,comp_small_clause,0,coded,0,,1
congratulate,np_comp_alt,0,coded,0,,1
congratulate,direct_speech,0,coded,0,,1
congratulate,subjunctive_comp,0,coded,0,,1
congratulate,comp_for_to,0,coded,0,,1
congratulate,comp_bare_inf,0,coded,0,,1
congratulate,comp_exclamative,0,coded,0,,1
congratulate,comp_poss_ing,0,coded,0,,1
congratulate,extraposition,0,coded,0,,1
congratulate,raising,0,coded,0,,1
congratulate,ditransitive,0,coded,0,,1
congratulate,factive_passive,0,coded,0,,1
congratulate,neg_raising,0,coded,0,,1
congratulate,weak_island,1,coded,0,,1
congratulate,pro_complement,0,coded,0,,1
congratulate,npi_licenser,0,coded,0,,1
congratulate,stative,1,coded,0,,1
congratulate,content_noun_fact,1,coded,0,,1
congratulate,derived_nominal,0,coded,0,,1
congratulate,phrasal,0,lexical,0,,
congratulate,be_copula,0,lexical,0,,
conjecture,that_omission,1,coded,0,,1
conjecture,comp_inf,0,coded,0,,1
conjecture,ecm,0,coded,0,,1
conjecture,comp_interrog,0,coded,0,,1
conjecture,comp_gerund,0,coded,0,,1
conjecture,comp_small_clause,0,coded,0,,1
conjecture,np_comp_alt,0,coded,0,,1
conjecture,direct_speech,0,coded,0,,1
conjecture,subjunctive_comp,0,coded,0,,1
conjecture,comp_for_to,0,coded,0,,1
conjecture,comp_bare_inf,0,coded,0,,1
conjecture,comp_exclamative,0,coded,0,,1
conjecture,comp_poss_ing,0,coded,0,,1
conjecture,extraposition,0,coded,0,,1
conjecture,raising,0,coded,0,,1
conjecture,ditransitive,0,coded,0,,1
conjecture,factive_passive,0,coded,0,,1
conjecture,neg_raising,1,coded,0,,1
conjecture,weak_island,0,coded,0,,1
conjecture,pro_complement,1,coded,0,,1
conjecture,npi_licenser,0,coded,0,,1
conjecture,stative,1,coded,0,,1
conjecture,content_noun_fact,0,coded,0,,1
conjecture,derived_nominal,1,coded,0,,1
conjecture,phrasal,0,lexical,0,,
conjecture,be_copula,0,lexical,0,,
consent,that_omission,1,coded,0,,1
consent,comp_inf,1,coded,0,,1
consent,ecm,0,coded,0,,1
consent,comp_interrog,0,coded,0,,1
consent,comp_gerund,0,coded,0,,1
consent,comp_small_clause,0,coded,0,,1
consent,np_comp_alt,0,coded,0,,1
consent,direct_speech,0,coded,0,,1
consent,subjunctive_comp,0,coded,0,,1
consent,comp_for_to,1,coded,0,,1
consent,comp_bare_inf,0,coded,0,,1
consent,comp_exclamative,0,coded,0,,1
consent,comp_poss_ing,0,coded,0,,1
consent,extraposition,0,coded,0,,1
consent,raising,0,coded,0,,1
consent,ditransitive,0,coded,0,,1
consent,factive_passive,0,coded,0,,1
consent,neg_raising,0,coded,0,,1
consent,weak_island,0,coded,0,,1
consent,pro_complement,0,coded,0,,1
consent,npi_licenser,0,coded,0,,1
consent,stative,1,coded,0,,1
consent,content_noun_fact,0,coded,0,,1
consent,derived_nominal,0,coded,0,,1
consent,phrasal,0,lexical,0,,
consent,be_copula,0,lexical,0,,
console,that_omission,1,coded,0,,1
console,comp_inf,1,coded,0,,1
console,ecm,0,coded,0,,1
console,comp_interrog,0,coded,0,,1
console,comp_gerund,0,coded,0,,1
console,comp_small_clause,0,coded,0,,1
console,np_comp_alt,0,coded,0,,1
console,direct_speech,0,coded,0,,1
console,subjunctive_comp,0,coded,0,,1
console,comp_for_to,0,coded,0,,1
console,comp_bare_inf,0,coded,0,,1
console,comp_exclamative,0,coded,0,,1
console,comp_poss_ing,0,coded,0,,1
console,extraposition,0,coded,0,,1
console,raising,0,coded,0,,1
console,ditransitive,0,coded,0,,1
console,factive_passive,0,coded,0,,1
console,neg_raising,0,coded,0,,1
console,weak_island,1,coded,0,,1
console,pro_complement,0,coded,0,,1
console,npi_licenser,0,coded,0,,1
console,stative,1,coded,0,,1
console,content_noun_fact,1,coded,0,,1
console,derived_nominal,0,coded,0,,1
console,phrasal,0,lexical,0,,
console,be_copula,0,lexical,0,,
consult,that_omission,1,coded,0,,1
consult,comp_inf,1,coded,0,,1
consult,ecm,0,coded,0,,1
consult,comp_interrog,0,coded,0,,1
consult,comp_gerund,0,coded,0,,1
consult,comp_small_clause,1,coded,0,,1
consult,np_comp_alt,0,coded,0,,1
consult,direct_speech,0,coded,0,,1
consult,subjunctive_comp,0,coded,0,,1
consult,comp_for_to,0,coded,0,,1
consult,comp_bare_inf,0,coded,0,,1
consult,comp_exclamative,0,coded,0,,1
consult,comp_poss_ing,0,coded,0,,1
consult,extraposition,0,coded,0,,1
consult,raising,0,coded,0,,1
consult,ditransitive,0,coded,0,,1
consult,factive_passive,0,coded,0,,1
consult,neg_raising,0,coded,0,,1
consult,weak_island,1,coded,0,,1
consult,pro_complement,0,coded,0,,1
consult,npi_licenser,0,coded,0,,1
consult,stative,1,coded,0,,1
consult,content_noun_fact,1,coded,0,,1
consult,derived_nominal,0,coded,0,,1
consult,phrasal,0,lexical,0,,
consult,be_copula,0,lexical,0,,
contact,that_omission,1,coded,0,,1
contact,comp_inf,1,coded,0,,1
contact,ecm,0,coded,0,,1
contact,comp_interrog,0,coded,0,,1
contact,comp_gerund,0,coded,0,,1
contact,comp_small_clause,1,coded,0,,1
contact,np_comp_alt,0,coded,0,,1
contact,direct_speech,0,coded,0,,1
contact,subjunctive_comp,0,coded,0,,1
contact,comp_for_to,0,coded,0,,1
contact,comp_bare_inf,0,coded,0,,1
contact,comp_exclamative,0,coded,0,,1
contact,comp_poss_ing,0,coded,0,,1
contact,extraposition,0,coded,0,,1
contact,raising,0,coded,0,,1
contact,ditransitive,0,coded,0,,1
contact,factive_passive,0,coded,0,,1
contact,neg_raising,0,coded,0,,1
contact,weak_island,1,coded,0,,1
contact,pro_complement,0,coded,0,,1
contact,npi_licenser,0,coded,0,,1
contact,stative,1,coded,0,,1
contact,content_noun_fact,1,coded,0,,1
contact,derived_nominal,0,coded,0,,1
contact,phrasal,0,lexical,0,,
contact,be_copula,0,lexical,0,,
contemplate,that_omission,1,coded,0,,1
contemplate,comp_inf,0,coded,0,,1
contemplate,ecm,0,coded,0,,1
contemplate,comp_interrog,0,coded,0,,1
contemplate,comp_gerund,1,coded,0,,1
contemplate,comp_small_clause,0,coded,0,,1
contemplate,np_comp_alt,0,coded,0,,1
contemplate,direct_speech,0,coded,0,,1
contemplate,subjunctive_comp,0,coded,0,,1
contemplate,comp_for_to,0,coded,0,,1
contemplate,comp_bare_inf,0,coded,0,,1
contemplate,comp_exclamative,0,coded,0,,1
contemplate,comp_poss_ing,1,coded,0,,1
contemplate,extraposition,0,coded,0,,1
contemplate,raising,0,coded,0,,1
contemplate,ditransitive,0,coded,0,,1
contemplate,factive_passive,0,coded,0,,1
contemplate,neg_raising,0,coded,0,,1
contemplate,weak_island,0,coded,0,,1
contemplate,pro_complement,1,coded,0,,1
contemplate,npi_licenser,0,coded,0,,1
contemplate,stative,1,coded,0,,1
contemplate,content_noun_fact,0,coded,0,,1
contemplate,derived_nominal,0,coded,0,,1
contemplate,phrasal,0,lexical,0,,
contemplate,be_copula,0,lexical,0,,
contend,that_omission,1,coded,0,,1
contend,comp_inf,1,coded,0,,1
contend,ecm,0,coded,0,,1
contend,comp_interrog,0,coded,0,,1
contend,comp_gerund,0,coded,0,,1
contend,comp_small_clause,0,coded,0,,1
contend,np_comp_alt,1,coded,0,,1
contend,direct_speech,1,coded,0,,1
contend,subjunctive_comp,0,coded,0,,1
contend,comp_for_to,0,coded,0,,1
contend,comp_bare_inf,0,coded,0,,1
contend,comp_exclamative,0,coded,0,,1
contend,comp_poss_ing,0,coded,0,,1
contend,extraposition,0,coded,0,,1
contend,raising,0,coded,0,,1
contend,ditransitive,0,coded,0,,1
contend,factive_passive,0,coded,0,,1
contend,neg_raising,0,coded,0,,1
contend,weak_island,0,coded,0,,1
contend,pro_complement,0,coded,0,,1
contend,npi_licenser,0,coded,0,,1
contend,stative,1,coded,0,,1
contend,content_noun_fact,0,coded,0,,1
contend,derived_nominal,1,coded,0,,1
contend,phrasal,0,lexical,0,,
contend,be_copula,0,lexical,0,,
content,that_omission,1,coded,0,,1
content,comp_inf,1,coded,0,,1
content,ecm,0,coded,0,,1
content,comp_interrog,0,coded,0,,1
content,comp_gerund,0,coded,0,,1
content,comp_small_clause,0,coded,0,,1
content,np_comp_alt,0,coded,0,,1
content,direct_speech,0,coded,0,,1
content,subjunctive_comp,0,coded,0,,1
content,comp_for_to,0,coded,0,,1
content,comp_bare_inf,0,coded,0,,1
content,comp_exclamative,0,coded,0,,1
content,comp_poss_ing,0,coded,0,,1
content,extraposition,1,coded,0,,1
content,raising,0,coded,0,,1
content,ditransitive,0,coded,0,,1
content,factive_passive,1,coded,0,,1
content,neg_raising,0,coded,0,,1
content,weak_island,1,coded,0,,1
content,pro_complement,0,coded,0,,1
content,npi_licenser,0,coded,0,,1
content,stative,1,coded,0,,1
content,content_noun_fact,0,coded,0,,1
content,derived_nominal,0,coded,0,,1
content,phrasal,0,lexical,0,,
content,be_copula,0,lexical,0,,
contest,that_omission,1,coded,0,,1
contest,comp_inf,0,coded,0,,1
contest,ecm,0,coded,0,,1
contest,comp_interrog,0,coded,0,,1
contest,comp_gerund,0,coded,0,,1
contest,comp_small_clause,0,coded,0,,1
contest,np_comp_alt,0,coded,0,,1
contest,direct_speech,0,coded,0,,1
contest,subjunctive_comp,0,coded,0,,1
contest,comp_for_to,0,coded,0,,1
contest,comp_bare_inf,0,coded,0,,1
contest,comp_exclamative,0,coded,0,,1
contest,comp_poss_ing,0,coded,0,,1
contest,extraposition,0,coded,0,,1
contest,raising,0,coded,0,,1
contest,ditransitive,0,coded,0,,1
contest,factive_passive,0,coded,0,,1
contest,neg_raising,0,coded,0,,1
contest,weak_island,0,coded,0,,1
contest,pro_complement,0,coded,0,,1
contest,npi_licenser,0,coded,0,,1
contest,stative,1,coded,0,,1
contest,content_noun_fact,0,coded,0,,1
contest,derived_nominal,0,coded,0,,1
contest,phrasal,0,lexical,0,,
contest,be_copula,0,lexical,0,,
convey,that_omission,1,coded,0,,1
convey,comp_inf,0,coded,0,,1
convey,ecm,0,coded,0,,1
convey,comp_interrog,0,coded,0,,1
convey,comp_gerund,0,coded,0,,1
convey,comp_small_clause,0,coded,0,,1
convey,np_comp_alt,0,coded,0,,1
convey,direct_speech,0,coded,0,,1
convey,subjunctive_comp,0,coded,0,,1
convey,comp_for_to,0,coded,0,,1
convey,comp_bare_inf,0,coded,0,,1
convey,comp_exclamative,0,coded,0,,1
convey,comp_poss_ing,0,coded,0,,1
convey,extraposition,0,coded,0,,1
convey,raising,0,coded,0,,1
convey,ditransitive,0,coded,0,,1
convey,factive_passive,0,coded,0,,1
convey,neg_raising,0,coded,0,,1
convey,weak_island,0,coded,0,,1
convey,pro_complement,0,coded,0,,1
convey,npi_licenser,0,coded,0,,1
convey,stative,1,coded,0,,1
convey,content_noun_fact,0,coded,0,,1
convey,derived_nominal,0,coded,0,,1
convey,phrasal,0,lexical,0,,
convey,be_copula,0,lexical,0,,
convince,that_omission,1,coded,0,,1
convince,comp_inf,1,coded,0,,1
convince,ecm,0,coded,0,,1
convince,comp_interrog,0,coded,0,,1
convince,comp_gerund,0,coded,0,,1
convince,comp_small_clause,1,coded,0,,1
convince,np_comp_alt,0,coded,0,,1
convince,direct_speech,0,coded,0,,1
convince,subjunctive_comp,0,coded,0,,1
convince,comp_for_to,0,coded,0,,1
convince,comp_bare_inf,0,coded,0,,1
convince,comp_exclamative,0,coded,0,,1
convince,comp_poss_ing,0,coded,0,,1
convince,extraposition,0,coded,0,,1
convince,raising,0,coded,0,,1
convince,ditransitive,1,coded,0,,1
convince,factive_passive,1,coded,0,,1
convince,neg_raising,0,coded,0,,1
convince,weak_island,0,coded,0,,1
convince,pro_complement,0,coded,0,,1
convince,npi_licenser,0,coded,0,,1
convince,stative,1,coded,0,,1
convince,content_noun_fact,0,coded,0,,1
convince,derived_nominal,0,coded,0,,1
convince,phrasal,0,lexical,0,,
convince,be_copula,0,lexical,0,,
corroborate,that_omission,1,coded,0,,1
corroborate,comp_inf,0,coded,0,,1
corroborate,ecm,0,coded,0,,1
corroborate,comp_interrog,0,coded,0,,1
corroborate,comp_gerund,0,coded,0,,1
corroborate,comp_small_clause,0,coded,0,,1
corroborate,np_comp_alt,0,coded,0,,1
corroborate,direct_speech,0,coded,0,,1
corroborate,subjunctive_comp,0,coded,0,,1
corroborate,comp_for_to,0,coded,0,,1
corroborate,comp_bare_inf,0,coded,0,,1
corroborate,comp_exclamative,0,coded,0,,1
corroborate,comp_poss_ing,0,coded,0,,1
corroborate,extraposition,0,coded,0,,1
corroborate,raising,0,coded,0,,1
corroborate,ditransitive,0,coded,0,,1
corroborate,factive_passive,0,coded,0,,1
corroborate,neg_raising,0,coded,0,,1
corroborate,weak_island,0,coded,0,,1
corroborate,pro_complement,0,coded,0,,1
corroborate,npi_licenser,0,coded,0,,1
corroborate,stative,1,coded,0,,1
corroborate,content_noun_fact,1,coded,0,,1
corroborate,derived_nominal,0,coded,0,,1
corroborate,phrasal,0,lexical,0,,
corroborate,be_copula,0,lexical,0,,
cringe,that_omission,1,coded,0,,1
cringe,comp_inf,0,coded,0,,1
cringe,ecm,0,coded,0,,1
cringe,comp_interrog,0,coded,0,,1
cringe,comp_gerund,0,coded,0,,1
cringe,comp_small_clause,0,coded,0,,1
cringe,np_comp_alt,0,coded,0,,1
cringe,direct_speech,0,coded,0,,1
cringe,subjunctive_comp,0,coded,0,,1
cringe,comp_for_to,0,coded,0,,1
cringe,comp_bare_inf,0,coded,0,,1
cringe,comp_exclamative,0,coded,0,,1
cringe,comp_poss_ing,0,coded,0,,1
cringe,extraposition,0,coded,0,,1
cringe,raising,0,coded,0,,1
cringe,ditransitive,0,coded,0,,1
cringe,factive_passive,0,coded,0,,1
cringe,neg_raising,0,coded,0,,1
cringe,weak_island,0,coded,0,,1
cringe,pro_complement,0,coded,0,,1
cringe,npi_licenser,0,coded,0,,1
cringe,stative,1,coded,0,,1
cringe,content_noun_fact,0,coded,0,,1
cringe,derived_nominal,0,coded,0,,1
cringe,phrasal,0,lexical,0,,
cringe,be_copula,0,lexical,0,,
crush,that_omission,1,coded,0,,1
crush,comp_inf,0,coded,0,,1
crush,ecm,0,coded,0,,1
crush,comp_interrog,0,coded,0,,1
crush,comp_gerund,0,coded,0,,1
crush,comp_small_clause,0,coded,0,,1
crush,np_comp_alt,0,coded,0,,1
crush,direct_speech,0,coded,0,,1
crush,subjunctive_comp,0,coded,0,,1
crush,comp_for_to,0,coded,0,,1
crush,comp_bare_inf,0,coded,0,,1
crush,comp_exclamative,0,coded,0,,1
crush,comp_poss_ing,0,coded,0,,1
crush,extraposition,1,coded,0,,1
crush,raising,0,coded,0,,1
crush,ditransitive,0,coded,0,,1
crush,factive_passive,1,coded,0,,1
crush,neg_raising,0,coded,0,,1
crush,weak_island,1,coded,0,,1
crush,pro_complement,0,coded,0,,1
crush,npi_licenser,0,coded,0,,1
crush,stative,1,coded,0,,1
crush,content_noun_fact,0,coded,0,,1
crush,derived_nominal,0,coded,0,,1
crush,phrasal,0,lexical,0,,
crush,be_copula,0,lexical,0,,
cry,that_omission,1,coded,0,,1
cry,comp_inf,1,coded,0,,1
cry,ecm,0,coded,0,,1
cry,comp_interrog,0,coded,0,,1
cry,comp_gerund,0,coded,0,,1
cry,comp_small_clause,0,coded,0,,1
cry,np_comp_alt,0,coded,0,,1
cry,direct_speech,1,coded,0,,1
cry,subjunctive_comp,0,coded,0,,1
cry,comp_for_to,0,coded,0,,1
cry,comp_bare_inf,0,coded,0,,1
cry,comp_exclamative,0,coded,0,,1
cry,comp_poss_ing,0,coded,0,,1
cry,extraposition,0,coded,0,,1
cry,raising,0,coded,0,,1
cry,ditransitive,0,coded,0,,1
cry,factive_passive,0,coded,0,,1
cry,neg_raising,0,coded,0,,1
cry,weak_island,0,coded,0,,1
cry,pro_complement,0,coded,0,,1
cry,npi_licenser,0,coded,0,,1
cry,stative,1,coded,0,,1
cry,content_noun_fact,0,coded,0,,1
cry,derived_nominal,0,coded,0,,1
cry,phrasal,0,lexical,0,,
cry,be_copula,0,lexical,0,,
daydream,that_omission,1,coded,0,,1
daydream,comp_inf,1,coded,0,,1
daydream,ecm,0,coded,0,,1
daydream,comp_interrog,0,coded,0,,1
daydream,comp_gerund,0,coded,0,,1
daydream,comp_small_clause,0,coded,0,,1
daydream,np_comp_alt,0,coded,0,,1
daydream,direct_speech,0,coded,0,,1
daydream,subjunctive_comp,0,coded,0,,1
daydream,comp_for_to,0,coded,0,,1
daydream,comp_bare_inf,0,coded,0,,1
daydream,comp_exclamative,0,coded,0,,1
daydream,comp_poss_ing,0,coded,0,,1
daydream,extraposition,0,coded,0,,1
daydream,raising,0,coded,0,,1
daydream,ditransitive,0,coded,0,,1
daydream,factive_passive,0,coded,0,,1
daydream,neg_raising,0,coded,0,,1
daydream,weak_island,0,coded,0,,1
daydream,pro_complement,0,coded,0,,1
daydream,npi_licenser,1,coded,0,,1
daydream,stative,1,coded,0,,1
daydream,content_noun_fact,0,coded,0,,1
daydream,derived_nominal,0,coded,0,,1
daydream,phrasal,0,lexical,0,,
daydream,be_copula,0,lexical,0,,
daze,that_omission,1,coded,0,,1
daze,comp_inf,0,coded,0,,1
daze,ecm,0,coded,0,,1
daze,comp_interrog,0,coded,0,,1
daze,comp_gerund,0,coded,0,,1
daze,comp_small_clause,0,coded,0,,1
daze,np_comp_alt,0,coded,0,,1
daze,direct_speech,0,coded,0,,1
daze,subjunctive_comp,0,coded,0,,1
daze,comp_for_to,0,coded,0,,1
daze,comp_bare_inf,0,coded,0,,1
daze,comp_exclamative,0,coded,0,,1
daze,comp_poss_ing,0,coded,0,,1
daze,extraposition,1,coded,0,,1
daze,raising,0,coded,0,,1
daze,ditransitive,0,coded,0,,1
daze,factive_passive,1,coded,0,,1
daze,neg_raising,0,coded,0,,1
daze,weak_island,1,coded,0,,1
daze,pro_complement,0,coded,0,,1
daze,npi_licenser,0,coded,0,,1
daze,stative,1,coded,0,,1
daze,content_noun_fact,0,coded,0,,1
daze,derived_nominal,0,coded,0,,1
daze,phrasal,0,lexical,0,,
daze,be_copula,0,lexical,0,,
debate,that_omission,1,coded,0,,1
debate,comp_inf,0,coded,0,,1
debate,ecm,0,coded,0,,1
debate,comp_interrog,0,coded,0,,1
debate,comp_gerund,0,coded,0,,1
debate,comp_small_clause,0,coded,0,,1
debate,np_comp_alt,0,coded,0,,1
debate,direct_speech,0,coded,0,,1
debate,subjunctive_comp,0,coded,0,,1
debate,comp_for_to,0,coded,0,,1
debate,comp_bare_inf,0,coded,0,,1
debate,comp_exclamative,0,coded,0,,1
debate,comp_poss_ing,0,coded,0,,1
debate,extraposition,0,coded,0,,1
debate,raising,0,coded,0,,1
debate,ditransitive,0,coded,0,,1
debate,factive_passive,0,coded,0,,1
debate,neg_raising,0,coded,0,,1
debate,weak_island,0,coded,0,,1
debate,pro_complement,0,coded,0,,1
debate,npi_licenser,0,coded,0,,1
debate,stative,1,coded,0,,1
debate,content_noun_fact,0,coded,0,,1
debate,derived_nominal,0,coded,0,,1
debate,phrasal,0,lexical,0,,
debate,be_copula,0,lexical,0,,
deceive,that_omission,1,coded,0,,1
deceive,comp_inf,1,coded,0,,1
deceive,ecm,0,coded,0,,1
deceive,comp_interrog,0,coded,0,,1
deceive,comp_gerund,0,coded,0,,1
deceive,comp_small_clause,1,coded,0,,1
deceive,np_comp_alt,0,coded,0,,1
deceive,direct_speech,0,coded,0,,1
deceive,subjunctive_comp,0,coded,0,,1
deceive,comp_for_to,0,coded,0,,1
deceive,comp_bare_inf,0,coded,0,,1
deceive,comp_exclamative,0,coded,0,,1
deceive,comp_poss_ing,0,coded,0,,1
deceive,extraposition,0,coded,0,,1
deceive,raising,0,coded,0,,1
deceive,ditransitive,0,coded,0,,1
deceive,factive_passive,0,coded,0,,1
deceive,neg_raising,0,coded,0,,1
deceive,weak_island,0,coded,0,,1
deceive,pro_complement,0,coded,0,,1
deceive,npi_licenser,0,coded,0,,1
deceive,stative,1,coded,0,,1
deceive,content_noun_fact,0,coded,0,,1
deceive,derived_nominal,0,coded,0,,1
deceive,phrasal,0,lexical,0,,
deceive,be_copula,0,lexical,0,,
declare,that_omission,1,coded,0,,1
declare,comp_inf,1,coded,0,,1
declare,ecm,0,coded,0,,1
declare,comp_interrog,0,coded,0,,1
declare,comp_gerund,0,coded,0,,1
declare,comp_small_clause,0,coded,0,,1
declare,np_comp_alt,1,coded,0,,1
declare,direct_speech,1,coded,0,,1
declare,subjunctive_comp,0,coded,0,,1
declare,comp_for_to,0,coded,0,,1
declare,comp_bare_inf,0,coded,0,,1
declare,comp_exclamative,0,coded,0,,1
declare,comp_poss_ing,0,coded,0,,1
declare,extraposition,0,coded,0,,1
declare,raising,0,coded,0,,1
declare,ditransitive,0,coded,0,,1
declare,factive_passive,0,coded,0,,1
declare,neg_raising,0,coded,0,,1
declare,weak_island,0,coded,0,,1
declare,pro_complement,0,coded,0,,1
declare,npi_licenser,0,coded,0,,1
declare,stative,1,coded,0,,1
declare,content_noun_fact,0,coded,0,,1
declare,derived_nominal,1,coded,0,,1
declare,phrasal,0,lexical,0,,
declare,be_copula,0,lexical,0,,
decree,that_omission,1,coded,0,,1
decree,comp_inf,1,coded,0,,1
decree,ecm,0,coded,0,,1
decree,comp_interrog,0,coded,0,,1
decree,comp_gerund,0,coded,0,,1
decree,comp_small_clause,0,coded,0,,1
decree,np_comp_alt,0,coded,0,,1
decree,direct_speech,0,coded,0,,1
decree,subjunctive_comp,1,coded,0,,1
decree,comp_for_to,0,coded,0,,1
decree,comp_bare_inf,0,coded,0,,1
decree,comp_exclamative,0,coded,0,,1
decree,comp_poss_ing,0,coded,0,,1
decree,extraposition,0,coded,0,,1
decree,raising,0,coded,0,,1
decree,ditransitive,0,coded,0,,1
decree,factive_passive,0,coded,0,,1
decree,neg_raising,0,coded,0,,1
decree,weak_island,0,coded,0,,1
decree,pro_complement,0,coded,0,,1
decree,npi_licenser,0,coded,0,,1
decree,stative,1,coded,0,,1
decree,content_noun_fact,0,coded,0,,1
decree,derived_nominal,1,coded,0,,1
decree,phrasal,0,lexical,0,,
decree,be_copula,0,lexical,0,,
delight,that_omission,1,coded,0,,1
delight,comp_inf,1,coded,0,,1
delight,ecm,0,coded,0,,1
delight,comp_interrog,0,coded,0,,1
delight,comp_gerund,0,coded,0,,1
delight,comp_small_clause,0,coded,0,,1
delight,np_comp_alt,0,coded,0,,1
delight,direct_speech,0,coded,0,,1
delight,subjunctive_comp,0,coded,0,,1
delight,comp_for_to,0,coded,0,,1
delight,comp_bare_inf,0,coded,0,,1
delight,comp_exclamative,0,coded,0,,1
delight,comp_poss_ing,0,coded,0,,1
delight,extraposition,1,coded,0,,1
delight,raising,0,coded,0,,1
delight,ditransitive,0,coded,0,,1
delight,factive_passive,1,coded,0,,1
delight,neg_raising,0,coded,0,,1
delight,weak_island,1,coded,0,,1
delight,pro_complement,0,coded,0,,1
delight,npi_licenser,0,coded,0,,1
delight,stative,1,coded,0,,1
delight,content_noun_fact,0,coded,0,,1
delight,derived_nominal,0,coded,0,,1
delight,phrasal,0,lexical,0,,
delight,be_copula,0,lexical,0,,
delude,that_omission,1,coded,0,,1
delude,comp_inf,0,coded,0,,1
delude,ecm,0,coded,0,,1
delude,comp_interrog,0,coded,0,,1
delude,comp_gerund,0,coded,0,,1
delude,comp_small_clause,0,coded,0,,1
delude,np_comp_alt,0,coded,0,,1
delude,direct_speech,0,coded,0,,1
delude,subjunctive_comp,0,coded,0,,1
delude,comp_for_to,0,coded,0,,1
delude,comp_bare_inf,0,coded,0,,1
delude,comp_exclamative,0,coded,0,,1
delude,comp_poss_ing,0,coded,0,,1
delude,extraposition,0,coded,0,,1
delude,raising,0,coded,0,,1
delude,ditransitive,0,coded,0,,1
delude,factive_passive,0,coded,0,,1
delude,neg_raising,0,coded,0,,1
delude,weak_island,0,coded,0,,1
delude,pro_complement,0,coded,0,,1
delude,npi_licenser,0,coded,0,,1
delude,stative,1,coded,0,,1
delude,content_noun_fact,0,coded,0,,1
delude,derived_nominal,0,coded,0,,1
delude,phrasal,0,lexical,0,,
delude,be_copula,0,lexical,0,,
demonstrate,that_omission,1,coded,0,,1
demonstrate,comp_inf,1,coded,0,,1
demonstrate,ecm,1,coded,0,,1
demonstrate,comp_interrog,1,coded,0,,1
demonstrate,comp_gerund,0,coded,0,,1
demonstrate,comp_small_clause,0,coded,0,,1
demonstrate,np_comp_alt,1,coded,0,,1
demonstrate,direct_speech,0,coded,0,,1
demonstrate,subjunctive_comp,0,coded,0,,1
demonstrate,comp_for_to,0,coded,0,,1
demonstrate,comp_bare_inf,0,coded,0,,1
demonstrate,comp_exclamative,0,coded,0,,1
demonstrate,comp_poss_ing,0,coded,0,,1
demonstrate,extraposition,0,coded,0,,1
demonstrate,raising,0,coded,0,,1
demonstrate,ditransitive,1,coded,0,,1
demonstrate,factive_passive,1,coded,0,,1
demonstrate,neg_raising,0,coded,0,,1
demonstrate,weak_island,0,coded,0,,1
demonstrate,pro_complement,0,coded,0,,1
demonstrate,npi_licenser,0,coded,0,,1
demonstrate,stative,1,coded,0,,1
demonstrate,content_noun_fact,0,coded,0,,1
demonstrate,derived_nominal,0,coded,0,,1
demonstrate,phrasal,0,lexical,0,,
demonstrate,be_copula,0,lexical,0,,
demoralize,that_omission,1,coded,0,,1
demoralize,comp_inf,0,coded,0,,1
demoralize,ecm,0,coded,0,,1
demoralize,comp_interrog,0,coded,0,,1
demoralize,comp_gerund,0,coded,0,,1
demoralize,comp_small_clause,0,coded,0,,1
demoralize,np_comp_alt,0,coded,0,,1
demoralize,direct_speech,0,coded,0,,1
demoralize,subjunctive_comp,0,coded,0,,1
demoralize,comp_for_to,0,coded,0,,1
demoralize,comp_bare_inf,0,coded,0,,1
demoralize,comp_exclamative,0,coded,0,,1
demoralize,comp_poss_ing,0,coded,0,,1
demoralize,extraposition,1,coded,0,,1
demoralize,raising,0,coded,0,,1
demoralize,ditransitive,0,coded,0,,1
demoralize,factive_passive,1,coded,0,,1
demoralize,neg_raising,0,coded,0,,1
demoralize,weak_island,1,coded,0,,1
demoralize,pro_complement,0,coded,0,,1
demoralize,npi_licenser,0,coded,0,,1
demoralize,stative,1,coded,0,,1
demoralize,content_noun_fact,0,coded,0,,1
demoralize,derived_nominal,0,coded,0,,1
demoralize,phrasal,0,lexical,0,,
demoralize,be_copula,0,lexical,0,,
denounce,that_omission,1,coded,0,,1
denounce,comp_inf,0,coded,0,,1
denounce,ecm,0,coded,0,,1
denounce,comp_interrog,0,coded,0,,1
denounce,comp_gerund,0,coded,0,,1
denounce,comp_small_clause,0,coded,0,,1
denounce,np_comp_alt,0,coded,0,,1
denounce,direct_speech,0,coded,0,,1
denounce,subjunctive_comp,0,coded,0,,1
denounce,comp_for_to,0,coded,0,,1
denounce,comp_bare_inf,0,coded,0,,1
denounce,comp_exclamative,0,coded,0,,1
denounce,comp_poss_ing,0,coded,0,,1
denounce,extraposition,0,coded,0,,1
denounce,raising,0,coded,0,,1
denounce,ditransitive,0,coded,0,,1
denounce,factive_passive,0,coded,0,,1
denounce,neg_raising,0,coded,0,,1
denounce,weak_island,0,coded,0,,1
denounce,pro_complement,0,coded,0,,1
denounce,npi_licenser,0,coded,0,,1
denounce,stative,1,coded,0,,1
denounce,content_noun_fact,0,coded,0,,1
denounce,derived_nominal,0,coded,0,,1
denounce,phrasal,0,lexical,0,,
denounce,be_copula,0,lexical,0,,
depict,that_omission,1,coded,0,,1
depict,comp_inf,1,coded,0,,1
depict,ecm,0,coded,0,,1
depict,comp_interrog,0,coded,0,,1
depict,comp_gerund,0,coded,0,,1
depict,comp_small_clause,0,coded,0,,1
depict,np_comp_alt,0,coded,0,,1
depict,direct_speech,0,coded,0,,1
depict,subjunctive_comp,0,coded,0,,1
depict,comp_for_to,0,coded,0,,1
depict,comp_bare_inf,0,coded,0,,1
depict,comp_exclamative,0,coded,0,,1
depict,comp_poss_ing,0,coded,0,,1
depict,extraposition,0,coded,0,,1
depict,raising,0,coded,0,,1
depict,ditransitive,0,coded,0,,1
depict,factive_passive,0,coded,0,,1
depict,neg_raising,0,coded,0,,1
depict,weak_island,0,coded,0,,1
depict,pro_complement,0,coded,0,,1
depict,npi_licenser,0,coded,0,,1
depict,stative,1,coded,0,,1
depict,content_noun_fact,0,coded,0,,1
depict,derived_nominal,0,coded,0,,1
depict,phrasal,0,lexical,0,,
depict,be_copula,0,lexical,0,,
depress,that_omission,1,coded,0,,1
depress,comp_inf,0,coded,0,,1
depress,ecm,0,coded,0,,1
depress,comp_interrog,0,coded,0,,1
depress,comp_gerund,0,coded,0,,1
depress,comp_small_clause,0,coded,0,,1
depress,np_comp_alt,0,coded,0,,1
depress,direct_speech,0,coded,0,,1
depress,subjunctive_comp,0,coded,0,,1
depress,comp_for_to,0,coded,0,,1
depress,comp_bare_inf,0,coded,0,,1
depress,comp_exclamative,0,coded,0,,1
depress,comp_poss_ing,0,coded,0,,1
depress,extraposition,1,coded,0,,1
depress,raising,0,coded,0,,1
depress,ditransitive,0,coded,0,,1
depress,factive_passive,1,coded,0,,1
depress,neg_raising,0,coded,0,,1
depress,weak_island,1,coded,0,,1
depress,pro_complement,0,coded,0,,1
depress,npi_licenser,0,coded,0,,1
depress,stative,1,coded,0,,1
depress,content_noun_fact,0,coded,0,,1
depress,derived_nominal,0,coded,0,,1
depress,phrasal,0,lexical,0,,
depress,be_copula,0,lexical,0,,
derive,that_omission,1,coded,0,,1
derive,comp_inf,0,coded,0,,1
derive,ecm,0,coded,0,,1
derive,comp_interrog,0,coded,0,,1
derive,comp_gerund,0,coded,0,,1
derive,comp_small_clause,0,coded,0,,1
derive,np_comp_alt,0,coded,0,,1
derive,direct_speech,0,coded,0,,1
derive,subjunctive_comp,0,coded,0,,1
derive,comp_for_to,0,coded,0,,1
derive,comp_bare_inf,0,coded,0,,1
derive,comp_exclamative,0,coded,0,,1
derive,comp_poss_ing,0,coded,0,,1
derive,extraposition,0,coded,0,,1
derive,raising,0,coded,0,,1
derive,ditransitive,0,coded,0,,1
derive,factive_passive,0,coded,0,,1
derive,neg_raising,0,coded,0,,1
derive,weak_island,0,coded,0,,1
derive,pro_complement,1,coded,0,,1
derive,npi_licenser,0,coded,0,,1
derive,stative,1,coded,0,,1
derive,content_noun_fact,0,coded,0,,1
derive,derived_nominal,0,coded,0,,1
derive,phrasal,0,lexical,0,,
derive,be_copula,0,lexical,0,,
describe,that_omission,1,coded,0,,1
describe,comp_inf,1,coded,0,,1
describe,ecm,0,coded,0,,1
describe,comp_interrog,1,coded,0,,1
describe,comp_gerund,0,coded,0,,1
describe,comp_small_clause,0,coded,0,,1
describe,np_comp_alt,0,coded,0,,1
describe,direct_speech,0,coded,0,,1
describe,subjunctive_comp,0,coded,0,,1
describe,comp_for_to,0,coded,0,,1
describe,comp_bare_inf,0,coded,0,,1
describe,comp_exclamative,0,coded,0,,1
describe,comp_poss_ing,0,coded,0,,1
describe,extraposition,0,coded,0,,1
describe,raising,0,coded,0,,1
describe,ditransitive,0,coded,0,,1
describe,factive_passive,0,coded,0,,1
describe,neg_raising,0,coded,0,,1
describe,weak_island,0,coded,0,,1
describe,pro_complement,0,coded,0,,1
describe,npi_licenser,0,coded,0,,1
describe,stative,1,coded,0,,1
describe,content_noun_fact,0,coded,0,,1
describe,derived_nominal,0,coded,0,,1
describe,phrasal,0,lexical,0,,
describe,be_copula,0,lexical,0,,
despair,that_omission,1,coded,0,,1
despair,comp_inf,1,coded,0,,1
despair,ecm,0,coded,0,,1
despair,comp_interrog,0,coded,0,,1
despair,comp_gerund,0,coded,0,,1
despair,comp_small_clause,0,coded,0,,1
despair,np_comp_alt,0,coded,0,,1
despair,direct_speech,0,coded,0,,1
despair,subjunctive_comp,0,coded,0,,1
despair,comp_for_to,0,coded,0,,1
despair,comp_bare_inf,0,coded,0,,1
despair,comp_exclamative,0,coded,0,,1
despair,comp_poss_ing,0,coded,0,,1
despair,extraposition,0,coded,0,,1
despair,raising,0,coded,0,,1
despair,ditransitive,0,coded,0,,1
despair,factive_passive,0,coded,0,,1
despair,neg_raising,0,coded,0,,1
despair,weak_island,0,coded,0,,1
despair,pro_complement,0,coded,0,,1
despair,npi_licenser,0,coded,0,,1
despair,stative,1,coded,0,,1
despair,content_noun_fact,0,coded,0,,1
despair,derived_nominal,0,coded,0,,1
despair,phrasal,0,lexical,0,,
despair,be_copula,0,lexical,0,,
despise,that_omission,0,coded,0,,1
despise,comp_inf,0,coded,0,,1
despise,ecm,0,coded,0,,1
despise,comp_interrog,0,coded,0,,1
despise,comp_gerund,1,coded,0,,1
despise,comp_small_clause,0,coded,0,,1
despise,np_comp_alt,0,coded,0,,1
despise,direct_speech,0,coded,0,,1
despise,subjunctive_comp,0,coded,0,,1
despise,comp_for_to,0,coded,0,,1
despise,comp_bare_inf,0,coded,0,,1
despise,comp_exclamative,0,coded,0,,1
despise,comp_poss_ing,1,coded,0,,1
despise,extraposition,0,coded,0,,1
despise,raising,0,coded,0,,1
despise,ditransitive,0,coded,0,,1
despise,factive_passive,0,coded,0,,1
despise,neg_raising,0,coded,0,,1
despise,weak_island,1,coded,0,,1
despise,pro_complement,0,coded,0,,1
despise,npi_licenser,0,coded,0,,1
despise,stative,1,coded,0,,1
despise,content_noun_fact,1,coded,0,,1
despise,derived_nominal,0,coded,0,,1
despise,phrasal,0,lexical,0,,
despise,be_copula,0,lexical,0,,
detail,that_omission,1,coded,0,,1
detail,comp_inf,0,coded,0,,1
detail,ecm,0,coded,0,,1
detail,comp_interrog,0,coded,0,,1
detail,comp_gerund,0,coded,0,,1
detail,comp_small_clause,0,coded,0,,1
detail,np_comp_alt,0,coded,0,,1
detail,direct_speech,0,coded,0,,1
detail,subjunctive_comp,0,coded,0,,1
detail,comp_for_to,0,coded,0,,1
detail,comp_bare_inf,0,coded,0,,1
detail,comp_exclamative,0,coded,0,,1
detail,comp_poss_ing,0,coded,0,,1
detail,extraposition,0,coded,0,,1
detail,raising,0,coded,0,,1
detail,ditransitive,0,coded,0,,1
detail,factive_passive,0,coded,0,,1
detail,neg_raising,0,coded,0,,1
detail,weak_island,1,coded,0,,1
detail,pro_complement,0,coded,0,,1
detail,npi_licenser,0,coded,0,,1
detail,stative,1,coded,0,,1
detail,content_noun_fact,1,coded,0,,1
detail,derived_nominal,0,coded,0,,1
detail,phrasal,0,lexical,0,,
detail,be_copula,0,lexical,0,,
detect,that_omission,1,coded,0,,1
detect,comp_inf,0,coded,0,,1
detect,ecm,0,coded,0,,1
detect,comp_interrog,1,coded,0,,1
detect,comp_gerund,0,coded,0,,1
detect,comp_small_clause,0,coded,0,,1
detect,np_comp_alt,0,coded,0,,1
detect,direct_speech,0,coded,0,,1
detect,subjunctive_comp,0,coded,0,,1
detect,comp_for_to,0,coded,0,,1
detect,comp_bare_inf,0,coded,0,,1
detect,comp_exclamative,0,coded,0,,1
detect,comp_poss_ing,0,coded,0,,1
detect,extraposition,0,coded,0,,1
detect,raising,0,coded,0,,1
detect,ditransitive,0,coded,0,,1
detect,factive_passive,0,coded,0,,1
detect,neg_raising,0,coded,0,,1
detect,weak_island,1,coded,0,,1
detect,pro_complement,0,coded,0,,1
detect,npi_licenser,0,coded,0,,1
detect,stative,0,coded,0,,1
detect,content_noun_fact,1,coded,0,,1
detect,derived_nominal,0,coded,0,,1
detect,phrasal,0,lexical,0,,
detect,be_copula,0,lexical,0,,
determine,that_omission,1,coded,0,,1
determine,comp_inf,1,coded,0,,1
determine,ecm,0,coded,0,,1
determine,comp_interrog,1,coded,0,,1
determine,comp_gerund,0,coded,0,,1
determine,comp_small_clause,0,coded,0,,1
determine,np_comp_alt,1,coded,0,,1
determine,direct_speech,0,coded,0,,1
determine,subjunctive_comp,0,coded,0,,1
determine,comp_for_to,0,coded,0,,1
determine,comp_bare_inf,0,coded,0,,1
determine,comp_exclamative,0,coded,0,,1
determine,comp_poss_ing,0,coded,0,,1
determine,extraposition,0,coded,0,,1
determine,raising,0,coded,0,,1
determine,ditransitive,0,coded,0,,1
determine,factive_passive,0,coded,0,,1
determine,neg_raising,0,coded,0,,1
determine,weak_island,1,coded,0,,1
determine,pro_complement,0,coded,0,,1
determine,npi_licenser,0,coded,0,,1
determine,stative,0,coded,0,,1
determine,content_noun_fact,1,coded,0,,1
determine,derived_nominal,1,coded,0,,1
determine,phrasal,0,lexical,0,,
determine,be_copula,0,lexical,0,,
detest,that_omission,0,coded,0,,1
detest,comp_inf,1,coded,0,,1
detest,ecm,0,coded,0,,1
detest,comp_interrog,0,coded,0,,1
detest,comp_gerund,1,coded,0,,1
detest,comp_small_clause,0,coded,0,,1
detest,np_comp_alt,0,coded,0,,1
detest,direct_speech,0,coded,0,,1
detest,subjunctive_comp,0,coded,0,,1
detest,comp_for_to,0,coded,0,,1
detest,comp_bare_inf,0,coded,0,,1
detest,comp_exclamative,0,coded,0,,1
detest,comp_poss_ing,1,coded,0,,1
detest,extraposition,0,coded,0,,1
detest,raising,0,coded,0,,1
detest,ditransitive,0,coded,0,,1
detest,factive_passive,0,coded,0,,1
detest,neg_raising,0,coded,0,,1
detest,weak_island,1,coded,0,,1
detest,pro_complement,0,coded,0,,1
detest,npi_licenser,0,coded,0,,1
detest,stative,1,coded,0,,1
detest,content_noun_fact,1,coded,0,,1
detest,derived_nominal,0,coded,0,,1
detest,phrasal,0,lexical,0,,
detest,be_copula,0,lexical,0,,
devastate,that_omission,1,coded,0,,1
devastate,comp_inf,0,coded,0,,1
devastate,ecm,0,coded,0,,1
devastate,comp_interrog,0,coded,0,,1
devastate,comp_gerund,0,coded,0,,1
devastate,comp_small_clause,0,coded,0,,1
devastate,np_comp_alt,0,coded,0,,1
devastate,direct_speech,0,coded,0,,1
devastate,subjunctive_comp,0,coded,0,,1
devastate,comp_for_to,0,coded,0,,1
devastate,comp_bare_inf,0,coded,0,,1
devastate,comp_exclamative,0,coded,0,,1
devastate,comp_poss_ing,0,coded,0,,1
devastate,extraposition,1,coded,0,,1
devastate,raising,0,coded,0,,1
devastate,ditransitive,0,coded,0,,1
devastate,factive_passive,1,coded,0,,1
devastate,neg_raising,0,coded,0,,1
devastate,weak_island,1,coded,0,,1
devastate,pro_complement,0,coded,0,,1
devastate,npi_licenser,0,coded,0,,1
devastate,stative,1,coded,0,,1
devastate,content_noun_fact,0,coded,0,,1
devastate,derived_nominal,0,coded,0,,1
devastate,phrasal,0,lexical,0,,
devastate,be_copula,0,lexical,0,,
diagnose,that_omission,1,coded,0,,1
diagnose,comp_inf,1,coded,0,,1
diagnose,ecm,0,coded,0,,1
diagnose,comp_interrog,0,coded,0,,1
diagnose,comp_gerund,0,coded,0,,1
diagnose,comp_small_clause,0,coded,0,,1
diagnose,np_comp_alt,0,coded,0,,1
diagnose,direct_speech,0,coded,0,,1
diagnose,subjunctive_comp,0,coded,0,,1
diagnose,comp_for_to,0,coded,0,,1
diagnose,comp_bare_inf,0,coded,0,,1
diagnose,comp_exclamative,0,coded,0,,1
diagnose,comp_poss_ing,0,coded,0,,1
diagnose,extraposition,0,coded,0,,1
diagnose,raising,0,coded,0,,1
diagnose,ditransitive,0,coded,0,,1
diagnose,factive_passive,0,coded,0,,1
diagnose,neg_raising,0,coded,0,,1
diagnose,weak_island,1,coded,0,,1
diagnose,pro_complement,0,coded,0,,1
diagnose,npi_licenser,0,coded,0,,1
diagnose,stative,0,coded,0,,1
diagnose,content_noun_fact,1,coded,0,,1
diagnose,derived_nominal,0,coded,0,,1
diagnose,phrasal,0,lexical,0,,
diagnose,be_copula,0,lexical,0,,
dictate,that_omission,1,coded,0,,1
dictate,comp_inf,1,coded,0,,1
dictate,ecm,0,coded,0,,1
dictate,comp_interrog,0,coded,0,,1
dictate,comp_gerund,0,coded,0,,1
dictate,comp_small_clause,1,coded,0,,1
dictate,np_comp_alt,0,coded,0,,1
dictate,direct_speech,0,coded,0,,1
dictate,subjunctive_comp,1,coded,0,,1
dictate,comp_for_to,0,coded,0,,1
dictate,comp_bare_inf,0,coded,0,,1
dictate,comp_exclamative,0,coded,0,,1
dictate,comp_poss_ing,0,coded,0,,1
dictate,extraposition,0,coded,0,,1
dictate,raising,0,coded,0,,1
dictate,ditransitive,0,coded,0,,1
dictate,factive_passive,0,coded,0,,1
dictate,neg_raising,0,coded,0,,1
dictate,weak_island,0,coded,0,,1
dictate,pro_complement,0,coded,0,,1
dictate,npi_licenser,0,coded,0,,1
dictate,stative,1,coded,0,,1
dictate,content_noun_fact,0,coded,0,,1
dictate,derived_nominal,0,coded,0,,1
dictate,phrasal,0,lexical,0,,
dictate,be_copula,0,lexical,0,,
disagree,that_omission,1,coded,0,,1
disagree,comp_inf,0,coded,0,,1
disagree,ecm,0,coded,0,,1
disagree,comp_interrog,0,coded,0,,1
disagree,comp_gerund,0,coded,0,,1
disagree,comp_small_clause,0,coded,0,,1
disagree,np_comp_alt,0,coded,0,,1
disagree,direct_speech,0,coded,0,,1
disagree,subjunctive_comp,0,coded,0,,1
disagree,comp_for_to,0,coded,0,,1
disagree,comp_bare_inf,0,coded,0,,1
disagree,comp_exclamative,0,coded,0,,1
disagree,comp_poss_ing,0,coded,0,,1
disagree,extraposition,0,coded,0,,1
disagree,raising,0,coded,0,,1
disagree,ditransitive,0,coded,0,,1
disagree,factive_passive,0,coded,0,,1
disagree,neg_raising,0,coded,0,,1
disagree,weak_island,0,coded,0,,1
disagree,pro_complement,0,coded,0,,1
disagree,npi_licenser,0,coded,0,,1
disagree,stative,1,coded,0,,1
disagree,content_noun_fact,0,coded,0,,1
disagree,derived_nominal,0,coded,0,,1
disagree,phrasal,0,lexical,0,,
disagree,be_copula,0,lexical,0,,
disappoint,that_omission,1,coded,0,,1
disappoint,comp_inf,1,coded,0,,1
disappoint,ecm,0,coded,0,,1
disappoint,comp_interrog,0,coded,0,,1
disappoint,comp_gerund,0,coded,0,,1
disappoint,comp_small_clause,0,coded,0,,1
disappoint,np_comp_alt,0,coded,0,,1
disappoint,direct_speech,0,coded,0,,1
disappoint,subjunctive_comp,0,coded,0,,1
disappoint,comp_for_to,0,coded,0,,1
disappoint,comp_bare_inf,0,coded,0,,1
disappoint,comp_exclamative,0,coded,0,,1
disappoint,comp_poss_ing,0,coded,0,,1
disappoint,extraposition,0,coded,0,,1
disappoint,raising,0,coded,0,,1
disappoint,ditransitive,0,coded,0,,1
disappoint,factive_passive,0,coded,0,,1
disappoint,neg_raising,0,coded,0,,1
disappoint,weak_island,1,coded,0,,1
disappoint,pro_complement,0,coded,0,,1
disappoint,npi_licenser,0,coded,0,,1
disappoint,stative,1,coded,0,,1
disappoint,content_noun_fact,1,coded,0,,1
disappoint,derived_nominal,0,coded,0,,1
disappoint,phrasal,0,lexical,0,,
disappoint,be_copula,0,lexical,0,,
disapprove,that_omission,1,coded,0,,1
disapprove,comp_inf,0,coded,0,,1
disapprove,ecm,0,coded,0,,1
disapprove,comp_interrog,0,coded,0,,1
disapprove,comp_gerund,0,coded,0,,1
disapprove,comp_small_clause,0,coded,0,,1
disapprove,np_comp_alt,0,coded,0,,1
disapprove,direct_speech,0,coded,0,,1
disapprove,subjunctive_comp,0,coded,0,,1
disapprove,comp_for_to,0,coded,0,,1
disapprove,comp_bare_inf,0,coded,0,,1
disapprove,comp_exclamative,0,coded,0,,1
disapprove,comp_poss_ing,0,coded,0,,1
disapprove,extraposition,0,coded,0,,1
disapprove,raising,0,coded,0,,1
disapprove,ditransitive,0,coded,0,,1
disapprove,factive_passive,0,coded,0,,1
disapprove,neg_raising,0,coded,0,,1
disapprove,weak_island,1,coded,0,,1
disapprove,pro_complement,0,coded,0,,1
disapprove,npi_licenser,0,coded,0,,1
disapprove,stative,1,coded,0,,1
disapprove,content_noun_fact,1,coded,0,,1
disapprove,derived_nominal,0,coded,0,,1
disapprove,phrasal,0,lexical,0,,
disapprove,be_copula,0,lexical,0,,
disbelieve,that_omission,1,coded,0,,1
disbelieve,comp_inf,0,coded,0,,1
disbelieve,ecm,0,coded,0,,1
disbelieve,comp_interrog,0,coded,0,,1
disbelieve,comp_gerund,0,coded,0,,1
disbelieve,comp_small_clause,0,coded,0,,1
disbelieve,np_comp_alt,0,coded,0,,1
disbelieve,direct_speech,0,coded,0,,1
disbelieve,subjunctive_comp,0,coded,0,,1
disbelieve,comp_for_to,0,coded,0,,1
disbelieve,comp_bare_inf,0,coded,0,,1
disbelieve,comp_exclamative,0,coded,0,,1
disbelieve,comp_poss_ing,0,coded,0,,1
disbelieve,extraposition,0,coded,0,,1
disbelieve,raising,0,coded,0,,1
disbelieve,ditransitive,0,coded,0,,1
disbelieve,factive_passive,0,coded,0,,1
disbelieve,neg_raising,0,coded,0,,1
disbelieve,weak_island,0,coded,0,,1
disbelieve,pro_complement,1,coded,0,,1
disbelieve,npi_licenser,1,coded,0,,1
disbelieve,stative,1,coded,0,,1
disbelieve,content_noun_fact,0,coded,0,,1
disbelieve,derived_nominal,0,coded,0,,1
disbelieve,phrasal,0,lexical,0,,
disbelieve,be_copula,0,lexical,0,,
disclose,that_omission,1,coded,0,,1
disclose,comp_inf,1,coded,0,,1
disclose,ecm,0,coded,0,,1
disclose,comp_interrog,1,coded,0,,1
disclose,comp_gerund,0,coded,0,,1
disclose,comp_small_clause,0,coded,0,,1
disclose,np_comp_alt,1,coded,0,,1
disclose,direct_speech,0,coded,0,,1
disclose,subjunctive_comp,0,coded,0,,1
disclose,comp_for_to,0,coded,0,,1
disclose,comp_bare_inf,0,coded,0,,1
disclose,comp_exclamative,1,coded,0,,1
disclose,comp_poss_ing,0,coded,0,,1
disclose,extraposition,0,coded,0,,1
disclose,raising,0,coded,0,,1
disclose,ditransitive,0,coded,0,,1
disclose,factive_passive,0,coded,0,,1
disclose,neg_raising,0,coded,0,,1
disclose,weak_island,1,coded,0,,1
disclose,pro_complement,0,coded,0,,1
disclose,npi_licenser,0,coded,0,,1
disclose,stative,1,coded,0,,1
disclose,content_noun_fact,1,coded,0,,1
disclose,derived_nominal,0,coded,0,,1
disclose,phrasal,0,lexical,0,,
disclose,be_copula,0,lexical,0,,
discuss,that_omission,1,coded,0,,1
discuss,comp_inf,0,coded,0,,1
discuss,ecm,0,coded,0,,1
discuss,comp_interrog,0,coded,0,,1
discuss,comp_gerund,0,coded,0,,1
discuss,comp_small_clause,0,coded,0,,1
discuss,np_comp_alt,0,coded,0,,1
discuss,direct_speech,0,coded,0,,1
discuss,subjunctive_comp,0,coded,0,,1
discuss,comp_for_to,0,coded,0,,1
discuss,comp_bare_inf,0,coded,0,,1
discuss,comp_exclamative,0,coded,0,,1
discuss,comp_poss_ing,0,coded,0,,1
discuss,extraposition,0,coded,0,,1
discuss,raising,0,coded,0,,1
discuss,ditransitive,0,coded,0,,1
discuss,factive_passive,0,coded,0,,1
discuss,neg_raising,0,coded,0,,1
discuss,weak_island,0,coded,0,,1
discuss,pro_complement,0,coded,0,,1
discuss,npi_licenser,0,coded,0,,1
discuss,stative,1,coded,0,,1
discuss,content_noun_fact,0,coded,0,,1
discuss,derived_nominal,0,coded,0,,1
discuss,phrasal,0,lexical,0,,
discuss,be_copula,0,lexical,0,,
disgrace,that_omission,1,coded,0,,1
disgrace,comp_inf,1,coded,0,,1
disgrace,ecm,0,coded,0,,1
disgrace,comp_interrog,0,coded,0,,1
disgrace,comp_gerund,0,coded,0,,1
disgrace,comp_small_clause,0,coded,0,,1
disgrace,np_comp_alt,0,coded,0,,1
disgrace,direct_speech,0,coded,0,,1
disgrace,subjunctive_comp,0,coded,0,,1
disgrace,comp_for_to,0,coded,0,,1
disgrace,comp_bare_inf,0,coded,0,,1
disgrace,comp_exclamative,0,coded,0,,1
disgrace,comp_poss_ing,0,coded,0,,1
disgrace,extraposition,1,coded,0,,1
disgrace,raising,0,coded,0,,1
disgrace,ditransitive,0,coded,0,,1
disgrace,factive_passive,1,coded,0,,1
disgrace,neg_raising,0,coded,0,,1
disgrace,weak_island,1,coded,0,,1
disgrace,pro_complement,0,coded,0,,1
disgrace,npi_licenser,0,coded,0,,1
disgrace,stative,1,coded,0,,1
disgrace,content_noun_fact,0,coded,0,,1
disgrace,derived_nominal,0,coded,0,,1
disgrace,phrasal,0,lexical,0,,
disgrace,be_copula,0,lexical,0,,
disgruntle,that_omission,1,coded,0,,1
disgruntle,comp_inf,1,coded,0,,1
disgruntle,ecm,0,coded,0,,1
disgruntle,comp_interrog,0,coded,0,,1
disgruntle,comp_gerund,0,coded,0,,1
disgruntle,comp_small_clause,0,coded,0,,1
disgruntle,np_comp_alt,0,coded,0,,1
disgruntle,direct_speech,0,coded,0,,1
disgruntle,subjunctive_comp,0,coded,0,,1
disgruntle,comp_for_to,0,coded,0,,1
disgruntle,comp_bare_inf,0,coded,0,,1
disgruntle,comp_exclamative,0,coded,0,,1
disgruntle,comp_poss_ing,0,coded,0,,1
disgruntle,extraposition,1,coded,0,,1
disgruntle,raising,0,coded,0,,1
disgruntle,ditransitive,0,coded,0,,1
disgruntle,factive_passive,1,coded,0,,1
disgruntle,neg_raising,0,coded,0,,1
disgruntle,weak_island,1,coded,0,,1
disgruntle,pro_complement,0,coded,0,,1
disgruntle,npi_licenser,0,coded,0,,1
disgruntle,stative,1,coded,0,,1
disgruntle,content_noun_fact,0,coded,0,,1
disgruntle,derived_nominal,0,coded,0,,1
disgruntle,phrasal,0,lexical,0,,
disgruntle,be_copula,0,lexical,0,,
disgust,that_omission,1,coded,0,,1
disgust,comp_inf,1,coded,0,,1
disgust,ecm,0,coded,0,,1
disgust,comp_interrog,0,coded,0,,1
disgust,comp_gerund,0,coded,0,,1
disgust,comp_small_clause,0,coded,0,,1
disgust,np_comp_alt,0,coded,0,,1
disgust,direct_speech,0,coded,0,,1
disgust,subjunctive_comp,0,coded,0,,1
disgust,comp_for_to,0,coded,0,,1
disgust,comp_bare_inf,0,coded,0,,1
disgust,comp_exclamative,0,coded,0,,1
disgust,comp_poss_ing,0,coded,0,,1
disgust,extraposition,1,coded,0,,1
disgust,raising,0,coded,0,,1
disgust,ditransitive,0,coded,0,,1
disgust,factive_passive,1,coded,0,,1
disgust,neg_raising,0,coded,0,,1
disgust,weak_island,1,coded,0,,1
disgust,pro_complement,0,coded,0,,1
disgust,npi_licenser,0,coded,0,,1
disgust,stative,1,coded,0,,1
disgust,content_noun_fact,0,coded,0,,1
disgust,derived_nominal,0,coded,0,,1
disgust,phrasal,0,lexical,0,,
disgust,be_copula,0,lexical,0,,
dishearten,that_omission,1,coded,0,,1
dishearten,comp_inf,1,coded,0,,1
dishearten,ecm,0,coded,0,,1
dishearten,comp_interrog,0,coded,0,,1
dishearten,comp_gerund,0,coded,0,,1
dishearten,comp_small_clause,0,coded,0,,1
dishearten,np_comp_alt,0,coded,0,,1
dishearten,direct_speech,0,coded,0,,1
dishearten,subjunctive_comp,0,coded,0,,1
dishearten,comp_for_to,0,coded,0,,1
dishearten,comp_bare_inf,0,coded,0,,1
dishearten,comp_exclamative,0,coded,0,,1
dishearten,comp_poss_ing,0,coded,0,,1
dishearten,extraposition,1,coded,0,,1
dishearten,raising,0,coded,0,,1
dishearten,ditransitive,0,coded,0,,1
dishearten,factive_passive,1,coded,0,,1
dishearten,neg_raising,0,coded,0,,1
dishearten,weak_island,1,coded,0,,1
dishearten,pro_complement,0,coded,0,,1
dishearten,npi_licenser,0,coded,0,,1
dishearten,stative,1,coded,0,,1
dishearten,content_noun_fact,0,coded,0,,1
dishearten,derived_nominal,0,coded,0,,1
dishearten,phrasal,0,lexical,0,,
dishearten,be_copula,0,lexical,0,,
disillusion,that_omission,1,coded,0,,1
disillusion,comp_inf,0,coded,0,,1
disillusion,ecm,0,coded,0,,1
disillusion,comp_interrog,0,coded,0,,1
disillusion,comp_gerund,0,coded,0,,1
disillusion,comp_small_clause,0,coded,0,,1
disillusion,np_comp_alt,0,coded,0,,1
disillusion,direct_speech,0,coded,0,,1
disillusion,subjunctive_comp,0,coded,0,,1
disillusion,comp_for_to,0,coded,0,,1
disillusion,comp_bare_inf,0,coded,0,,1
disillusion,comp_exclamative,0,coded,0,,1
disillusion,comp_poss_ing,0,coded,0,,1
disillusion,extraposition,1,coded,0,,1
disillusion,raising,0,coded,0,,1
disillusion,ditransitive,0,coded,0,,1
disillusion,factive_passive,1,coded,0,,1
disillusion,neg_raising,0,coded,0,,1
disillusion,weak_island,1,coded,0,,1
disillusion,pro_complement,0,coded,0,,1
disillusion,npi_licenser,0,coded,0,,1
disillusion,stative,1,coded,0,,1
disillusion,content_noun_fact,0,coded,0,,1
disillusion,derived_nominal,0,coded,0,,1
disillusion,phrasal,0,lexical,0,,
disillusion,be_copula,0,lexical,0,,
dislike,that_omission,0,coded,0,,1
dislike,comp_inf,1,coded,0,,1
dislike,ecm,0,coded,0,,1
dislike,comp_interrog,0,coded,0,,1
dislike,comp_gerund,1,coded,0,,1
dislike,comp_small_clause,0,coded,0,,1
dislike,np_comp_alt,0,coded,0,,1
dislike,direct_speech,0,coded,0,,1
dislike,subjunctive_comp,0,coded,0,,1
dislike,comp_for_to,0,coded,0,,1
dislike,comp_bare_inf,0,coded,0,,1
dislike,comp_exclamative,0,coded,0,,1
dislike,comp_poss_ing,1,coded,0,,1
dislike,extraposition,0,coded,0,,1
dislike,raising,0,coded,0,,1
dislike,ditransitive,0,coded,0,,1
dislike,factive_passive,0,coded,0,,1
dislike,neg_raising,0,coded,0,,1
dislike,weak_island,1,coded,0,,1
dislike,pro_complement,0,coded,0,,1
dislike,npi_licenser,0,coded,0,,1
dislike,stative,1,coded,0,,1
dislike,content_noun_fact,1,coded,0,,1
dislike,derived_nominal,0,coded,0,,1
dislike,phrasal,0,lexical,0,,
dislike,be_copula,0,lexical,0,,
dismay,that_omission,1,coded,0,,1
dismay,comp_inf,0,coded,0,,1
dismay,ecm,0,coded,0,,1
dismay,comp_interrog,0,coded,0,,1
dismay,comp_gerund,0,coded,0,,1
dismay,comp_small_clause,0,coded,0,,1
dismay,np_comp_alt,0,coded,0,,1
dismay,direct_speech,0,coded,0,,1
dismay,subjunctive_comp,0,coded,0,,1
dismay,comp_for_to,0,coded,0,,1
dismay,comp_bare_inf,0,coded,0,,1
dismay,comp_exclamative,0,coded,0,,1
dismay,comp_poss_ing,0,coded,0,,1
dismay,extraposition,1,coded,0,,1
dismay,raising,0,coded,0,,1
dismay,ditransitive,0,coded,0,,1
dismay,factive_passive,1,coded,0,,1
dismay,neg_raising,0,coded,0,,1
dismay,weak_island,1,coded,0,,1
dismay,pro_complement,0,coded,0,,1
dismay,npi_licenser,0,coded,0,,1
dismay,stative,1,coded,0,,1
dismay,content_noun_fact,0,coded,0,,1
dismay,derived_nominal,0,coded,0,,1
dismay,phrasal,0,lexical,0,,
dismay,be_copula,0,lexical,0,,
dismiss,that_omission,1,coded,0,,1
dismiss,comp_inf,0,coded,0,,1
dismiss,ecm,0,coded,0,,1
dismiss,comp_interrog,0,coded,0,,1
dismiss,comp_gerund,0,coded,0,,1
dismiss,comp_small_clause,0,coded,0,,1
dismiss,np_comp_alt,0,coded,0,,1
dismiss,direct_speech,0,coded,0,,1
dismiss,subjunctive_comp,0,coded,0,,1
dismiss,comp_for_to,0,coded,0,,1
dismiss,comp_bare_inf,0,coded,0,,1
dismiss,comp_exclamative,0,coded,0,,1
dismiss,comp_poss_ing,0,coded,0,,1
dismiss,extraposition,0,coded,0,,1
dismiss,raising,0,coded,0,,1
dismiss,ditransitive,0,coded,0,,1
dismiss,factive_passive,0,coded,0,,1
dismiss,neg_raising,0,coded,0,,1
dismiss,weak_island,0,coded,0,,1
dismiss,pro_complement,1,coded,0,,1
dismiss,npi_licenser,1,coded,0,,1
dismiss,stative,1,coded,0,,1
dismiss,content_noun_fact,0,coded,0,,1
dismiss,derived_nominal,0,coded,0,,1
dismiss,phrasal,0,lexical,0,,
dismiss,be_copula,0,lexical,0,,
dispel,that_omission,1,coded,0,,1
dispel,comp_inf,0,coded,0,,1
dispel,ecm,0,coded,0,,1
dispel,comp_interrog,0,coded,0,,1
dispel,comp_gerund,0,coded,0,,1
dispel,comp_small_clause,0,coded,0,,1
dispel,np_comp_alt,0,coded,0,,1
dispel,direct_speech,0,coded,0,,1
dispel,subjunctive_comp,0,coded,0,,1
dispel,comp_for_to,0,coded,0,,1
dispel,comp_bare_inf,0,coded,0,,1
dispel,comp_exclamative,0,coded,0,,1
dispel,comp_poss_ing,0,coded,0,,1
dispel,extraposition,0,coded,0,,1
dispel,raising,0,coded,0,,1
dispel,ditransitive,0,coded,0,,1
dispel,factive_passive,0,coded,0,,1
dispel,neg_raising,0,coded,0,,1
dispel,weak_island,0,coded,0,,1
dispel,pro_complement,0,coded,0,,1
dispel,npi_licenser,0,coded,0,,1
dispel,stative,1,coded,0,,1
dispel,content_noun_fact,0,coded,0,,1
dispel,derived_nominal,0,coded,0,,1
dispel,phrasal,0,lexical,0,,
dispel,be_copula,0,lexical,0,,
display,that_omission,1,coded,0,,1
display,comp_inf,0,coded,0,,1
display,ecm,0,coded,0,,1
display,comp_interrog,0,coded,0,,1
display,comp_gerund,0,coded,0,,1
display,comp_small_clause,0,coded,0,,1
display,np_comp_alt,0,coded,0,,1
display,direct_speech,0,coded,0,,1
display,subjunctive_comp,0,coded,0,,1
display,comp_for_to,0,coded,0,,1
display,comp_bare_inf,0,coded,0,,1
display,comp_exclamative,0,coded,0,,1
display,comp_poss_ing,0,coded,0,,1
display,extraposition,0,coded,0,,1
display,raising,0,coded,0,,1
display,ditransitive,0,coded,0,,1
display,factive_passive,0,coded,0,,1
display,neg_raising,0,coded,0,,1
display,weak_island,0,coded,0,,1
display,pro_complement,0,coded,0,,1
display,npi_licenser,0,coded,0,,1
display,stative,1,coded,0,,1
display,content_noun_fact,0,coded,0,,1
display,derived_nominal,0,coded,0,,1
display,phrasal,0,lexical,0,,
display,be_copula,0,lexical,0,,
dispute,that_omission,1,coded,0,,1
dispute,comp_inf,0,coded,0,,1
dispute,ecm,0,coded,0,,1
dispute,comp_interrog,0,coded,0,,1
dispute,comp_gerund,0,coded,0,,1
dispute,comp_small_clause,0,coded,0,,1
dispute,np_comp_alt,0,coded,0,,1
dispute,direct_speech,0,coded,0,,1
dispute,subjunctive_comp,0,coded,0,,1
dispute,comp_for_to,0,coded,0,,1
dispute,comp_bare_inf,0,coded,0,,1
dispute,comp_exclamative,0,coded,0,,1
dispute,comp_poss_ing,0,coded,0,,1
dispute,extraposition,0,coded,0,,1
dispute,raising,0,coded,0,,1
dispute,ditransitive,0,coded,0,,1
dispute,factive_passive,0,coded,0,,1
dispute,neg_raising,0,coded,0,,1
dispute,weak_island,0,coded,0,,1
dispute,pro_complement,0,coded,0,,1
dispute,npi_licenser,0,coded,0,,1
dispute,stative,1,coded,0,,1
dispute,content_noun_fact,0,coded,0,,1
dispute,derived_nominal,0,coded,0,,1
dispute,phrasal,0,lexical,0,,
dispute,be_copula,0,lexical,0,,
disregard,that_omission,1,coded,0,,1
disregard,comp_inf,0,coded,0,,1
disregard,ecm,0,coded,0,,1
disregard,comp_interrog,0,coded,0,,1
disregard,comp_gerund,0,coded,0,,1
disregard,comp_small_clause,0,coded,0,,1
disregard,np_comp_alt,0,coded,0,,1
disregard,direct_speech,0,coded,0,,1
disregard,subjunctive_comp,0,coded,0,,1
disregard,comp_for_to,0,coded,0,,1
disregard,comp_bare_inf,0,coded,0,,1
disregard,comp_exclamative,0,coded,0,,1
disregard,comp_poss_ing,0,coded,0,,1
disregard,extraposition,0,coded,0,,1
disregard,raising,0,coded,0,,1
disregard,ditransitive,0,coded,0,,1
disregard,factive_passive,0,coded,0,,1
disregard,neg_raising,0,coded,0,,1
disregard,weak_island,0,coded,0,,1
disregard,pro_complement,0,coded,0,,1
disregard,npi_licenser,0,coded,0,,1
disregard,stative,1,coded,0,,1
disregard,content_noun_fact,0,coded,0,,1
disregard,derived_nominal,0,coded,0,,1
disregard,phrasal,0,lexical,0,,
disregard,be_copula,0,lexical,0,,
dissatisfy,that_omission,1,coded,0,,1
dissatisfy,comp_inf,1,coded,0,,1
dissatisfy,ecm,0,coded,0,,1
dissatisfy,comp_interrog,0,coded,0,,1
dissatisfy,comp_gerund,0,coded,0,,1
dissatisfy,comp_small_clause,0,coded,0,,1
dissatisfy,np_comp_alt,0,coded,0,,1
dissatisfy,direct_speech,0,coded,0,,1
dissatisfy,subjunctive_comp,0,coded,0,,1
dissatisfy,comp_for_to,0,coded,0,,1
dissatisfy,comp_bare_inf,0,coded,0,,1
dissatisfy,comp_exclamative,0,coded,0,,1
dissatisfy,comp_poss_ing,0,coded,0,,1
dissatisfy,extraposition,0,coded,0,,1
dissatisfy,raising,0,coded,0,,1
dissatisfy,ditransitive,0,coded,0,,1
dissatisfy,factive_passive,0,coded,0,,1
dissatisfy,neg_raising,0,coded,0,,1
dissatisfy,weak_island,1,coded,0,,1
dissatisfy,pro_complement,0,coded,0,,1
dissatisfy,npi_licenser,0,coded,0,,1
dissatisfy,stative,1,coded,0,,1
dissatisfy,content_noun_fact,1,coded,0,,1
dissatisfy,derived_nominal,0,coded,0,,1
dissatisfy,phrasal,0,lexical,0,,
dissatisfy,be_copula,0,lexical,0,,
distress,that_omission,1,coded,0,,1
distress,comp_inf,0,coded,0,,1
distress,ecm,0,coded,0,,1
distress,comp_interrog,0,coded,0,,1
distress,comp_gerund,0,coded,0,,1
distress,comp_small_clause,0,coded,0,,1
distress,np_comp_alt,0,coded,0,,1
distress,direct_speech,0,coded,0,,1
distress,subjunctive_comp,0,coded,0,,1
distress,comp_for_to,0,coded,0,,1
distress,comp_bare_inf,0,coded,0,,1
distress,comp_exclamative,0,coded,0,,1
distress,comp_poss_ing,0,coded,0,,1
distress,extraposition,1,coded,0,,1
distress,raising,0,coded,0,,1
distress,ditransitive,0,coded,0,,1
distress,factive_passive,1,coded,0,,1
distress,neg_raising,0,coded,0,,1
distress,weak_island,1,coded,0,,1
distress,pro_complement,0,coded,0,,1
distress,npi_licenser,0,coded,0,,1
distress,stative,1,coded,0,,1
distress,content_noun_fact,0,coded,0,,1
distress,derived_nominal,0,coded,0,,1
distress,phrasal,0,lexical,0,,
distress,be_copula,0,lexical,0,,
disturb,that_omission,1,coded,0,,1
disturb,comp_inf,1,coded,0,,1
disturb,ecm,0,coded,0,,1
disturb,comp_interrog,0,coded,0,,1
disturb,comp_gerund,0,coded,0,,1
disturb,comp_small_clause,0,coded,0,,1
disturb,np_comp_alt,0,coded,0,,1
disturb,direct_speech,0,coded,0,,1
disturb,subjunctive_comp,0,coded,0,,1
disturb,comp_for_to,0,coded,0,,1
disturb,comp_bare_inf,0,coded,0,,1
disturb,comp_exclamative,0,coded,0,,1
disturb,comp_poss_ing,0,coded,0,,1
disturb,extraposition,1,coded,0,,1
disturb,raising,0,coded,0,,1
disturb,ditransitive,0,coded,0,,1
disturb,factive_passive,1,coded,0,,1
disturb,neg_raising,0,coded,0,,1
disturb,weak_island,1,coded,0,,1
disturb,pro_complement,0,coded,0,,1
disturb,npi_licenser,0,coded,0,,1
disturb,stative,1,coded,0,,1
disturb,content_noun_fact,0,coded,0,,1
disturb,derived_nominal,0,coded,0,,1
disturb,phrasal,0,lexical,0,,
disturb,be_copula,0,lexical,0,,
divulge,that_omission,1,coded,0,,1
divulge,comp_inf,0,coded,0,,1
divulge,ecm,0,coded,0,,1
divulge,comp_interrog,1,coded,0,,1
divulge,comp_gerund,0,coded,0,,1
divulge,comp_small_clause,0,coded,0,,1
divulge,np_comp_alt,0,coded,0,,1
divulge,direct_speech,0,coded,0,,1
divulge,subjunctive_comp,0,coded,0,,1
divulge,comp_for_to,0,coded,0,,1
divulge,comp_bare_inf,0,coded,0,,1
divulge,comp_exclamative,1,coded,0,,1
divulge,comp_poss_ing,0,coded,0,,1
divulge,extraposition,0,coded,0,,1
divulge,raising,0,coded,0,,1
divulge,ditransitive,0,coded,0,,1
divulge,factive_passive,0,coded,0,,1
divulge,neg_raising,0,coded,0,,1
divulge,weak_island,0,coded,0,,1
divulge,pro_complement,0,coded,0,,1
divulge,npi_licenser,0,coded,0,,1
divulge,stative,1,coded,0,,1
divulge,content_noun_fact,0,coded,0,,1
divulge,derived_nominal,0,coded,0,,1
divulge,phrasal,0,lexical,0,,
divulge,be_copula,0,lexical,0,,
document,that_omission,1,coded,0,,1
document,comp_inf,1,coded,0,,1
document,ecm,0,coded,0,,1
document,comp_interrog,0,coded,0,,1
document,comp_gerund,0,coded,0,,1
document,comp_small_clause,0,coded,0,,1
document,np_comp_alt,0,coded,0,,1
document,direct_speech,0,coded,0,,1
document,subjunctive_comp,0,coded,0,,1
document,comp_for_to,0,coded,0,,1
document,comp_bare_inf,0,coded,0,,1
document,comp_exclamative,0,coded,0,,1
document,comp_poss_ing,0,coded,0,,1
document,extraposition,0,coded,0,,1
document,raising,0,coded,0,,1
document,ditransitive,0,coded,0,,1
document,factive_passive,0,coded,0,,1
document,neg_raising,0,coded,0,,1
document,weak_island,1,coded,0,,1
document,pro_complement,0,coded,0,,1
document,npi_licenser,0,coded,0,,1
document,stative,1,coded,0,,1
document,content_noun_fact,1,coded,0,,1
document,derived_nominal,0,coded,0,,1
document,phrasal,0,lexical,0,,
document,be_copula,0,lexical,0,,
dread,that_omission,1,coded,0,,1
dread,comp_inf,1,coded,0,,1
dread,ecm,0,coded,0,,1
dread,comp_interrog,0,coded,0,,1
dread,comp_gerund,1,coded,0,,1
dread,comp_small_clause,0,coded,0,,1
dread,np_comp_alt,0,coded,0,,1
dread,direct_speech,0,coded,0,,1
dread,subjunctive_comp,0,coded,0,,1
dread,comp_for_to,0,coded,0,,1
dread,comp_bare_inf,0,coded,0,,1
dread,comp_exclamative,0,coded,0,,1
dread,comp_poss_ing,1,coded,0,,1
dread,extraposition,0,coded,0,,1
dread,raising,0,coded,0,,1
dread,ditransitive,0,coded,0,,1
dread,factive_passive,0,coded,0,,1
dread,neg_raising,0,coded,0,,1
dread,weak_island,0,coded,0,,1
dread,pro_complement,0,coded,0,,1
dread,npi_licenser,0,coded,0,,1
dread,stative,1,coded,0,,1
dread,content_noun_fact,0,coded,0,,1
dread,derived_nominal,1,coded,0,,1
dread,phrasal,0,lexical,0,,
dread,be_copula,0,lexical,0,,
dupe,that_omission,1,coded,0,,1
dupe,comp_inf,1,coded,0,,1
dupe,ecm,0,coded,0,,1
dupe,comp_interrog,0,coded,0,,1
dupe,comp_gerund,0,coded,0,,1
dupe,comp_small_clause,1,coded,0,,1
dupe,np_comp_alt,0,coded,0,,1
dupe,direct_speech,0,coded,0,,1
dupe,subjunctive_comp,0,coded,0,,1
dupe,comp_for_to,0,coded,0,,1
dupe,comp_bare_inf,0,coded,0,,1
dupe,comp_exclamative,0,coded,0,,1
dupe,comp_poss_ing,0,coded,0,,1
dupe,extraposition,1,coded,0,,1
dupe,raising,0,coded,0,,1
dupe,ditransitive,0,coded,0,,1
dupe,factive_passive,1,coded,0,,1
dupe,neg_raising,0,coded,0,,1
dupe,weak_island,1,coded,0,,1
dupe,pro_complement,0,coded,0,,1
dupe,npi_licenser,0,coded,0,,1
dupe,stative,1,coded,0,,1
dupe,content_noun_fact,0,coded,0,,1
dupe,derived_nominal,0,coded,0,,1
dupe,phrasal,0,lexical,0,,
dupe,be_copula,0,lexical,0,,
educate,that_omission,1,coded,0,,1
educate,comp_inf,1,coded,0,,1
educate,ecm,0,coded,0,,1
educate,comp_interrog,0,coded,0,,1
educate,comp_gerund,0,coded,0,,1
educate,comp_small_clause,1,coded,0,,1
educate,np_comp_alt,0,coded,0,,1
educate,direct_speech,0,coded,0,,1
educate,subjunctive_comp,0,coded,0,,1
educate,comp_for_to,0,coded,0,,1
educate,comp_bare_inf,0,coded,0,,1
educate,comp_exclamative,0,coded,0,,1
educate,comp_poss_ing,0,coded,0,,1
educate,extraposition,0,coded,0,,1
educate,raising,0,coded,0,,1
educate,ditransitive,0,coded,0,,1
educate,factive_passive,0,coded,0,,1
educate,neg_raising,0,coded,0,,1
educate,weak_island,0,coded,0,,1
educate,pro_complement,0,coded,0,,1
educate,npi_licenser,0,coded,0,,1
educate,stative,1,coded,0,,1
educate,content_noun_fact,0,coded,0,,1
educate,derived_nominal,0,coded,0,,1
educate,phrasal,0,lexical,0,,
educate,be_copula,0,lexical,0,,
elaborate,that_omission,1,coded,0,,1
elaborate,comp_inf,0,coded,0,,1
elaborate,ecm,0,coded,0,,1
elaborate,comp_interrog,0,coded,0,,1
elaborate,comp_gerund,0,coded,0,,1
elaborate,comp_small_clause,0,coded,0,,1
elaborate,np_comp_alt,0,coded,0,,1
elaborate,direct_speech,1,coded,0,,1
elaborate,subjunctive_comp,0,coded,0,,1
elaborate,comp_for_to,0,coded,0,,1
elaborate,comp_bare_inf,0,coded,0,,1
elaborate,comp_exclamative,0,coded,0,,1
elaborate,comp_poss_ing,0,coded,0,,1
elaborate,extraposition,0,coded,0,,1
elaborate,raising,0,coded,0,,1
elaborate,ditransitive,0,coded,0,,1
elaborate,factive_passive,0,coded,0,,1
elaborate,neg_raising,0,coded,0,,1
elaborate,weak_island,0,coded,0,,1
elaborate,pro_complement,0,coded,0,,1
elaborate,npi_licenser,0,coded,0,,1
elaborate,stative,1,coded,0,,1
elaborate,content_noun_fact,0,coded,0,,1
elaborate,derived_nominal,0,coded,0,,1
elaborate,phrasal,0,lexical,0,,
elaborate,be_copula,0,lexical,0,,
elate,that_omission,1,coded,0,,1
elate,comp_inf,1,coded,0,,1
elate,ecm,0,coded,0,,1
elate,comp_interrog,0,coded,0,,1
elate,comp_gerund,0,coded,0,,1
elate,comp_small_clause,0,coded,0,,1
elate,np_comp_alt,0,coded,0,,1
elate,direct_speech,0,coded,0,,1
elate,subjunctive_comp,0,coded,0,,1
elate,comp_for_to,0,coded,0,,1
elate,comp_bare_inf,0,coded,0,,1
elate,comp_exclamative,0,coded,0,,1
elate,comp_poss_ing,0,coded,0,,1
elate,extraposition,1,coded,0,,1
elate,raising,0,coded,0,,1
elate,ditransitive,0,coded,0,,1
elate,factive_passive,1,coded,0,,1
elate,neg_raising,0,coded,0,,1
elate,weak_island,1,coded,0,,1
elate,pro_complement,0,coded,0,,1
elate,npi_licenser,0,coded,0,,1
elate,stative,1,coded,0,,1
elate,content_noun_fact,0,coded,0,,1
elate,derived_nominal,0,coded,0,,1
elate,phrasal,0,lexical,0,,
elate,be_copula,0,lexical,0,,
email,that_omission,1,coded,0,,1
email,comp_inf,1,coded,0,,1
email,ecm,0,coded,0,,1
email,comp_interrog,0,coded,0,,1
email,comp_gerund,0,coded,0,,1
email,comp_small_clause,1,coded,0,,1
email,np_comp_alt,0,coded,0,,1
email,direct_speech,0,coded,0,,1
email,subjunctive_comp,0,coded,0,,1
email,comp_for_to,0,coded,0,,1
email,comp_bare_inf,0,coded,0,,1
email,comp_exclamative,0,coded,0,,1
email,comp_poss_ing,0,coded,0,,1
email,extraposition,0,coded,0,,1
email,raising,0,coded,0,,1
email,ditransitive,0,coded,0,,1
email,factive_passive,0,coded,0,,1
email,neg_raising,0,coded,0,,1
email,weak_island,0,coded,0,,1
email,pro_complement,0,coded,0,,1
email,npi_licenser,0,coded,0,,1
email,stative,1,coded,0,,1
email,content_noun_fact,0,coded,0,,1
email,derived_nominal,0,coded,0,,1
email,phrasal,0,lexical,0,,
email,be_copula,0,lexical,0,,
embarrass,that_omission,1,coded,0,,1
embarrass,comp_inf,1,coded,0,,1
embarrass,ecm,0,coded,0,,1
embarrass,comp_interrog,0,coded,0,,1
embarrass,comp_gerund,0,coded,0,,1
embarrass,comp_small_clause,0,coded,0,,1
embarrass,np_comp_alt,0,coded,0,,1
embarrass,direct_speech,0,coded,0,,1
embarrass,subjunctive_comp,0,coded,0,,1
embarrass,comp_for_to,0,coded,0,,1
embarrass,comp_bare_inf,0,coded,0,,1
embarrass,comp_exclamative,0,coded,0,,1
embarrass,comp_poss_ing,0,coded,0,,1
embarrass,extraposition,1,coded,0,,1
embarrass,raising,0,coded,0,,1
embarrass,ditransitive,0,coded,0,,1
embarrass,factive_passive,1,coded,0,,1
embarrass,neg_raising,0,coded,0,,1
embarrass,weak_island,1,coded,0,,1
embarrass,pro_complement,0,coded,0,,1
embarrass,npi_licenser,0,coded,0,,1
embarrass,stative,1,coded,0,,1
embarrass,content_noun_fact,0,coded,0,,1
embarrass,derived_nominal,0,coded,0,,1
embarrass,phrasal,0,lexical,0,,
embarrass,be_copula,0,lexical,0,,
embellish,that_omission,1,coded,0,,1
embellish,comp_inf,0,coded,0,,1
embellish,ecm,0,coded,0,,1
embellish,comp_interrog,0,coded,0,,1
embellish,comp_gerund,0,coded,0,,1
embellish,comp_small_clause,0,coded,0,,1
embellish,np_comp_alt,0,coded,0,,1
embellish,direct_speech,0,coded,0,,1
embellish,subjunctive_comp,0,coded,0,,1
embellish,comp_for_to,0,coded,0,,1
embellish,comp_bare_inf,0,coded,0,,1
embellish,comp_exclamative,0,coded,0,,1
embellish,comp_poss_ing,0,coded,0,,1
embellish,extraposition,0,coded,0,,1
embellish,raising,0,coded,0,,1
embellish,ditransitive,0,coded,0,,1
embellish,factive_passive,0,coded,0,,1
embellish,neg_raising,0,coded,0,,1
embellish,weak_island,0,coded,0,,1
embellish,pro_complement,0,coded,0,,1
embellish,npi_licenser,0,coded,0,,1
embellish,stative,1,coded,0,,1
embellish,content_noun_fact,0,coded,0,,1
embellish,derived_nominal,0,coded,0,,1
embellish,phrasal,0,lexical,0,,
embellish,be_copula,0,lexical,0,,
embitter,that_omission,1,coded,0,,1
embitter,comp_inf,0,coded,0,,1
embitter,ecm,0,coded,0,,1
embitter,comp_interrog,0,coded,0,,1
embitter,comp_gerund,0,coded,0,,1
embitter,comp_small_clause,0,coded,0,,1
embitter,np_comp_alt,0,coded,0,,1
embitter,direct_speech,0,coded,0,,1
embitter,subjunctive_comp,0,coded,0,,1
embitter,comp_for_to,0,coded,0,,1
embitter,comp_bare_inf,0,coded,0,,1
embitter,comp_exclamative,0,coded,0,,1
embitter,comp_poss_ing,0,coded,0,,1
embitter,extraposition,1,coded,0,,1
embitter,raising,0,coded,0,,1
embitter,ditransitive,0,coded,0,,1
embitter,factive_passive,1,coded,0,,1
embitter,neg_raising,0,coded,0,,1
embitter,weak_island,1,coded,0,,1
embitter,pro_complement,0,coded,0,,1
embitter,npi_licenser,0,coded,0,,1
embitter,stative,1,coded,0,,1
embitter,content_noun_fact,0,coded,0,,1
embitter,derived_nominal,0,coded,0,,1
embitter,phrasal,0,lexical,0,,
embitter,be_copula,0,lexical,0,,
emphasize,that_omission,1,coded,0,,1
emphasize,comp_inf,0,coded,0,,1
emphasize,ecm,0,coded,0,,1
emphasize,comp_interrog,0,coded,0,,1
emphasize,comp_gerund,0,coded,0,,1
emphasize,comp_small_clause,0,coded,0,,1
emphasize,np_comp_alt,0,coded,0,,1
emphasize,direct_speech,1,coded,0,,1
emphasize,subjunctive_comp,0,coded,0,,1
emphasize,comp_for_to,0,coded,0,,1
emphasize,comp_bare_inf,0,coded,0,,1
emphasize,comp_exclamative,0,coded,0,,1
emphasize,comp_poss_ing,0,coded,0,,1
emphasize,extraposition,0,coded,0,,1
emphasize,raising,0,coded,0,,1
emphasize,ditransitive,0,coded,0,,1
emphasize,factive_passive,0,coded,0,,1
emphasize,neg_raising,0,coded,0,,1
emphasize,weak_island,0,coded,0,,1
emphasize,pro_complement,0,coded,0,,1
emphasize,npi_licenser,0,coded,0,,1
emphasize,stative,1,coded,0,,1
emphasize,content_noun_fact,1,coded,0,,1
emphasize,derived_nominal,0,coded,0,,1
emphasize,phrasal,0,lexical,0,,
emphasize,be_copula,0,lexical,0,,
encourage,that_omission,1,coded,0,,1
encourage,comp_inf,1,coded,0,,1
encourage,ecm,0,coded,0,,1
encourage,comp_interrog,0,coded,0,,1
encourage,comp_gerund,0,coded,0,,1
encourage,comp_small_clause,1,coded,0,,1
encourage,np_comp_alt,0,coded,0,,1
encourage,direct_speech,0,coded,0,,1
encourage,subjunctive_comp,0,coded,0,,1
encourage,comp_for_to,0,coded,0,,1
encourage,comp_bare_inf,0,coded,0,,1
encourage,comp_exclamative,0,coded,0,,1
encourage,comp_poss_ing,0,coded,0,,1
encourage,extraposition,1,coded,0,,1
encourage,raising,0,coded,0,,1
encourage,ditransitive,0,coded,0,,1
encourage,factive_passive,1,coded,0,,1
encourage,neg_raising,0,coded,0,,1
encourage,weak_island,1,coded,0,,1
encourage,pro_complement,0,coded,0,,1
encourage,npi_licenser,0,coded,0,,1
encourage,stative,1,coded,0,,1
encourage,content_noun_fact,0,coded,0,,1
encourage,derived_nominal,0,coded,0,,1
encourage,phrasal,0,lexical,0,,
encourage,be_copula,0,lexical,0,,
endorse,that_omission,1,coded,0,,1
endorse,comp_inf,1,coded,0,,1
endorse,ecm,0,coded,0,,1
endorse,comp_interrog,0,coded,0,,1
endorse,comp_gerund,0,coded,0,,1
endorse,comp_small_clause,0,coded,0,,1
endorse,np_comp_alt,0,coded,0,,1
endorse,direct_speech,0,coded,0,,1
endorse,subjunctive_comp,0,coded,0,,1
endorse,comp_for_to,0,coded,0,,1
endorse,comp_bare_inf,0,coded,0,,1
endorse,comp_exclamative,0,coded,0,,1
endorse,comp_poss_ing,0,coded,0,,1
endorse,extraposition,0,coded,0,,1
endorse,raising,0,coded,0,,1
endorse,ditransitive,0,coded,0,,1
endorse,factive_passive,0,coded,0,,1
endorse,neg_raising,0,coded,0,,1
endorse,weak_island,0,coded,0,,1
endorse,pro_complement,0,coded,0,,1
endorse,npi_licenser,0,coded,0,,1
endorse,stative,1,coded,0,,1
endorse,content_noun_fact,0,coded,0,,1
endorse,derived_nominal,0,coded,0,,1
endorse,phrasal,0,lexical,0,,
endorse,be_copula,0,lexical,0,,
enjoy,that_omission,0,coded,0,,1
enjoy,comp_inf,0,coded,0,,1
enjoy,ecm,0,coded,0,,1
enjoy,comp_interrog,0,coded,0,,1
enjoy,comp_gerund,1,coded,0,,1
enjoy,comp_small_clause,0,coded,0,,1
enjoy,np_comp_alt,0,coded,0,,1
enjoy,direct_speech,0,coded,0,,1
enjoy,subjunctive_comp,0,coded,0,,1
enjoy,comp_for_to,0,coded,0,,1
enjoy,comp_bare_inf,0,coded,0,,1
enjoy,comp_exclamative,0,coded,0,,1
enjoy,comp_poss_ing,1,coded,0,,1
enjoy,extraposition,0,coded,0,,1
enjoy,raising,0,coded,0,,1
enjoy,ditransitive,0,coded,0,,1
enjoy,factive_passive,0,coded,0,,1
enjoy,neg_raising,0,coded,0,,1
enjoy,weak_island,1,coded,0,,1
enjoy,pro_complement,0,coded,0,,1
enjoy,npi_licenser,0,coded,0,,1
enjoy,stative,1,coded,0,,1
enjoy,content_noun_fact,1,coded,0,,1
enjoy,derived_nominal,0,coded,0,,1
enjoy,phrasal,0,lexical,0,,
enjoy,be_copula,0,lexical,0,,
enrage,that_omission,1,coded,0,,1
enrage,comp_inf,1,coded,0,,1
enrage,ecm,0,coded,0,,1
enrage,comp_interrog,0,coded,0,,1
enrage,comp_gerund,0,coded,0,,1
enrage,comp_small_clause,0,coded,0,,1
enrage,np_comp_alt,0,coded,0,,1
enrage,direct_speech,0,coded,0,,1
enrage,subjunctive_comp,0,coded,0,,1
enrage,comp_for_to,0,coded,0,,1
enrage,comp_bare_inf,0,coded,0,,1
enrage,comp_exclamative,0,coded,0,,1
enrage,comp_poss_ing,0,coded,0,,1
enrage,extraposition,1,coded,0,,1
enrage,raising,0,coded,0,,1
enrage,ditransitive,0,coded,0,,1
enrage,factive_passive,1,coded,0,,1
enrage,neg_raising,0,coded,0,,1
enrage,weak_island,1,coded,0,,1
enrage,pro_complement,0,coded,0,,1
enrage,npi_licenser,0,coded,0,,1
enrage,stative,1,coded,0,,1
enrage,content_noun_fact,0,coded,0,,1
enrage,derived_nominal,0,coded,0,,1
enrage,phrasal,0,lexical,0,,
enrage,be_copula,0,lexical,0,,
ensure,that_omission,1,coded,0,,1
ensure,comp_inf,1,coded,0,,1
ensure,ecm,0,coded,0,,1
ensure,comp_interrog,0,coded,0,,1
ensure,comp_gerund,0,coded,0,,1
ensure,comp_small_clause,0,coded,0,,1
ensure,np_comp_alt,0,coded,0,,1
ensure,direct_speech,0,coded,0,,1
ensure,subjunctive_comp,0,coded,0,,1
ensure,comp_for_to,0,coded,0,,1
ensure,comp_bare_inf,0,coded,0,,1
ensure,comp_exclamative,0,coded,0,,1
ensure,comp_poss_ing,0,coded,0,,1
ensure,extraposition,0,coded,0,,1
ensure,raising,0,coded,0,,1
ensure,ditransitive,0,coded,0,,1
ensure,factive_passive,0,coded,0,,1
ensure,neg_raising,0,coded,0,,1
ensure,weak_island,0,coded,0,,1
ensure,pro_complement,0,coded,0,,1
ensure,npi_licenser,0,coded,0,,1
ensure,stative,1,coded,0,,1
ensure,content_noun_fact,0,coded,0,,1
ensure,derived_nominal,0,coded,0,,1
ensure,phrasal,0,lexical,0,,
ensure,be_copula,0,lexical,0,,
enthrall,that_omission,1,coded,0,,1
enthrall,comp_inf,1,coded,0,,1
enthrall,ecm,0,coded,0,,1
enthrall,comp_interrog,0,coded,0,,1
enthrall,comp_gerund,0,coded,0,,1
enthrall,comp_small_clause,0,coded,0,,1
enthrall,np_comp_alt,0,coded,0,,1
enthrall,direct_speech,0,coded,0,,1
enthrall,subjunctive_comp,0,coded,0,,1
enthrall,comp_for_to,0,coded,0,,1
enthrall,comp_bare_inf,0,coded,0,,1
enthrall,comp_exclamative,0,coded,0,,1
enthrall,comp_poss_ing,0,coded,0,,1
enthrall,extraposition,1,coded,0,,1
enthrall,raising,0,coded,0,,1
enthrall,ditransitive,0,coded,0,,1
enthrall,factive_passive,1,coded,0,,1
enthrall,neg_raising,0,coded,0,,1
enthrall,weak_island,1,coded,0,,1
enthrall,pro_complement,0,coded,0,,1
enthrall,npi_licenser,0,coded,0,,1
enthrall,stative,1,coded,0,,1
enthrall,content_noun_fact,0,coded,0,,1
enthrall,derived_nominal,0,coded,0,,1
enthrall,phrasal,0,lexical,0,,
enthrall,be_copula,0,lexical,0,,
enthuse,that_omission,1,coded,0,,1
enthuse,comp_inf,1,coded,0,,1
enthuse,ecm,0,coded,0,,1
enthuse,comp_interrog,0,coded,0,,1
enthuse,comp_gerund,0,coded,0,,1
enthuse,comp_small_clause,0,coded,0,,1
enthuse,np_comp_alt,0,coded,0,,1
enthuse,direct_speech,0,coded,0,,1
enthuse,subjunctive_comp,0,coded,0,,1
enthuse,comp_for_to,0,coded,0,,1
enthuse,comp_bare_inf,0,coded,0,,1
enthuse,comp_exclamative,0,coded,0,,1
enthuse,comp_poss_ing,0,coded,0,,1
enthuse,extraposition,1,coded,0,,1
enthuse,raising,0,coded,0,,1
enthuse,ditransitive,0,coded,0,,1
enthuse,factive_passive,1,coded,0,,1
enthuse,neg_raising,0,coded,0,,1
enthuse,weak_island,1,coded,0,,1
enthuse,pro_complement,0,coded,0,,1
enthuse,npi_licenser,0,coded,0,,1
enthuse,stative,1,coded,0,,1
enthuse,content_noun_fact,0,coded,0,,1
enthuse,derived_nominal,0,coded,0,,1
enthuse,phrasal,0,lexical,0,,
enthuse,be_copula,0,lexical,0,,
envision,that_omission,1,coded,0,,1
envision,comp_inf,1,coded,0,,1
envision,ecm,0,coded,0,,1
envision,comp_interrog,0,coded,0,,1
envision,comp_gerund,0,coded,0,,1
envision,comp_small_clause,1,coded,0,,1
envision,np_comp_alt,0,coded,0,,1
envision,direct_speech,0,coded,0,,1
envision,subjunctive_comp,0,coded,0,,1
envision,comp_for_to,0,coded,0,,1
envision,comp_bare_inf,0,coded,0,,1
envision,comp_exclamative,0,coded,0,,1
envision,comp_poss_ing,0,coded,0,,1
envision,extraposition,0,coded,0,,1
envision,raising,0,coded,0,,1
envision,ditransitive,0,coded,0,,1
envision,factive_passive,0,coded,0,,1
envision,neg_raising,0,coded,0,,1
envision,weak_island,0,coded,0,,1
envision,pro_complement,0,coded,0,,1
envision,npi_licenser,0,coded,0,,1
envision,stative,1,coded,0,,1
envision,content_noun_fact,0,coded,0,,1
envision,derived_nominal,0,coded,0,,1
envision,phrasal,0,lexical,0,,
envision,be_copula,0,lexical,0,,
envy,that_omission,0,coded,0,,1
envy,comp_inf,1,coded,0,,1
envy,ecm,0,coded,0,,1
envy,comp_interrog,0,coded,0,,1
envy,comp_gerund,0,coded,0,,1
envy,comp_small_clause,0,coded,0,,1
envy,np_comp_alt,0,coded,0,,1
envy,direct_speech,0,coded,0,,1
envy,subjunctive_comp,0,coded,0,,1
envy,comp_for_to,0,coded,0,,1
envy,comp_bare_inf,0,coded,0,,1
envy,comp_exclamative,0,coded,0,,1
envy,comp_poss_ing,0,coded,0,,1
envy,extraposition,0,coded,0,,1
envy,raising,0,coded,0,,1
envy,ditransitive,0,coded,0,,1
envy,factive_passive,0,coded,0,,1
envy,neg_raising,0,coded,0,,1
envy,weak_island,1,coded,0,,1
envy,pro_complement,0,coded,0,,1
envy,npi_licenser,0,coded,0,,1
envy,stative,1,coded,0,,1
envy,content_noun_fact,1,coded,0,,1
envy,derived_nominal,0,coded,0,,1
envy,phrasal,0,lexical,0,,
envy,be_copula,0,lexical,0,,
establish,that_omission,1,coded,0,,1
establish,comp_inf,0,coded,0,,1
establish,ecm,0,coded,0,,1
establish,comp_interrog,0,coded,0,,1
establish,comp_gerund,0,coded,0,,1
establish,comp_small_clause,0,coded,0,,1
establish,np_comp_alt,1,coded,0,,1
establish,direct_speech,0,coded,0,,1
establish,subjunctive_comp,0,coded,0,,1
establish,comp_for_to,0,coded,0,,1
establish,comp_bare_inf,0,coded,0,,1
establish,comp_exclamative,0,coded,0,,1
establish,comp_poss_ing,0,coded,0,,1
establish,extraposition,0,coded,0,,1
establish,raising,0,coded,0,,1
establish,ditransitive,0,coded,0,,1
establish,factive_passive,0,coded,0,,1
establish,neg_raising,0,coded,0,,1
establish,weak_island,0,coded,0,,1
establish,pro_complement,0,coded,0,,1
establish,npi_licenser,0,coded,0,,1
establish,stative,1,coded,0,,1
establish,content_noun_fact,1,coded,0,,1
establish,derived_nominal,0,coded,0,,1
establish,phrasal,0,lexical,0,,
establish,be_copula,0,lexical,0,,
estimate,that_omission,1,coded,0,,1
estimate,comp_inf,1,coded,0,,1
estimate,ecm,0,coded,0,,1
estimate,comp_interrog,0,coded,0,,1
estimate,comp_gerund,0,coded,0,,1
estimate,comp_small_clause,0,coded,0,,1
estimate,np_comp_alt,0,coded,0,,1
estimate,direct_speech,0,coded,0,,1
estimate,subjunctive_comp,0,coded,0,,1
estimate,comp_for_to,0,coded,0,,1
estimate,comp_bare_inf,0,coded,0,,1
estimate,comp_exclamative,0,coded,0,,1
estimate,comp_poss_ing,0,coded,0,,1
estimate,extraposition,0,coded,0,,1
estimate,raising,0,coded,0,,1
estimate,ditransitive,0,coded,0,,1
estimate,factive_passive,0,coded,0,,1
estimate,neg_raising,0,coded,0,,1
estimate,weak_island,0,coded,0,,1
estimate,pro_complement,0,coded,0,,1
estimate,npi_licenser,0,coded,0,,1
estimate,stative,1,coded,0,,1
estimate,content_noun_fact,0,coded,0,,1
estimate,derived_nominal,1,coded,0,,1
estimate,phrasal,0,lexical,0,,
estimate,be_copula,0,lexical,0,,
evaluate,that_omission,1,coded,0,,1
evaluate,comp_inf,0,coded,0,,1
evaluate,ecm,0,coded,0,,1
evaluate,comp_interrog,0,coded,0,,1
evaluate,comp_gerund,0,coded,0,,1
evaluate,comp_small_clause,0,coded,0,,1
evaluate,np_comp_alt,0,coded,0,,1
evaluate,direct_speech,0,coded,0,,1
evaluate,subjunctive_comp,0,coded,0,,1
evaluate,comp_for_to,0,coded,0,,1
evaluate,comp_bare_inf,0,coded,0,,1
evaluate,comp_exclamative,0,coded,0,,1
evaluate,comp_poss_ing,0,coded,0,,1
evaluate,extraposition,0,coded,0,,1
evaluate,raising,0,coded,0,,1
evaluate,ditransitive,0,coded,0,,1
evaluate,factive_passive,0,coded,0,,1
evaluate,neg_raising,0,coded,0,,1
evaluate,weak_island,0,coded,0,,1
evaluate,pro_complement,1,coded,0,,1
evaluate,npi_licenser,0,coded,0,,1
evaluate,stative,1,coded,0,,1
evaluate,content_noun_fact,0,coded,0,,1
evaluate,derived_nominal,0,coded,0,,1
evaluate,phrasal,0,lexical,0,,
evaluate,be_copula,0,lexical,0,,
exasperate,that_omission,1,coded,0,,1
exasperate,comp_inf,0,coded,0,,1
exasperate,ecm,0,coded,0,,1
exasperate,comp_interrog,0,coded,0,,1
exasperate,comp_gerund,0,coded,0,,1
exasperate,comp_small_clause,0,coded,0,,1
exasperate,np_comp_alt,0,coded,0,,1
exasperate,direct_speech,0,coded,0,,1
exasperate,subjunctive_comp,0,coded,0,,1
exasperate,comp_for_to,0,coded,0,,1
exasperate,comp_bare_inf,0,coded,0,,1
exasperate,comp_exclamative,0,coded,0,,1
exasperate,comp_poss_ing,0,coded,0,,1
exasperate,extraposition,1,coded,0,,1
exasperate,raising,0,coded,0,,1
exasperate,ditransitive,0,coded,0,,1
exasperate,factive_passive,1,coded,0,,1
exasperate,neg_raising,0,coded,0,,1
exasperate,weak_island,1,coded,0,,1
exasperate,pro_complement,0,coded,0,,1
exasperate,npi_licenser,0,coded,0,,1
exasperate,stative,1,coded,0,,1
exasperate,content_noun_fact,0,coded,0,,1
exasperate,derived_nominal,0,coded,0,,1
exasperate,phrasal,0,lexical,0,,
exasperate,be_copula,0,lexical,0,,
excite,that_omission,1,coded,0,,1
excite,comp_inf,1,coded,0,,1
excite,ecm,0,coded,0,,1
excite,comp_interrog,0,coded,0,,1
excite,comp_gerund,0,coded,0,,1
excite,comp_small_clause,0,coded,0,,1
excite,np_comp_alt,0,coded,0,,1
excite,direct_speech,0,coded,0,,1
excite,subjunctive_comp,0,coded,0,,1
excite,comp_for_to,0,coded,0,,1
excite,comp_bare_inf,0,coded,0,,1
excite,comp_exclamative,0,coded,0,,1
excite,comp_poss_ing,0,coded,0,,1
excite,extraposition,1,coded,0,,1
excite,raising,0,coded,0,,1
excite,ditransitive,0,coded,0,,1
excite,factive_passive,1,coded,0,,1
excite,neg_raising,0,coded,0,,1
excite,weak_island,1,coded,0,,1
excite,pro_complement,0,coded,0,,1
excite,npi_licenser,0,coded,0,,1
excite,stative,1,coded,0,,1
excite,content_noun_fact,0,coded,0,,1
excite,derived_nominal,0,coded,0,,1
excite,phrasal,0,lexical,0,,
excite,be_copula,0,lexical,0,,
exclaim,that_omission,1,coded,0,,1
exclaim,comp_inf,1,coded,0,,1
exclaim,ecm,0,coded,0,,1
exclaim,comp_interrog,0,coded,0,,1
exclaim,comp_gerund,0,coded,0,,1
exclaim,comp_small_clause,0,coded,0,,1
exclaim,np_comp_alt,0,coded,0,,1
exclaim,direct_speech,1,coded,0,,1
exclaim,subjunctive_comp,0,coded,0,,1
exclaim,comp_for_to,0,coded,0,,1
exclaim,comp_bare_inf,0,coded,0,,1
exclaim,comp_exclamative,0,coded,0,,1
exclaim,comp_poss_ing,0,coded,0,,1
exclaim,extraposition,0,coded,0,,1
exclaim,raising,0,coded,0,,1
exclaim,ditransitive,0,coded,0,,1
exclaim,factive_passive,0,coded,0,,1
exclaim,neg_raising,0,coded,0,,1
exclaim,weak_island,0,coded,0,,1
exclaim,pro_complement,0,coded,0,,1
exclaim,npi_licenser,0,coded,0,,1
exclaim,stative,1,coded,0,,1
exclaim,content_noun_fact,0,coded,0,,1
exclaim,derived_nominal,1,coded,0,,1
exclaim,phrasal,0,lexical,0,,
exclaim,be_copula,0,lexical,0,,
exhibit,that_omission,1,coded,0,,1
exhibit,comp_inf,0,coded,0,,1
exhibit,ecm,0,coded,0,,1
exhibit,comp_interrog,0,coded,0,,1
exhibit,comp_gerund,0,coded,0,,1
exhibit,comp_small_clause,0,coded,0,,1
exhibit,np_comp_alt,0,coded,0,,1
exhibit,direct_speech,0,coded,0,,1
exhibit,subjunctive_comp,0,coded,0,,1
exhibit,comp_for_to,0,coded,0,,1
exhibit,comp_bare_inf,0,coded,0,,1
exhibit,comp_exclamative,0,coded,0,,1
exhibit,comp_poss_ing,0,coded,0,,1
exhibit,extraposition,0,coded,0,,1
exhibit,raising,0,coded,0,,1
exhibit,ditransitive,0,coded,0,,1
exhibit,factive_passive,0,coded,0,,1
exhibit,neg_raising,0,coded,0,,1
exhibit,weak_island,0,coded,0,,1
exhibit,pro_complement,0,coded,0,,1
exhibit,npi_licenser,0,coded,0,,1
exhibit,stative,1,coded,0,,1
exhibit,content_noun_fact,0,coded,0,,1
exhibit,derived_nominal,0,coded,0,,1
exhibit,phrasal,0,lexical,0,,
exhibit,be_copula,0,lexical,0,,
exhilarate,that_omission,1,coded,0,,1
exhilarate,comp_inf,1,coded,0,,1
exhilarate,ecm,0,coded,0,,1
exhilarate,comp_interrog,0,coded,0,,1
exhilarate,comp_gerund,0,coded,0,,1
exhilarate,comp_small_clause,0,coded,0,,1
exhilarate,np_comp_alt,0,coded,0,,1
exhilarate,direct_speech,0,coded,0,,1
exhilarate,subjunctive_comp,0,coded,0,,1
exhilarate,comp_for_to,0,coded,0,,1
exhilarate,comp_bare_inf,0,coded,0,,1
exhilarate,comp_exclamative,0,coded,0,,1
exhilarate,comp_poss_ing,0,coded,0,,1
exhilarate,extraposition,1,coded,0,,1
exhilarate,raising,0,coded,0,,1
exhilarate,ditransitive,0,coded,0,,1
exhilarate,factive_passive,1,coded,0,,1
exhilarate,neg_raising,0,coded,0,,1
exhilarate,weak_island,1,coded,0,,1
exhilarate,pro_complement,0,coded,0,,1
exhilarate,npi_licenser,0,coded,0,,1
exhilarate,stative,1,coded,0,,1
exhilarate,content_noun_fact,0,coded,0,,1
exhilarate,derived_nominal,0,coded,0,,1
exhilarate,phrasal,0,lexical,0,,
exhilarate,be_copula,0,lexical,0,,
expose,that_omission,1,coded,0,,1
expose,comp_inf,0,coded,0,,1
expose,ecm,0,coded,0,,1
expose,comp_interrog,0,coded,0,,1
expose,comp_gerund,0,coded,0,,1
expose,comp_small_clause,0,coded,0,,1
expose,np_comp_alt,0,coded,0,,1
expose,direct_speech,0,coded,0,,1
expose,subjunctive_comp,0,coded,0,,1
expose,comp_for_to,0,coded,0,,1
expose,comp_bare_inf,0,coded,0,,1
expose,comp_exclamative,0,coded,0,,1
expose,comp_poss_ing,0,coded,0,,1
expose,extraposition,0,coded,0,,1
expose,raising,0,coded,0,,1
expose,ditransitive,0,coded,0,,1
expose,factive_passive,0,coded,0,,1
expose,neg_raising,0,coded,0,,1
expose,weak_island,0,coded,0,,1
expose,pro_complement,0,coded,0,,1
expose,npi_licenser,0,coded,0,,1
expose,stative,1,coded,0,,1
expose,content_noun_fact,0,coded,0,,1
expose,derived_nominal,0,coded,0,,1
expose,phrasal,0,lexical,0,,
expose,be_copula,0,lexical,0,,
express,that_omission,1,coded,0,,1
express,comp_inf,0,coded,0,,1
express,ecm,0,coded,0,,1
express,comp_interrog,0,coded,0,,1
express,comp_gerund,0,coded,0,,1
express,comp_small_clause,0,coded,0,,1
express,np_comp_alt,0,coded,0,,1
express,direct_speech,0,coded,0,,1
express,subjunctive_comp,0,coded,0,,1
express,comp_for_to,0,coded,0,,1
express,comp_bare_inf,0,coded,0,,1
express,comp_exclamative,0,coded,0,,1
express,comp_poss_ing,0,coded,0,,1
express,extraposition,0,coded,0,,1
express,raising,0,coded,0,,1
express,ditransitive,0,coded,0,,1
express,factive_passive,0,coded,0,,1
express,neg_raising,0,coded,0,,1
express,weak_island,0,coded,0,,1
express,pro_complement,0,coded,0,,1
express,npi_licenser,0,coded,0,,1
express,stative,1,coded,0,,1
express,content_noun_fact,0,coded,0,,1
express,derived_nominal,0,coded,0,,1
express,phrasal,0,lexical,0,,
express,be_copula,0,lexical,0,,
fabricate,that_omission,1,coded,0,,1
fabricate,comp_inf,0,coded,0,,1
fabricate,ecm,0,coded,0,,1
fabricate,comp_interrog,0,coded,0,,1
fabricate,comp_gerund,0,coded,0,,1
fabricate,comp_small_clause,0,coded,0,,1
fabricate,np_comp_alt,0,coded,0,,1
fabricate,direct_speech,0,coded,0,,1
fabricate,subjunctive_comp,0,coded,0,,1
fabricate,comp_for_to,0,coded,0,,1
fabricate,comp_bare_inf,0,coded,0,,1
fabricate,comp_exclamative,0,coded,0,,1
fabricate,comp_poss_ing,0,coded,0,,1
fabricate,extraposition,0,coded,0,,1
fabricate,raising,0,coded,0,,1
fabricate,ditransitive,0,coded,0,,1
fabricate,factive_passive,0,coded,0,,1
fabricate,neg_raising,0,coded,0,,1
fabricate,weak_island,0,coded,0,,1
fabricate,pro_complement,0,coded,0,,1
fabricate,npi_licenser,1,coded,0,,1
fabricate,stative,1,coded,0,,1
fabricate,content_noun_fact,0,coded,0,,1
fabricate,derived_nominal,0,coded,0,,1
fabricate,phrasal,0,lexical,0,,
fabricate,be_copula,0,lexical,0,,
fake,that_omission,1,coded,0,,1
fake,comp_inf,0,coded,0,,1
fake,ecm,0,coded,0,,1
fake,comp_interrog,0,coded,0,,1
fake,comp_gerund,0,coded,0,,1
fake,comp_small_clause,0,coded,0,,1
fake,np_comp_alt,0,coded,0,,1
fake,direct_speech,0,coded,0,,1
fake,subjunctive_comp,0,coded,0,,1
fake,comp_for_to,0,coded,0,,1
fake,comp_bare_inf,0,coded,0,,1
fake,comp_exclamative,0,coded,0,,1
fake,comp_poss_ing,0,coded,0,,1
fake,extraposition,0,coded,0,,1
fake,raising,0,coded,0,,1
fake,ditransitive,0,coded,0,,1
fake,factive_passive,0,coded,0,,1
fake,neg_raising,0,coded,0,,1
fake,weak_island,0,coded,0,,1
fake,pro_complement,0,coded,0,,1
fake,npi_licenser,1,coded,0,,1
fake,stative,1,coded,0,,1
fake,content_noun_fact,0,coded,0,,1
fake,derived_nominal,0,coded,0,,1
fake,phrasal,0,lexical,0,,
fake,be_copula,0,lexical,0,,
fascinate,that_omission,1,coded,0,,1
fascinate,comp_inf,0,coded,0,,1
fascinate,ecm,0,coded,0,,1
fascinate,comp_interrog,0,coded,0,,1
fascinate,comp_gerund,0,coded,0,,1
fascinate,comp_small_clause,0,coded,0,,1
fascinate,np_comp_alt,0,coded,0,,1
fascinate,direct_speech,0,coded,0,,1
fascinate,subjunctive_comp,0,coded,0,,1
fascinate,comp_for_to,0,coded,0,,1
fascinate,comp_bare_inf,0,coded,0,,1
fascinate,comp_exclamative,0,coded,0,,1
fascinate,comp_poss_ing,0,coded,0,,1
fascinate,extraposition,1,coded,0,,1
fascinate,raising,0,coded,0,,1
fascinate,ditransitive,0,coded,0,,1
fascinate,factive_passive,1,coded,0,,1
fascinate,neg_raising,0,coded,0,,1
fascinate,weak_island,1,coded,0,,1
fascinate,pro_complement,0,coded,0,,1
fascinate,npi_licenser,0,coded,0,,1
fascinate,stative,1,coded,0,,1
fascinate,content_noun_fact,0,coded,0,,1
fascinate,derived_nominal,0,coded,0,,1
fascinate,phrasal,0,lexical,0,,
fascinate,be_copula,0,lexical,0,,
fax,that_omission,1,coded,0,,1
fax,comp_inf,1,coded,0,,1
fax,ecm,0,coded,0,,1
fax,comp_interrog,0,coded,0,,1
fax,comp_gerund,0,coded,0,,1
fax,comp_small_clause,1,coded,0,,1
fax,np_comp_alt,0,coded,0,,1
fax,direct_speech,0,coded,0,,1
fax,subjunctive_comp,0,coded,0,,1
fax,comp_for_to,0,coded,0,,1
fax,comp_bare_inf,0,coded,0,,1
fax,comp_exclamative,0,coded,0,,1
fax,comp_poss_ing,0,coded,0,,1
fax,extraposition,0,coded,0,,1
fax,raising,0,coded,0,,1
fax,ditransitive,0,coded,0,,1
fax,factive_passive,0,coded,0,,1
fax,neg_raising,0,coded,0,,1
fax,weak_island,0,coded,0,,1
fax,pro_complement,0,coded,0,,1
fax,npi_licenser,0,coded,0,,1
fax,stative,1,coded,0,,1
fax,content_noun_fact,0,coded,0,,1
fax,derived_nominal,0,coded,0,,1
fax,phrasal,0,lexical,0,,
fax,be_copula,0,lexical,0,,
feign,that_omission,1,coded,0,,1
feign,comp_inf,1,coded,0,,1
feign,ecm,0,coded,0,,1
feign,comp_interrog,0,coded,0,,1
feign,comp_gerund,0,coded,0,,1
feign,comp_small_clause,0,coded,0,,1
feign,np_comp_alt,0,coded,0,,1
feign,direct_speech,0,coded,0,,1
feign,subjunctive_comp,0,coded,0,,1
feign,comp_for_to,0,coded,0,,1
feign,comp_bare_inf,0,coded,0,,1
feign,comp_exclamative,0,coded,0,,1
feign,comp_poss_ing,0,coded,0,,1
feign,extraposition,0,coded,0,,1
feign,raising,0,coded,0,,1
feign,ditransitive,0,coded,0,,1
feign,factive_passive,0,coded,0,,1
feign,neg_raising,0,coded,0,,1
feign,weak_island,0,coded,0,,1
feign,pro_complement,0,coded,0,,1
feign,npi_licenser,1,coded,0,,1
feign,stative,1,coded,0,,1
feign,content_noun_fact,0,coded,0,,1
feign,derived_nominal,0,coded,0,,1
feign,phrasal,0,lexical,0,,
feign,be_copula,0,lexical,0,,
fess_up,that_omission,1,coded,0,,1
fess_up,comp_inf,1,coded,0,,1
fess_up,ecm,0,coded,0,,1
fess_up,comp_interrog,0,coded,0,,1
fess_up,comp_gerund,1,coded,0,,1
fess_up,comp_small_clause,0,coded,0,,1
fess_up,np_comp_alt,0,coded,0,,1
fess_up,direct_speech,1,coded,0,,1
fess_up,subjunctive_comp,0,coded,0,,1
fess_up,comp_for_to,0,coded,0,,1
fess_up,comp_bare_inf,0,coded,0,,1
fess_up,comp_exclamative,0,coded,0,,1
fess_up,comp_poss_ing,1,coded,0,,1
fess_up,extraposition,0,coded,0,,1
fess_up,raising,0,coded,0,,1
fess_up,ditransitive,0,coded,0,,1
fess_up,factive_passive,0,coded,0,,1
fess_up,neg_raising,0,coded,0,,1
fess_up,weak_island,1,coded,0,,1
fess_up,pro_complement,0,coded,0,,1
fess_up,npi_licenser,0,coded,0,,1
fess_up,stative,1,coded,0,,1
fess_up,content_noun_fact,1,coded,0,,1
fess_up,derived_nominal,0,coded,0,,1
fess_up,phrasal,1,lexical,0,,
fess_up,be_copula,0,lexical,0,,
figure,that_omission,1,coded,0,,1
figure,comp_inf,0,coded,0,,1
figure,ecm,0,coded,0,,1
figure,comp_interrog,1,coded,0,,1
figure,comp_gerund,0,coded,0,,1
figure,comp_small_clause,0,coded,0,,1
figure,np_comp_alt,0,coded,0,,1
figure,direct_speech,0,coded,0,,1
figure,subjunctive_comp,0,coded,0,,1
figure,comp_for_to,0,coded,0,,1
figure,comp_bare_inf,0,coded,0,,1
figure,comp_exclamative,0,coded,0,,1
figure,comp_poss_ing,0,coded,0,,1
figure,extraposition,0,coded,0,,1
figure,raising,0,coded,0,,1
figure,ditransitive,0,coded,0,,1
figure,factive_passive,0,coded,0,,1
figure,neg_raising,1,coded,0,,1
figure,weak_island,0,coded,0,,1
figure,pro_complement,1,coded,0,,1
figure,npi_licenser,0,coded,0,,1
figure,stative,1,coded,0,,1
figure,content_noun_fact,0,coded,0,,1
figure,derived_nominal,0,coded,0,,1
figure,phrasal,0,lexical,0,,
figure,be_copula,0,lexical,0,,
figure_out,that_omission,1,coded,0,,1
figure_out,comp_inf,0,coded,0,,1
figure_out,ecm,0,coded,0,,1
figure_out,comp_interrog,1,coded,0,,1
figure_out,comp_gerund,0,coded,0,,1
figure_out,comp_small_clause,0,coded,0,,1
figure_out,np_comp_alt,0,coded,0,,1
figure_out,direct_speech,0,coded,0,,1
figure_out,subjunctive_comp,0,coded,0,,1
figure_out,comp_for_to,0,coded,0,,1
figure_out,comp_bare_inf,0,coded,0,,1
figure_out,comp_exclamative,1,coded,0,,1
figure_out,comp_poss_ing,0,coded,0,,1
figure_out,extraposition,0,coded,0,,1
figure_out,raising,0,coded,0,,1
figure_out,ditransitive,0,coded,0,,1
figure_out,factive_passive,0,coded,0,,1
figure_out,neg_raising,0,coded,0,,1
figure_out,weak_island,1,coded,0,,1
figure_out,pro_complement,0,coded,0,,1
figure_out,npi_licenser,0,coded,0,,1
figure_out,stative,0,coded,0,,1
figure_out,content_noun_fact,1,coded,0,,1
figure_out,derived_nominal,0,coded,0,,1
figure_out,phrasal,1,lexical,0,,
figure_out,be_copula,0,lexical,0,,
find,that_omission,1,coded,0,,1
find,comp_inf,1,coded,0,,1
find,ecm,1,coded,0,,1
find,comp_interrog,1,coded,0,,1
find,comp_gerund,0,coded,0,,1
find,comp_small_clause,1,coded,0,,1
find,np_comp_alt,1,coded,0,,1
find,direct_speech,0,coded,0,,1
find,subjunctive_comp,0,coded,0,,1
find,comp_for_to,0,coded,0,,1
find,comp_bare_inf,0,coded,0,,1
find,comp_exclamative,1,coded,0,,1
find,comp_poss_ing,0,coded,0,,1
find,extraposition,0,coded,0,,1
find,raising,0,coded,0,,1
find,ditransitive,0,coded,0,,1
find,factive_passive,0,coded,0,,1
find,neg_raising,0,coded,0,,1
find,weak_island,1,coded,0,,1
find,pro_complement,0,coded,0,,1
find,npi_licenser,0,coded,0,,1
find,stative,0,coded,0,,1
find,content_noun_fact,1,coded,0,,1
find,derived_nominal,1,coded,0,,1
find,phrasal,0,lexical,0,,
find,be_copula,0,lexical,0,,
flatter,that_omission,1,coded,0,,1
flatter,comp_inf,1,coded,0,,1
flatter,ecm,0,coded,0,,1
flatter,comp_interrog,0,coded,0,,1
flatter,comp_gerund,0,coded,0,,1
flatter,comp_small_clause,0,coded,0,,1
flatter,np_comp_alt,0,coded,0,,1
flatter,direct_speech,0,coded,0,,1
flatter,subjunctive_comp,0,coded,0,,1
flatter,comp_for_to,0,coded,0,,1
flatter,comp_bare_inf,0,coded,0,,1
flatter,comp_exclamative,0,coded,0,,1
flatter,comp_poss_ing,0,coded,0,,1
flatter,extraposition,1,coded,0,,1
flatter,raising,0,coded,0,,1
flatter,ditransitive,0,coded,0,,1
flatter,factive_passive,1,coded,0,,1
flatter,neg_raising,0,coded,0,,1
flatter,weak_island,1,coded,0,,1
flatter,pro_complement,0,coded,0,,1
flatter,npi_licenser,0,coded,0,,1
flatter,stative,1,coded,0,,1
flatter,content_noun_fact,0,coded,0,,1
flatter,derived_nominal,0,coded,0,,1
flatter,phrasal,0,lexical,0,,
flatter,be_copula,0,lexical,0,,
flaunt,that_omission,1,coded,0,,1
flaunt,comp_inf,0,coded,0,,1
flaunt,ecm,0,coded,0,,1
flaunt,comp_interrog,0,coded,0,,1
flaunt,comp_gerund,0,coded,0,,1
flaunt,comp_small_clause,0,coded,0,,1
flaunt,np_comp_alt,0,coded,0,,1
flaunt,direct_speech,0,coded,0,,1
flaunt,subjunctive_comp,0,coded,0,,1
flaunt,comp_for_to,0,coded,0,,1
flaunt,comp_bare_inf,0,coded,0,,1
flaunt,comp_exclamative,0,coded,0,,1
flaunt,comp_poss_ing,0,coded,0,,1
flaunt,extraposition,0,coded,0,,1
flaunt,raising,0,coded,0,,1
flaunt,ditransitive,0,coded,0,,1
flaunt,factive_passive,0,coded,0,,1
flaunt,neg_raising,0,coded,0,,1
flaunt,weak_island,1,coded,0,,1
flaunt,pro_complement,0,coded,0,,1
flaunt,npi_licenser,0,coded,0,,1
flaunt,stative,1,coded,0,,1
flaunt,content_noun_fact,1,coded,0,,1
flaunt,derived_nominal,0,coded,0,,1
flaunt,phrasal,0,lexical,0,,
flaunt,be_copula,0,lexical,0,,
flip_out,that_omission,0,coded,0,,1
flip_out,comp_inf,1,coded,0,,1
flip_out,ecm,0,coded,0,,1
flip_out,comp_interrog,0,coded,0,,1
flip_out,comp_gerund,0,coded,0,,1
flip_out,comp_small_clause,0,coded,0,,1
flip_out,np_comp_alt,0,coded,0,,1
flip_out,direct_speech,0,coded,0,,1
flip_out,subjunctive_comp,0,coded,0,,1
flip_out,comp_for_to,0,coded,0,,1
flip_out,comp_bare_inf,0,coded,0,,1
flip_out,comp_exclamative,0,coded,0,,1
flip_out,comp_poss_ing,0,coded,0,,1
flip_out,extraposition,0,coded,0,,1
flip_out,raising,0,coded,0,,1
flip_out,ditransitive,0,coded,0,,1
flip_out,factive_passive,0,coded,0,,1
flip_out,neg_raising,0,coded,0,,1
flip_out,weak_island,1,coded,0,,1
flip_out,pro_complement,0,coded,0,,1
flip_out,npi_licenser,0,coded,0,,1
flip_out,stative,1,coded,0,,1
flip_out,content_noun_fact,1,coded,0,,1
flip_out,derived_nominal,0,coded,0,,1
flip_out,phrasal,1,lexical,0,,
flip_out,be_copula,0,lexical,0,,
floor,that_omission,1,coded,0,,1
floor,comp_inf,0,coded,0,,1
floor,ecm,0,coded,0,,1
floor,comp_interrog,0,coded,0,,1
floor,comp_gerund,0,coded,0,,1
floor,comp_small_clause,0,coded,0,,1
floor,np_comp_alt,0,coded,0,,1
floor,direct_speech,0,coded,0,,1
floor,subjunctive_comp,0,coded,0,,1
floor,comp_for_to,0,coded,0,,1
floor,comp_bare_inf,0,coded,0,,1
floor,comp_exclamative,0,coded,0,,1
floor,comp_poss_ing,0,coded,0,,1
floor,extraposition,1,coded,0,,1
floor,raising,0,coded,0,,1
floor,ditransitive,0,coded,0,,1
floor,factive_passive,1,coded,0,,1
floor,neg_raising,0,coded,0,,1
floor,weak_island,1,coded,0,,1
floor,pro_complement,0,coded,0,,1
floor,npi_licenser,0,coded,0,,1
floor,stative,1,coded,0,,1
floor,content_noun_fact,0,coded,0,,1
floor,derived_nominal,0,coded,0,,1
floor,phrasal,0,lexical,0,,
floor,be_copula,0,lexical,0,,
fluster,that_omission,1,coded,0,,1
fluster,comp_inf,1,coded,0,,1
fluster,ecm,0,coded,0,,1
fluster,comp_interrog,0,coded,0,,1
fluster,comp_gerund,0,coded,0,,1
fluster,comp_small_clause,0,coded,0,,1
fluster,np_comp_alt,0,coded,0,,1
fluster,direct_speech,0,coded,0,,1
fluster,subjunctive_comp,0,coded,0,,1
fluster,comp_for_to,0,coded,0,,1
fluster,comp_bare_inf,0,coded,0,,1
fluster,comp_exclamative,0,coded,0,,1
fluster,comp_poss_ing,0,coded,0,,1
fluster,extraposition,1,coded,0,,1
fluster,raising,0,coded,0,,1
fluster,ditransitive,0,coded,0,,1
fluster,factive_passive,1,coded,0,,1
fluster,neg_raising,0,coded,0,,1
fluster,weak_island,1,coded,0,,1
fluster,pro_complement,0,coded,0,,1
fluster,npi_licenser,0,coded,0,,1
fluster,stative,1,coded,0,,1
fluster,content_noun_fact,0,coded,0,,1
fluster,derived_nominal,0,coded,0,,1
fluster,phrasal,0,lexical,0,,
fluster,be_copula,0,lexical,0,,
fool,that_omission,1,coded,0,,1
fool,comp_inf,1,coded,0,,1
fool,ecm,0,coded,0,,1
fool,comp_interrog,0,coded,0,,1
fool,comp_gerund,0,coded,0,,1
fool,comp_small_clause,0,coded,0,,1
fool,np_comp_alt,0,coded,0,,1
fool,direct_speech,0,coded,0,,1
fool,subjunctive_comp,0,coded,0,,1
fool,comp_for_to,0,coded,0,,1
fool,comp_bare_inf,0,coded,0,,1
fool,comp_exclamative,0,coded,0,,1
fool,comp_poss_ing,0,coded,0,,1
fool,extraposition,0,coded,0,,1
fool,raising,0,coded,0,,1
fool,ditransitive,0,coded,0,,1
fool,factive_passive,0,coded,0,,1
fool,neg_raising,0,coded,0,,1
fool,weak_island,0,coded,0,,1
fool,pro_complement,0,coded,0,,1
fool,npi_licenser,0,coded,0,,1
fool,stative,1,coded,0,,1
fool,content_noun_fact,0,coded,0,,1
fool,derived_nominal,0,coded,0,,1
fool,phrasal,0,lexical,0,,
fool,be_copula,0,lexical,0,,
forecast,that_omission,1,coded,0,,1
forecast,comp_inf,1,coded,0,,1
forecast,ecm,0,coded,0,,1
forecast,comp_interrog,0,coded,0,,1
forecast,comp_gerund,0,coded,0,,1
forecast,comp_small_clause,0,coded,0,,1
forecast,np_comp_alt,1,coded,0,,1
forecast,direct_speech,1,coded,0,,1
forecast,subjunctive_comp,0,coded,0,,1
forecast,comp_for_to,0,coded,0,,1
forecast,comp_bare_inf,0,coded,0,,1
forecast,comp_exclamative,0,coded,0,,1
forecast,comp_poss_ing,0,coded,0,,1
forecast,extraposition,0,coded,0,,1
forecast,raising,0,coded,0,,1
forecast,ditransitive,0,coded,0,,1
forecast,factive_passive,0,coded,0,,1
forecast,neg_raising,0,coded,0,,1
forecast,weak_island,0,coded,0,,1
forecast,pro_complement,0,coded,0,,1
forecast,npi_licenser,0,coded,0,,1
forecast,stative,1,coded,0,,1
forecast,content_noun_fact,0,coded,0,,1
forecast,derived_nominal,0,coded,0,,1
forecast,phrasal,0,lexical,0,,
forecast,be_copula,0,lexical,0,,
foresee,that_omission,1,coded,0,,1
foresee,comp_inf,1,coded,0,,1
foresee,ecm,0,coded,0,,1
foresee,comp_interrog,0,coded,0,,1
foresee,comp_gerund,0,coded,0,,1
foresee,comp_small_clause,0,coded,0,,1
foresee,np_comp_alt,0,coded,0,,1
foresee,direct_speech,0,coded,0,,1
foresee,subjunctive_comp,0,coded,0,,1
foresee,comp_for_to,0,coded,0,,1
foresee,comp_bare_inf,0,coded,0,,1
foresee,comp_exclamative,0,coded,0,,1
foresee,comp_poss_ing,0,coded,0,,1
foresee,extraposition,0,coded,0,,1
foresee,raising,0,coded,0,,1
foresee,ditransitive,0,coded,0,,1
foresee,factive_passive,0,coded,0,,1
foresee,neg_raising,1,coded,0,,1
foresee,weak_island,0,coded,0,,1
foresee,pro_complement,1,coded,0,,1
foresee,npi_licenser,0,coded,0,,1
foresee,stative,1,coded,0,,1
foresee,content_noun_fact,0,coded,0,,1
foresee,derived_nominal,0,coded,0,,1
foresee,phrasal,0,lexical,0,,
foresee,be_copula,0,lexical,0,,
foretell,that_omission,1,coded,0,,1
foretell,comp_inf,1,coded,0,,1
foretell,ecm,0,coded,0,,1
foretell,comp_interrog,0,coded,0,,1
foretell,comp_gerund,0,coded,0,,1
foretell,comp_small_clause,0,coded,0,,1
foretell,np_comp_alt,0,coded,0,,1
foretell,direct_speech,1,coded,0,,1
foretell,subjunctive_comp,0,coded,0,,1
foretell,comp_for_to,0,coded,0,,1
foretell,comp_bare_inf,0,coded,0,,1
foretell,comp_exclamative,0,coded,0,,1
foretell,comp_poss_ing,0,coded,0,,1
foretell,extraposition,0,coded,0,,1
foretell,raising,0,coded,0,,1
foretell,ditransitive,0,coded,0,,1
foretell,factive_passive,0,coded,0,,1
foretell,neg_raising,0,coded,0,,1
foretell,weak_island,0,coded,0,,1
foretell,pro_complement,0,coded,0,,1
foretell,npi_licenser,0,coded,0,,1
foretell,stative,1,coded,0,,1
foretell,content_noun_fact,0,coded,0,,1
foretell,derived_nominal,0,coded,0,,1
foretell,phrasal,0,lexical,0,,
foretell,be_copula,0,lexical,0,,
forgive,that_omission,1,coded,0,,1
forgive,comp_inf,0,coded,0,,1
forgive,ecm,0,coded,0,,1
forgive,comp_interrog,0,coded,0,,1
forgive,comp_gerund,0,coded,0,,1
forgive,comp_small_clause,0,coded,0,,1
forgive,np_comp_alt,0,coded,0,,1
forgive,direct_speech,0,coded,0,,1
forgive,subjunctive_comp,0,coded,0,,1
forgive,comp_for_to,0,coded,0,,1
forgive,comp_bare_inf,0,coded,0,,1
forgive,comp_exclamative,0,coded,0,,1
forgive,comp_poss_ing,0,coded,0,,1
forgive,extraposition,0,coded,0,,1
forgive,raising,0,coded,0,,1
forgive,ditransitive,0,coded,0,,1
forgive,factive_passive,0,coded,0,,1
forgive,neg_raising,0,coded,0,,1
forgive,weak_island,1,coded,0,,1
forgive,pro_complement,0,coded,0,,1
forgive,npi_licenser,0,coded,0,,1
forgive,stative,1,coded,0,,1
forgive,content_noun_fact,1,coded,0,,1
forgive,derived_nominal,0,coded,0,,1
forgive,phrasal,0,lexical,0,,
forgive,be_copula,0,lexical,0,,
freak_out,that_omission,0,coded,0,,1
freak_out,comp_inf,1,coded,0,,1
freak_out,ecm,0,coded,0,,1
freak_out,comp_interrog,0,coded,0,,1
freak_out,comp_gerund,0,coded,0,,1
freak_out,comp_small_clause,0,coded,0,,1
freak_out,np_comp_alt,0,coded,0,,1
freak_out,direct_speech,0,coded,0,,1
freak_out,subjunctive_comp,0,coded,0,,1
freak_out,comp_for_to,0,coded,0,,1
freak_out,comp_bare_inf,0,coded,0,,1
freak_out,comp_exclamative,0,coded,0,,1
freak_out,comp_poss_ing,0,coded,0,,1
freak_out,extraposition,0,coded,0,,1
freak_out,raising,0,coded,0,,1
freak_out,ditransitive,0,coded,0,,1
freak_out,factive_passive,0,coded,0,,1
freak_out,neg_raising,0,coded,0,,1
freak_out,weak_island,1,coded,0,,1
freak_out,pro_complement,0,coded,0,,1
freak_out,npi_licenser,0,coded,0,,1
freak_out,stative,1,coded,0,,1
freak_out,content_noun_fact,1,coded,0,,1
freak_out,derived_nominal,0,coded,0,,1
freak_out,phrasal,1,lexical,0,,
freak_out,be_copula,0,lexical,0,,
fret,that_omission,1,coded,0,,1
fret,comp_inf,1,coded,0,,1
fret,ecm,0,coded,0,,1
fret,comp_interrog,0,coded,0,,1
fret,comp_gerund,0,coded,0,,1
fret,comp_small_clause,0,coded,0,,1
fret,np_comp_alt,0,coded,0,,1
fret,direct_speech,0,coded,0,,1
fret,subjunctive_comp,0,coded,0,,1
fret,comp_for_to,0,coded,0,,1
fret,comp_bare_inf,0,coded,0,,1
fret,comp_exclamative,0,coded,0,,1
fret,comp_poss_ing,0,coded,0,,1
fret,extraposition,0,coded,0,,1
fret,raising,0,coded,0,,1
fret,ditransitive,0,coded,0,,1
fret,factive_passive,0,coded,0,,1
fret,neg_raising,0,coded,0,,1
fret,weak_island,0,coded,0,,1
fret,pro_complement,0,coded,0,,1
fret,npi_licenser,0,coded,0,,1
fret,stative,1,coded,0,,1
fret,content_noun_fact,0,coded,0,,1
fret,derived_nominal,0,coded,0,,1
fret,phrasal,0,lexical,0,,
fret,be_copula,0,lexical,0,,
frighten,that_omission,1,coded,0,,1
frighten,comp_inf,1,coded,0,,1
frighten,ecm,0,coded,0,,1
frighten,comp_interrog,0,coded,0,,1
frighten,comp_gerund,0,coded,0,,1
frighten,comp_small_clause,1,coded,0,,1
frighten,np_comp_alt,0,coded,0,,1
frighten,direct_speech,0,coded,0,,1
frighten,subjunctive_comp,0,coded,0,,1
frighten,comp_for_to,0,coded,0,,1
frighten,comp_bare_inf,0,coded,0,,1
frighten,comp_exclamative,0,coded,0,,1
frighten,comp_poss_ing,0,coded,0,,1
frighten,extraposition,1,coded,0,,1
frighten,raising,0,coded,0,,1
frighten,ditransitive,0,coded,0,,1
frighten,factive_passive,1,coded,0,,1
frighten,neg_raising,0,coded,0,,1
frighten,weak_island,1,coded,0,,1
frighten,pro_complement,0,coded,0,,1
frighten,npi_licenser,0,coded,0,,1
frighten,stative,1,coded,0,,1
frighten,content_noun_fact,0,coded,0,,1
frighten,derived_nominal,0,coded,0,,1
frighten,phrasal,0,lexical,0,,
frighten,be_copula,0,lexical,0,,
frustrate,that_omission,1,coded,0,,1
frustrate,comp_inf,1,coded,0,,1
frustrate,ecm,0,coded,0,,1
frustrate,comp_interrog,0,coded,0,,1
frustrate,comp_gerund,0,coded,0,,1
frustrate,comp_small_clause,0,coded,0,,1
frustrate,np_comp_alt,0,coded,0,,1
frustrate,direct_speech,0,coded,0,,1
frustrate,subjunctive_comp,0,coded,0,,1
frustrate,comp_for_to,0,coded,0,,1
frustrate,comp_bare_inf,0,coded,0,,1
frustrate,comp_exclamative,0,coded,0,,1
frustrate,comp_poss_ing,0,coded,0,,1
frustrate,extraposition,1,coded,0,,1
frustrate,raising,0,coded,0,,1
frustrate,ditransitive,0,coded,0,,1
frustrate,factive_passive,1,coded,0,,1
frustrate,neg_raising,0,coded,0,,1
frustrate,weak_island,1,coded,0,,1
frustrate,pro_complement,0,coded,0,,1
frustrate,npi_licenser,0,coded,0,,1
frustrate,stative,1,coded,0,,1
frustrate,content_noun_fact,0,coded,0,,1
frustrate,derived_nominal,0,coded,0,,1
frustrate,phrasal,0,lexical,0,,
frustrate,be_copula,0,lexical,0,,
fuss,that_omission,0,coded,0,,1
fuss,comp_inf,1,coded,0,,1
fuss,ecm,0,coded,0,,1
fuss,comp_interrog,0,coded,0,,1
fuss,comp_gerund,0,coded,0,,1
fuss,comp_small_clause,0,coded,0,,1
fuss,np_comp_alt,0,coded,0,,1
fuss,direct_speech,0,coded,0,,1
fuss,subjunctive_comp,0,coded,0,,1
fuss,comp_for_to,0,coded,0,,1
fuss,comp_bare_inf,0,coded,0,,1
fuss,comp_exclamative,0,coded,0,,1
fuss,comp_poss_ing,0,coded,0,,1
fuss,extraposition,0,coded,0,,1
fuss,raising,0,coded,0,,1
fuss,ditransitive,0,coded,0,,1
fuss,factive_passive,0,coded,0,,1
fuss,neg_raising,0,coded,0,,1
fuss,weak_island,1,coded,0,,1
fuss,pro_complement,0,coded,0,,1
fuss,npi_licenser,0,coded,0,,1
fuss,stative,1,coded,0,,1
fuss,content_noun_fact,1,coded,0,,1
fuss,derived_nominal,0,coded,0,,1
fuss,phrasal,0,lexical,0,,
fuss,be_copula,0,lexical,0,,
gab,that_omission,1,coded,0,,1
gab,comp_inf,0,coded,0,,1
gab,ecm,0,coded,0,,1
gab,comp_interrog,0,coded,0,,1
gab,comp_gerund,0,coded,0,,1
gab,comp_small_clause,0,coded,0,,1
gab,np_comp_alt,0,coded,0,,1
gab,direct_speech,1,coded,0,,1
gab,subjunctive_comp,0,coded,0,,1
gab,comp_for_to,0,coded,0,,1
gab,comp_bare_inf,0,coded,0,,1
gab,comp_exclamative,0,coded,0,,1
gab,comp_poss_ing,0,coded,0,,1
gab,extraposition,0,coded,0,,1
gab,raising,0,coded,0,,1
gab,ditransitive,0,coded,0,,1
gab,factive_passive,0,coded,0,,1
gab,neg_raising,0,coded,0,,1
gab,weak_island,0,coded,0,,1
gab,pro_complement,0,coded,0,,1
gab,npi_licenser,0,coded,0,,1
gab,stative,1,coded,0,,1
gab,content_noun_fact,0,coded,0,,1
gab,derived_nominal,0,coded,0,,1
gab,phrasal,0,lexical,0,,
gab,be_copula,0,lexical,0,,
gall,that_omission,1,coded,0,,1
gall,comp_inf,0,coded,0,,1
gall,ecm,0,coded,0,,1
gall,comp_interrog,0,coded,0,,1
gall,comp_gerund,0,coded,0,,1
gall,comp_small_clause,0,coded,0,,1
gall,np_comp_alt,0,coded,0,,1
gall,direct_speech,0,coded,0,,1
gall,subjunctive_comp,0,coded,0,,1
gall,comp_for_to,0,coded,0,,1
gall,comp_bare_inf,0,coded,0,,1
gall,comp_exclamative,0,coded,0,,1
gall,comp_poss_ing,0,coded,0,,1
gall,extraposition,1,coded,0,,1
gall,raising,0,coded,0,,1
gall,ditransitive,0,coded,0,,1
gall,factive_passive,1,coded,0,,1
gall,neg_raising,0,coded,0,,1
gall,weak_island,1,coded,0,,1
gall,pro_complement,0,coded,0,,1
gall,npi_licenser,0,coded,0,,1
gall,stative,1,coded,0,,1
gall,content_noun_fact,0,coded,0,,1
gall,derived_nominal,0,coded,0,,1
gall,phrasal,0,lexical,0,,
gall,be_copula,0,lexical,0,,
gasp,that_omission,1,coded,0,,1
gasp,comp_inf,0,coded,0,,1
gasp,ecm,0,coded,0,,1
gasp,comp_interrog,0,coded,0,,1
gasp,comp_gerund,0,coded,0,,1
gasp,comp_small_clause,0,coded,0,,1
gasp,np_comp_alt,0,coded,0,,1
gasp,direct_speech,1,coded,0,,1
gasp,subjunctive_comp,0,coded,0,,1
gasp,comp_for_to,0,coded,0,,1
gasp,comp_bare_inf,0,coded,0,,1
gasp,comp_exclamative,0,coded,0,,1
gasp,comp_poss_ing,0,coded,0,,1
gasp,extraposition,0,coded,0,,1
gasp,raising,0,coded,0,,1
gasp,ditransitive,0,coded,0,,1
gasp,factive_passive,0,coded,0,,1
gasp,neg_raising,0,coded,0,,1
gasp,weak_island,1,coded,0,,1
gasp,pro_complement,0,coded,0,,1
gasp,npi_licenser,0,coded,0,,1
gasp,stative,1,coded,0,,1
gasp,content_noun_fact,1,coded,0,,1
gasp,derived_nominal,0,coded,0,,1
gasp,phrasal,0,lexical,0,,
gasp,be_copula,0,lexical,0,,
gather,that_omission,1,coded,0,,1
gather,comp_inf,0,coded,0,,1
gather,ecm,0,coded,0,,1
gather,comp_interrog,0,coded,0,,1
gather,comp_gerund,0,coded,0,,1
gather,comp_small_clause,0,coded,0,,1
gather,np_comp_alt,1,coded,0,,1
gather,direct_speech,0,coded,0,,1
gather,subjunctive_comp,0,coded,0,,1
gather,comp_for_to,0,coded,0,,1
gather,comp_bare_inf,0,coded,0,,1
gather,comp_exclamative,0,coded,0,,1
gather,comp_poss_ing,0,coded,0,,1
gather,extraposition,0,coded,0,,1
gather,raising,0,coded,0,,1
gather,ditransitive,0,coded,0,,1
gather,factive_passive,0,coded,0,,1
gather,neg_raising,1,coded,0,,1
gather,weak_island,0,coded,0,,1
gather,pro_complement,1,coded,0,,1
gather,npi_licenser,0,coded,0,,1
gather,stative,1,coded,0,,1
gather,content_noun_fact,0,coded,0,,1
gather,derived_nominal,0,coded,0,,1
gather,phrasal,0,lexical,0,,
gather,be_copula,0,lexical,0,,
gauge,that_omission,1,coded,0,,1
gauge,comp_inf,0,coded,0,,1
gauge,ecm,0,coded,0,,1
gauge,comp_interrog,0,coded,0,,1
gauge,comp_gerund,0,coded,0,,1
gauge,comp_small_clause,0,coded,0,,1
gauge,np_comp_alt,0,coded,0,,1
gauge,direct_speech,0,coded,0,,1
gauge,subjunctive_comp,0,coded,0,,1
gauge,comp_for_to,0,coded,0,,1
gauge,comp_bare_inf,0,coded,0,,1
gauge,comp_exclamative,0,coded,0,,1
gauge,comp_poss_ing,0,coded,0,,1
gauge,extraposition,0,coded,0,,1
gauge,raising,0,coded,0,,1
gauge,ditransitive,0,coded,0,,1
gauge,factive_passive,0,coded,0,,1
gauge,neg_raising,0,coded,0,,1
gauge,weak_island,0,coded,0,,1
gauge,pro_complement,1,coded,0,,1
gauge,npi_licenser,0,coded,0,,1
gauge,stative,1,coded,0,,1
gauge,content_noun_fact,0,coded,0,,1
gauge,derived_nominal,0,coded,0,,1
gauge,phrasal,0,lexical,0,,
gauge,be_copula,0,lexical,0,,
generalize,that_omission,1,coded,0,,1
generalize,comp_inf,0,coded,0,,1
generalize,ecm,0,coded,0,,1
generalize,comp_interrog,0,coded,0,,1
generalize,comp_gerund,0,coded,0,,1
generalize,comp_small_clause,0,coded,0,,1
generalize,np_comp_alt,0,coded,0,,1
generalize,direct_speech,0,coded,0,,1
generalize,subjunctive_comp,0,coded,0,,1
generalize,comp_for_to,0,coded,0,,1
generalize,comp_bare_inf,0,coded,0,,1
generalize,comp_exclamative,0,coded,0,,1
generalize,comp_poss_ing,0,coded,0,,1
generalize,extraposition,0,coded,0,,1
generalize,raising,0,coded,0,,1
generalize,ditransitive,0,coded,0,,1
generalize,factive_passive,0,coded,0,,1
generalize,neg_raising,0,coded,0,,1
generalize,weak_island,0,coded,0,,1
generalize,pro_complement,1,coded,0,,1
generalize,npi_licenser,0,coded,0,,1
generalize,stative,1,coded,0,,1
generalize,content_noun_fact,0,coded,0,,1
generalize,derived_nominal,0,coded,0,,1
generalize,phrasal,0,lexical,0,,
generalize,be_copula,0,lexical,0,,
giggle,that_omission,0,coded,0,,1
giggle,comp_inf,0,coded,0,,1
giggle,ecm,0,coded,0,,1
giggle,comp_interrog,0,coded,0,,1
giggle,comp_gerund,0,coded,0,,1
giggle,comp_small_clause,0,coded,0,,1
giggle,np_comp_alt,0,coded,0,,1
giggle,direct_speech,1,coded,0,,1
giggle,subjunctive_comp,0,coded,0,,1
giggle,comp_for_to,0,coded,0,,1
giggle,comp_bare_inf,0,coded,0,,1
giggle,comp_exclamative,0,coded,0,,1
giggle,comp_poss_ing,0,coded,0,,1
giggle,extraposition,0,coded,0,,1
giggle,raising,0,coded,0,,1
giggle,ditransitive,0,coded,0,,1
giggle,factive_passive,0,coded,0,,1
giggle,neg_raising,0,coded,0,,1
giggle,weak_island,0,coded,0,,1
giggle,pro_complement,0,coded,0,,1
giggle,npi_licenser,0,coded,0,,1
giggle,stative,1,coded,0,,1
giggle,content_noun_fact,0,coded,0,,1
giggle,derived_nominal,0,coded,0,,1
giggle,phrasal,0,lexical,0,,
giggle,be_copula,0,lexical,0,,
gladden,that_omission,1,coded,0,,1
gladden,comp_inf,0,coded,0,,1
gladden,ecm,0,coded,0,,1
gladden,comp_interrog,0,coded,0,,1
gladden,comp_gerund,0,coded,0,,1
gladden,comp_small_clause,0,coded,0,,1
gladden,np_comp_alt,0,coded,0,,1
gladden,direct_speech,0,coded,0,,1
gladden,subjunctive_comp,0,coded,0,,1
gladden,comp_for_to,0,coded,0,,1
gladden,comp_bare_inf,0,coded,0,,1
gladden,comp_exclamative,0,coded,0,,1
gladden,comp_poss_ing,0,coded,0,,1
gladden,extraposition,1,coded,0,,1
gladden,raising,0,coded,0,,1
gladden,ditransitive,0,coded,0,,1
gladden,factive_passive,1,coded,0,,1
gladden,neg_raising,0,coded,0,,1
gladden,weak_island,1,coded,0,,1
gladden,pro_complement,0,coded,0,,1
gladden,npi_licenser,0,coded,0,,1
gladden,stative,1,coded,0,,1
gladden,content_noun_fact,0,coded,0,,1
gladden,derived_nominal,0,coded,0,,1
gladden,phrasal,0,lexical,0,,
gladden,be_copula,0,lexical,0,,
gloat,that_omission,0,coded,0,,1
gloat,comp_inf,0,coded,0,,1
gloat,ecm,0,coded,0,,1
gloat,comp_interrog,0,coded,0,,1
gloat,comp_gerund,1,coded,0,,1
gloat,comp_small_clause,0,coded,0,,1
gloat,np_comp_alt,0,coded,0,,1
gloat,direct_speech,1,coded,0,,1
gloat,subjunctive_comp,0,coded,0,,1
gloat,comp_for_to,0,coded,0,,1
gloat,comp_bare_inf,0,coded,0,,1
gloat,comp_exclamative,0,coded,0,,1
gloat,comp_poss_ing,1,coded,0,,1
gloat,extraposition,0,coded,0,,1
gloat,raising,0,coded,0,,1
gloat,ditransitive,0,coded,0,,1
gloat,factive_passive,0,coded,0,,1
gloat,neg_raising,0,coded,0,,1
gloat,weak_island,1,coded,0,,1
gloat,pro_complement,0,coded,0,,1
gloat,npi_licenser,0,coded,0,,1
gloat,stative,1,coded,0,,1
gloat,content_noun_fact,1,coded,0,,1
gloat,derived_nominal,0,coded,0,,1
gloat,phrasal,0,lexical,0,,
gloat,be_copula,0,lexical,0,,
gossip,that_omission,1,coded,0,,1
gossip,comp_inf,0,coded,0,,1
gossip,ecm,0,coded,0,,1
gossip,comp_interrog,0,coded,0,,1
gossip,comp_gerund,0,coded,0,,1
gossip,comp_small_clause,0,coded,0,,1
gossip,np_comp_alt,0,coded,0,,1
gossip,direct_speech,0,coded,0,,1
gossip,subjunctive_comp,0,coded,0,,1
gossip,comp_for_to,0,coded,0,,1
gossip,comp_bare_inf,0,coded,0,,1
gossip,comp_exclamative,0,coded,0,,1
gossip,comp_poss_ing,0,coded,0,,1
gossip,extraposition,0,coded,0,,1
gossip,raising,0,coded,0,,1
gossip,ditransitive,0,coded,0,,1
gossip,factive_passive,0,coded,0,,1
gossip,neg_raising,0,coded,0,,1
gossip,weak_island,0,coded,0,,1
gossip,pro_complement,0,coded,0,,1
gossip,npi_licenser,0,coded,0,,1
gossip,stative,1,coded,0,,1
gossip,content_noun_fact,0,coded,0,,1
gossip,derived_nominal,0,coded,0,,1
gossip,phrasal,0,lexical,0,,
gossip,be_copula,0,lexical,0,,
gratify,that_omission,1,coded,0,,1
gratify,comp_inf,1,coded,0,,1
gratify,ecm,0,coded,0,,1
gratify,comp_interrog,0,coded,0,,1
gratify,comp_gerund,0,coded,0,,1
gratify,comp_small_clause,0,coded,0,,1
gratify,np_comp_alt,0,coded,0,,1
gratify,direct_speech,0,coded,0,,1
gratify,subjunctive_comp,0,coded,0,,1
gratify,comp_for_to,0,coded,0,,1
gratify,comp_bare_inf,0,coded,0,,1
gratify,comp_exclamative,0,coded,0,,1
gratify,comp_poss_ing,0,coded,0,,1
gratify,extraposition,1,coded,0,,1
gratify,raising,0,coded,0,,1
gratify,ditransitive,0,coded,0,,1
gratify,factive_passive,1,coded,0,,1
gratify,neg_raising,0,coded,0,,1
gratify,weak_island,1,coded,0,,1
gratify,pro_complement,0,coded,0,,1
gratify,npi_licenser,0,coded,0,,1
gratify,stative,1,coded,0,,1
gratify,content_noun_fact,0,coded,0,,1
gratify,derived_nominal,0,coded,0,,1
gratify,phrasal,0,lexical,0,,
gratify,be_copula,0,lexical,0,,
grieve,that_omission,1,coded,0,,1
grieve,comp_inf,0,coded,0,,1
grieve,ecm,0,coded,0,,1
grieve,comp_interrog,0,coded,0,,1
grieve,comp_gerund,0,coded,0,,1
grieve,comp_small_clause,0,coded,0,,1
grieve,np_comp_alt,0,coded,0,,1
grieve,direct_speech,0,coded,0,,1
grieve,subjunctive_comp,0,coded,0,,1
grieve,comp_for_to,0,coded,0,,1
grieve,comp_bare_inf,0,coded,0,,1
grieve,comp_exclamative,0,coded,0,,1
grieve,comp_poss_ing,0,coded,0,,1
grieve,extraposition,0,coded,0,,1
grieve,raising,0,coded,0,,1
grieve,ditransitive,0,coded,0,,1
grieve,factive_passive,0,coded,0,,1
grieve,neg_raising,0,coded,0,,1
grieve,weak_island,0,coded,0,,1
grieve,pro_complement,0,coded,0,,1
grieve,npi_licenser,0,coded,0,,1
grieve,stative,1,coded,0,,1
grieve,content_noun_fact,0,coded,0,,1
grieve,derived_nominal,0,coded,0,,1
grieve,phrasal,0,lexical,0,,
grieve,be_copula,0,lexical,0,,
groan,that_omission,0,coded,0,,1
groan,comp_inf,0,coded,0,,1
groan,ecm,0,coded,0,,1
groan,comp_interrog,0,coded,0,,1
groan,comp_gerund,0,coded,0,,1
groan,comp_small_clause,0,coded,0,,1
groan,np_comp_alt,0,coded,0,,1
groan,direct_speech,1,coded,0,,1
groan,subjunctive_comp,0,coded,0,,1
groan,comp_for_to,0,coded,0,,1
groan,comp_bare_inf,0,coded,0,,1
groan,comp_exclamative,0,coded,0,,1
groan,comp_poss_ing,0,coded,0,,1
groan,extraposition,0,coded,0,,1
groan,raising,0,coded,0,,1
groan,ditransitive,0,coded,0,,1
groan,factive_passive,0,coded,0,,1
groan,neg_raising,0,coded,0,,1
groan,weak_island,1,coded,0,,1
groan,pro_complement,0,coded,0,,1
groan,npi_licenser,0,coded,0,,1
groan,stative,1,coded,0,,1
groan,content_noun_fact,1,coded,0,,1
groan,derived_nominal,0,coded,0,,1
groan,phrasal,0,lexical,0,,
groan,be_copula,0,lexical,0,,
growl,that_omission,1,coded,0,,1
growl,comp_inf,0,coded,0,,1
growl,ecm,0,coded,0,,1
growl,comp_interrog,0,coded,0,,1
growl,comp_gerund,0,coded,0,,1
growl,comp_small_clause,0,coded,0,,1
growl,np_comp_alt,0,coded,0,,1
growl,direct_speech,1,coded,0,,1
growl,subjunctive_comp,0,coded,0,,1
growl,comp_for_to,0,coded,0,,1
growl,comp_bare_inf,0,coded,0,,1
growl,comp_exclamative,0,coded,0,,1
growl,comp_poss_ing,0,coded,0,,1
growl,extraposition,0,coded,0,,1
growl,raising,0,coded,0,,1
growl,ditransitive,0,coded,0,,1
growl,factive_passive,0,coded,0,,1
growl,neg_raising,0,coded,0,,1
growl,weak_island,0,coded,0,,1
growl,pro_complement,0,coded,0,,1
growl,npi_licenser,0,coded,0,,1
growl,stative,1,coded,0,,1
growl,content_noun_fact,0,coded,0,,1
growl,derived_nominal,0,coded,0,,1
growl,phrasal,0,lexical,0,,
growl,be_copula,0,lexical,0,,
grumble,that_omission,0,coded,0,,1
grumble,comp_inf,0,coded,0,,1
grumble,ecm,0,coded,0,,1
grumble,comp_interrog,0,coded,0,,1
grumble,comp_gerund,0,coded,0,,1
grumble,comp_small_clause,0,coded,0,,1
grumble,np_comp_alt,0,coded,0,,1
grumble,direct_speech,1,coded,0,,1
grumble,subjunctive_comp,0,coded,0,,1
grumble,comp_for_to,0,coded,0,,1
grumble,comp_bare_inf,0,coded,0,,1
grumble,comp_exclamative,0,coded,0,,1
grumble,comp_poss_ing,0,coded,0,,1
grumble,extraposition,0,coded,0,,1
grumble,raising,0,coded,0,,1
grumble,ditransitive,0,coded,0,,1
grumble,factive_passive,0,coded,0,,1
grumble,neg_raising,0,coded,0,,1
grumble,weak_island,1,coded,0,,1
grumble,pro_complement,0,coded,0,,1
grumble,npi_licenser,0,coded,0,,1
grumble,stative,1,coded,0,,1
grumble,content_noun_fact,1,coded,0,,1
grumble,derived_nominal,0,coded,0,,1
grumble,phrasal,0,lexical,0,,
grumble,be_copula,0,lexical,0,,
grunt,that_omission,1,coded,0,,1
grunt,comp_inf,0,coded,0,,1
grunt,ecm,0,coded,0,,1
grunt,comp_interrog,0,coded,0,,1
grunt,comp_gerund,0,coded,0,,1
grunt,comp_small_clause,0,coded,0,,1
grunt,np_comp_alt,0,coded,0,,1
grunt,direct_speech,1,coded,0,,1
grunt,subjunctive_comp,0,coded,0,,1
grunt,comp_for_to,0,coded,0,,1
grunt,comp_bare_inf,0,coded,0,,1
grunt,comp_exclamative,0,coded,0,,1
grunt,comp_poss_ing,0,coded,0,,1
grunt,extraposition,0,coded,0,,1
grunt,raising,0,coded,0,,1
grunt,ditransitive,0,coded,0,,1
grunt,factive_passive,0,coded,0,,1
grunt,neg_raising,0,coded,0,,1
grunt,weak_island,0,coded,0,,1
grunt,pro_complement,0,coded,0,,1
grunt,npi_licenser,0,coded,0,,1
grunt,stative,1,coded,0,,1
grunt,content_noun_fact,0,coded,0,,1
grunt,derived_nominal,0,coded,0,,1
grunt,phrasal,0,lexical,0,,
grunt,be_copula,0,lexical,0,,
guarantee,that_omission,1,coded,0,,1
guarantee,comp_inf,1,coded,0,,1
guarantee,ecm,0,coded,0,,1
guarantee,comp_interrog,0,coded,0,,1
guarantee,comp_gerund,0,coded,0,,1
guarantee,comp_small_clause,0,coded,0,,1
guarantee,np_comp_alt,0,coded,0,,1
guarantee,direct_speech,0,coded,0,,1
guarantee,subjunctive_comp,0,coded,0,,1
guarantee,comp_for_to,0,coded,0,,1
guarantee,comp_bare_inf,0,coded,0,,1
guarantee,comp_exclamative,0,coded,0,,1
guarantee,comp_poss_ing,0,coded,0,,1
guarantee,extraposition,0,coded,0,,1
guarantee,raising,0,coded,0,,1
guarantee,ditransitive,0,coded,0,,1
guarantee,factive_passive,0,coded,0,,1
guarantee,neg_raising,0,coded,0,,1
guarantee,weak_island,0,coded,0,,1
guarantee,pro_complement,0,coded,0,,1
guarantee,npi_licenser,0,coded,0,,1
guarantee,stative,1,coded,0,,1
guarantee,content_noun_fact,0,coded,0,,1
guarantee,derived_nominal,1,coded,0,,1
guarantee,phrasal,0,lexical,0,,
guarantee,be_copula,0,lexical,0,,
guess,that_omission,1,coded,0,,1
guess,comp_inf,0,coded,0,,1
guess,ecm,0,coded,0,,1
guess,comp_interrog,1,coded,0,,1
guess,comp_gerund,0,coded,0,,1
guess,comp_small_clause,0,coded,0,,1
guess,np_comp_alt,1,coded,0,,1
guess,direct_speech,0,coded,0,,1
guess,subjunctive_comp,0,coded,0,,1
guess,comp_for_to,0,coded,0,,1
guess,comp_bare_inf,0,coded,0,,1
guess,comp_exclamative,0,coded,0,,1
guess,comp_poss_ing,0,coded,0,,1
guess,extraposition,0,coded,0,,1
guess,raising,0,coded,0,,1
guess,ditransitive,0,coded,0,,1
guess,factive_passive,0,coded,0,,1
guess,neg_raising,1,coded,0,,1
guess,weak_island,0,coded,0,,1
guess,pro_complement,1,coded,0,,1
guess,npi_licenser,0,coded,0,,1
guess,stative,1,coded,0,,1
guess,content_noun_fact,0,coded,0,,1
guess,derived_nominal,1,coded,0,,1
guess,phrasal,0,lexical,0,,
guess,be_copula,0,lexical,0,,
gush,that_omission,1,coded,0,,1
gush,comp_inf,0,coded,0,,1
gush,ecm,0,coded,0,,1
gush,comp_interrog,0,coded,0,,1
gush,comp_gerund,0,coded,0,,1
gush,comp_small_clause,0,coded,0,,1
gush,np_comp_alt,0,coded,0,,1
gush,direct_speech,1,coded,0,,1
gush,subjunctive_comp,0,coded,0,,1
gush,comp_for_to,0,coded,0,,1
gush,comp_bare_inf,0,coded,0,,1
gush,comp_exclamative,0,coded,0,,1
gush,comp_poss_ing,0,coded,0,,1
gush,extraposition,0,coded,0,,1
gush,raising,0,coded,0,,1
gush,ditransitive,0,coded,0,,1
gush,factive_passive,0,coded,0,,1
gush,neg_raising,0,coded,0,,1
gush,weak_island,0,coded,0,,1
gush,pro_complement,0,coded,0,,1
gush,npi_licenser,0,coded,0,,1
gush,stative,1,coded,0,,1
gush,content_noun_fact,0,coded,0,,1
gush,derived_nominal,0,coded,0,,1
gush,phrasal,0,lexical,0,,
gush,be_copula,0,lexical,0,,
hallucinate,that_omission,1,coded,0,,1
hallucinate,comp_inf,0,coded,0,,1
hallucinate,ecm,0,coded,0,,1
hallucinate,comp_interrog,0,coded,0,,1
hallucinate,comp_gerund,0,coded,0,,1
hallucinate,comp_small_clause,0,coded,0,,1
hallucinate,np_comp_alt,0,coded,0,,1
hallucinate,direct_speech,0,coded,0,,1
hallucinate,subjunctive_comp,0,coded,0,,1
hallucinate,comp_for_to,0,coded,0,,1
hallucinate,comp_bare_inf,0,coded,0,,1
hallucinate,comp_exclamative,0,coded,0,,1
hallucinate,comp_poss_ing,0,coded,0,,1
hallucinate,extraposition,0,coded,0,,1
hallucinate,raising,0,coded,0,,1
hallucinate,ditransitive,0,coded,0,,1
hallucinate,factive_passive,0,coded,0,,1
hallucinate,neg_raising,0,coded,0,,1
hallucinate,weak_island,0,coded,0,,1
hallucinate,pro_complement,1,coded,0,,1
hallucinate,npi_licenser,0,coded,0,,1
hallucinate,stative,1,coded,0,,1
hallucinate,content_noun_fact,0,coded,0,,1
hallucinate,derived_nominal,0,coded,0,,1
hallucinate,phrasal,0,lexical,0,,
hallucinate,be_copula,0,lexical,0,,
hate,that_omission,0,coded,0,,1
hate,comp_inf,1,coded,0,,1
hate,ecm,0,coded,0,,1
hate,comp_interrog,0,coded,0,,1
hate,comp_gerund,1,coded,0,,1
hate,comp_small_clause,0,coded,0,,1
hate,np_comp_alt,0,coded,0,,1
hate,direct_speech,0,coded,0,,1
hate,subjunctive_comp,0,coded,0,,1
hate,comp_for_to,0,coded,0,,1
hate,comp_bare_inf,0,coded,0,,1
hate,comp_exclamative,0,coded,0,,1
hate,comp_poss_ing,1,coded,0,,1
hate,extraposition,0,coded,0,,1
hate,raising,0,coded,0,,1
hate,ditransitive,0,coded,0,,1
hate,factive_passive,0,coded,0,,1
hate,neg_raising,0,coded,0,,1
hate,weak_island,1,coded,0,,1
hate,pro_complement,0,coded,0,,1
hate,npi_licenser,0,coded,0,,1
hate,stative,1,coded,0,,1
hate,content_noun_fact,1,coded,0,,1
hate,derived_nominal,0,coded,0,,1
hate,phrasal,0,lexical,0,,
hate,be_copula,0,lexical,0,,
hearten,that_omission,1,coded,0,,1
hearten,comp_inf,1,coded,0,,1
hearten,ecm,0,coded,0,,1
hearten,comp_interrog,0,coded,0,,1
hearten,comp_gerund,0,coded,0,,1
hearten,comp_small_clause,0,coded,0,,1
hearten,np_comp_alt,0,coded,0,,1
hearten,direct_speech,0,coded,0,,1
hearten,subjunctive_comp,0,coded,0,,1
hearten,comp_for_to,0,coded,0,,1
hearten,comp_bare_inf,0,coded,0,,1
hearten,comp_exclamative,0,coded,0,,1
hearten,comp_poss_ing,0,coded,0,,1
hearten,extraposition,1,coded,0,,1
hearten,raising,0,coded,0,,1
hearten,ditransitive,0,coded,0,,1
hearten,factive_passive,1,coded,0,,1
hearten,neg_raising,0,coded,0,,1
hearten,weak_island,1,coded,0,,1
hearten,pro_complement,0,coded,0,,1
hearten,npi_licenser,0,coded,0,,1
hearten,stative,1,coded,0,,1
hearten,content_noun_fact,0,coded,0,,1
hearten,derived_nominal,0,coded,0,,1
hearten,phrasal,0,lexical,0,,
hearten,be_copula,0,lexical,0,,
hint,that_omission,1,coded,0,,1
hint,comp_inf,1,coded,0,,1
hint,ecm,0,coded,0,,1
hint,comp_interrog,0,coded,0,,1
hint,comp_gerund,0,coded,0,,1
hint,comp_small_clause,0,coded,0,,1
hint,np_comp_alt,1,coded,0,,1
hint,direct_speech,1,coded,0,,1
hint,subjunctive_comp,0,coded,0,,1
hint,comp_for_to,0,coded,0,,1
hint,comp_bare_inf,0,coded,0,,1
hint,comp_exclamative,0,coded,0,,1
hint,comp_poss_ing,0,coded,0,,1
hint,extraposition,0,coded,0,,1
hint,raising,0,coded,0,,1
hint,ditransitive,0,coded,0,,1
hint,factive_passive,0,coded,0,,1
hint,neg_raising,0,coded,0,,1
hint,weak_island,0,coded,0,,1
hint,pro_complement,0,coded,0,,1
hint,npi_licenser,0,coded,0,,1
hint,stative,1,coded,0,,1
hint,content_noun_fact,0,coded,0,,1
hint,derived_nominal,0,coded,0,,1
hint,phrasal,0,lexical,0,,
hint,be_copula,0,lexical,0,,
holler,that_omission,1,coded,0,,1
holler,comp_inf,1,coded,0,,1
holler,ecm,0,coded,0,,1
holler,comp_interrog,0,coded,0,,1
holler,comp_gerund,0,coded,0,,1
holler,comp_small_clause,0,coded,0,,1
holler,np_comp_alt,0,coded,0,,1
holler,direct_speech,1,coded,0,,1
holler,subjunctive_comp,0,coded,0,,1
holler,comp_for_to,0,coded,0,,1
holler,comp_bare_inf,0,coded,0,,1
holler,comp_exclamative,0,coded,0,,1
holler,comp_poss_ing,0,coded,0,,1
holler,extraposition,0,coded,0,,1
holler,raising,0,coded,0,,1
holler,ditransitive,0,coded,0,,1
holler,factive_passive,0,coded,0,,1
holler,neg_raising,0,coded,0,,1
holler,weak_island,0,coded,0,,1
holler,pro_complement,0,coded,0,,1
holler,npi_licenser,0,coded,0,,1
holler,stative,1,coded,0,,1
holler,content_noun_fact,0,coded,0,,1
holler,derived_nominal,0,coded,0,,1
holler,phrasal,0,lexical,0,,
holler,be_copula,0,lexical,0,,
hoot,that_omission,0,coded,0,,1
hoot,comp_inf,0,coded,0,,1
hoot,ecm,0,coded,0,,1
hoot,comp_interrog,0,coded,0,,1
hoot,comp_gerund,0,coded,0,,1
hoot,comp_small_clause,0,coded,0,,1
hoot,np_comp_alt,0,coded,0,,1
hoot,direct_speech,1,coded,0,,1
hoot,subjunctive_comp,0,coded,0,,1
hoot,comp_for_to,0,coded,0,,1
hoot,comp_bare_inf,0,coded,0,,1
hoot,comp_exclamative,0,coded,0,,1
hoot,comp_poss_ing,0,coded,0,,1
hoot,extraposition,0,coded,0,,1
hoot,raising,0,coded,0,,1
hoot,ditransitive,0,coded,0,,1
hoot,factive_passive,0,coded,0,,1
hoot,neg_raising,0,coded,0,,1
hoot,weak_island,0,coded,0,,1
hoot,pro_complement,0,coded,0,,1
hoot,npi_licenser,0,coded,0,,1
hoot,stative,1,coded,0,,1
hoot,content_noun_fact,0,coded,0,,1
hoot,derived_nominal,0,coded,0,,1
hoot,phrasal,0,lexical,0,,
hoot,be_copula,0,lexical,0,,
horrify,that_omission,1,coded,0,,1
horrify,comp_inf,1,coded,0,,1
horrify,ecm,0,coded,0,,1
horrify,comp_interrog,0,coded,0,,1
horrify,comp_gerund,0,coded,0,,1
horrify,comp_small_clause,0,coded,0,,1
horrify,np_comp_alt,0,coded,0,,1
horrify,direct_speech,0,coded,0,,1
horrify,subjunctive_comp,0,coded,0,,1
horrify,comp_for_to,0,coded,0,,1
horrify,comp_bare_inf,0,coded,0,,1
horrify,comp_exclamative,0,coded,0,,1
horrify,comp_poss_ing,0,coded,0,,1
horrify,extraposition,1,coded,0,,1
horrify,raising,0,coded,0,,1
horrify,ditransitive,0,coded,0,,1
horrify,factive_passive,1,coded,0,,1
horrify,neg_raising,0,coded,0,,1
horrify,weak_island,1,coded,0,,1
horrify,pro_complement,0,coded,0,,1
horrify,npi_licenser,0,coded,0,,1
horrify,stative,1,coded,0,,1
horrify,content_noun_fact,0,coded,0,,1
horrify,derived_nominal,0,coded,0,,1
horrify,phrasal,0,lexical,0,,
horrify,be_copula,0,lexical,0,,
howl,that_omission,1,coded,0,,1
howl,comp_inf,0,coded,0,,1
howl,ecm,0,coded,0,,1
howl,comp_interrog,0,coded,0,,1
howl,comp_gerund,0,coded,0,,1
howl,comp_small_clause,0,coded,0,,1
howl,np_comp_alt,0,coded,0,,1
howl,direct_speech,1,coded,0,,1
howl,subjunctive_comp,0,coded,0,,1
howl,comp_for_to,0,coded,0,,1
howl,comp_bare_inf,0,coded,0,,1
howl,comp_exclamative,0,coded,0,,1
howl,comp_poss_ing,0,coded,0,,1
howl,extraposition,0,coded,0,,1
howl,raising,0,coded,0,,1
howl,ditransitive,0,coded,0,,1
howl,factive_passive,0,coded,0,,1
howl,neg_raising,0,coded,0,,1
howl,weak_island,0,coded,0,,1
howl,pro_complement,0,coded,0,,1
howl,npi_licenser,0,coded,0,,1
howl,stative,1,coded,0,,1
howl,content_noun_fact,0,coded,0,,1
howl,derived_nominal,0,coded,0,,1
howl,phrasal,0,lexical,0,,
howl,be_copula,0,lexical,0,,
humble,that_omission,1,coded,0,,1
humble,comp_inf,1,coded,0,,1
humble,ecm,0,coded,0,,1
humble,comp_interrog,0,coded,0,,1
humble,comp_gerund,0,coded,0,,1
humble,comp_small_clause,0,coded,0,,1
humble,np_comp_alt,0,coded,0,,1
humble,direct_speech,0,coded,0,,1
humble,subjunctive_comp,0,coded,0,,1
humble,comp_for_to,0,coded,0,,1
humble,comp_bare_inf,0,coded,0,,1
humble,comp_exclamative,0,coded,0,,1
humble,comp_poss_ing,0,coded,0,,1
humble,extraposition,1,coded,0,,1
humble,raising,0,coded,0,,1
humble,ditransitive,0,coded,0,,1
humble,factive_passive,1,coded,0,,1
humble,neg_raising,0,coded,0,,1
humble,weak_island,1,coded,0,,1
humble,pro_complement,0,coded,0,,1
humble,npi_licenser,0,coded,0,,1
humble,stative,1,coded,0,,1
humble,content_noun_fact,0,coded,0,,1
humble,derived_nominal,0,coded,0,,1
humble,phrasal,0,lexical,0,,
humble,be_copula,0,lexical,0,,
hurt,that_omission,1,coded,0,,1
hurt,comp_inf,1,coded,0,,1
hurt,ecm,0,coded,0,,1
hurt,comp_interrog,0,coded,0,,1
hurt,comp_gerund,0,coded,0,,1
hurt,comp_small_clause,0,coded,0,,1
hurt,np_comp_alt,0,coded,0,,1
hurt,direct_speech,0,coded,0,,1
hurt,subjunctive_comp,0,coded,0,,1
hurt,comp_for_to,0,coded,0,,1
hurt,comp_bare_inf,0,coded,0,,1
hurt,comp_exclamative,0,coded,0,,1
hurt,comp_poss_ing,0,coded,0,,1
hurt,extraposition,1,coded,0,,1
hurt,raising,0,coded,0,,1
hurt,ditransitive,0,coded,0,,1
hurt,factive_passive,1,coded,0,,1
hurt,neg_raising,0,coded,0,,1
hurt,weak_island,1,coded,0,,1
hurt,pro_complement,0,coded,0,,1
hurt,npi_licenser,0,coded,0,,1
hurt,stative,1,coded,0,,1
hurt,content_noun_fact,0,coded,0,,1
hurt,derived_nominal,0,coded,0,,1
hurt,phrasal,0,lexical,0,,
hurt,be_copula,0,lexical,0,,
hush_up,that_omission,0,coded,0,,1
hush_up,comp_inf,0,coded,0,,1
hush_up,ecm,0,coded,0,,1
hush_up,comp_interrog,0,coded,0,,1
hush_up,comp_gerund,0,coded,0,,1
hush_up,comp_small_clause,0,coded,0,,1
hush_up,np_comp_alt,0,coded,0,,1
hush_up,direct_speech,0,coded,0,,1
hush_up,subjunctive_comp,0,coded,0,,1
hush_up,comp_for_to,0,coded,0,,1
hush_up,comp_bare_inf,0,coded,0,,1
hush_up,comp_exclamative,0,coded,0,,1
hush_up,comp_poss_ing,0,coded,0,,1
hush_up,extraposition,0,coded,0,,1
hush_up,raising,0,coded,0,,1
hush_up,ditransitive,0,coded,0,,1
hush_up,factive_passive,0,coded,0,,1
hush_up,neg_raising,0,coded,0,,1
hush_up,weak_island,0,coded,0,,1
hush_up,pro_complement,0,coded,0,,1
hush_up,npi_licenser,0,coded,0,,1
hush_up,stative,1,coded,0,,1
hush_up,content_noun_fact,0,coded,0,,1
hush_up,derived_nominal,0,coded,0,,1
hush_up,phrasal,1,lexical,0,,
hush_up,be_copula,0,lexical,0,,
identify,that_omission,1,coded,0,,1
identify,comp_inf,1,coded,0,,1
identify,ecm,0,coded,0,,1
identify,comp_interrog,1,coded,0,,1
identify,comp_gerund,0,coded,0,,1
identify,comp_small_clause,1,coded,0,,1
identify,np_comp_alt,0,coded,0,,1
identify,direct_speech,0,coded,0,,1
identify,subjunctive_comp,0,coded,0,,1
identify,comp_for_to,0,coded,0,,1
identify,comp_bare_inf,0,coded,0,,1
identify,comp_exclamative,0,coded,0,,1
identify,comp_poss_ing,0,coded,0,,1
identify,extraposition,0,coded,0,,1
identify,raising,0,coded,0,,1
identify,ditransitive,0,coded,0,,1
identify,factive_passive,0,coded,0,,1
identify,neg_raising,0,coded,0,,1
identify,weak_island,1,coded,0,,1
identify,pro_complement,0,coded,0,,1
identify,npi_licenser,0,coded,0,,1
identify,stative,0,coded,0,,1
identify,content_noun_fact,1,coded,0,,1
identify,derived_nominal,0,coded,0,,1
identify,phrasal,0,lexical,0,,
identify,be_copula,0,lexical,0,,
ignore,that_omission,1,coded,0,,1
ignore,comp_inf,0,coded,0,,1
ignore,ecm,0,coded,0,,1
ignore,comp_interrog,0,coded,0,,1
ignore,comp_gerund,0,coded,0,,1
ignore,comp_small_clause,0,coded,0,,1
ignore,np_comp_alt,0,coded,0,,1
ignore,direct_speech,0,coded,0,,1
ignore,subjunctive_comp,0,coded,0,,1
ignore,comp_for_to,0,coded,0,,1
ignore,comp_bare_inf,0,coded,0,,1
ignore,comp_exclamative,0,coded,0,,1
ignore,comp_poss_ing,0,coded,0,,1
ignore,extraposition,0,coded,0,,1
ignore,raising,0,coded,0,,1
ignore,ditransitive,0,coded,0,,1
ignore,factive_passive,0,coded,0,,1
ignore,neg_raising,0,coded,0,,1
ignore,weak_island,1,coded,0,,1
ignore,pro_complement,0,coded,0,,1
ignore,npi_licenser,0,coded,0,,1
ignore,stative,0,coded,0,,1
ignore,content_noun_fact,1,coded,0,,1
ignore,derived_nominal,0,coded,0,,1
ignore,phrasal,0,lexical,0,,
ignore,be_copula,0,lexical,0,,
implore,that_omission,1,coded,0,,1
implore,comp_inf,1,coded,0,,1
implore,ecm,0,coded,0,,1
implore,comp_interrog,0,coded,0,,1
implore,comp_gerund,0,coded,0,,1
implore,comp_small_clause,1,coded,0,,1
implore,np_comp_alt,0,coded,0,,1
implore,direct_speech,1,coded,0,,1
implore,subjunctive_comp,1,coded,0,,1
implore,comp_for_to,0,coded,0,,1
implore,comp_bare_inf,0,coded,0,,1
implore,comp_exclamative,0,coded,0,,1
implore,comp_poss_ing,0,coded,0,,1
implore,extraposition,0,coded,0,,1
implore,raising,0,coded,0,,1
implore,ditransitive,1,coded,0,,1
implore,factive_passive,0,coded,0,,1
implore,neg_raising,0,coded,0,,1
implore,weak_island,0,coded,0,,1
implore,pro_complement,0,coded,0,,1
implore,npi_licenser,0,coded,0,,1
implore,stative,1,coded,0,,1
implore,content_noun_fact,0,coded,0,,1
implore,derived_nominal,0,coded,0,,1
implore,phrasal,0,lexical,0,,
implore,be_copula,0,lexical,0,,
imply,that_omission,1,coded,0,,1
imply,comp_inf,1,coded,0,,1
imply,ecm,0,coded,0,,1
imply,comp_interrog,0,coded,0,,1
imply,comp_gerund,0,coded,0,,1
imply,comp_small_clause,0,coded,0,,1
imply,np_comp_alt,1,coded,0,,1
imply,direct_speech,1,coded,0,,1
imply,subjunctive_comp,0,coded,0,,1
imply,comp_for_to,0,coded,0,,1
imply,comp_bare_inf,0,coded,0,,1
imply,comp_exclamative,0,coded,0,,1
imply,comp_poss_ing,0,coded,0,,1
imply,extraposition,0,coded,0,,1
imply,raising,0,coded,0,,1
imply,ditransitive,0,coded,0,,1
imply,factive_passive,0,coded,0,,1
imply,neg_raising,0,coded,0,,1
imply,weak_island,0,coded,0,,1
imply,pro_complement,0,coded,0,,1
imply,npi_licenser,0,coded,0,,1
imply,stative,1,coded,0,,1
imply,content_noun_fact,0,coded,0,,1
imply,derived_nominal,1,coded,0,,1
imply,phrasal,0,lexical,0,,
imply,be_copula,0,lexical,0,,
impress,that_omission,1,coded,0,,1
impress,comp_inf,0,coded,0,,1
impress,ecm,0,coded,0,,1
impress,comp_interrog,0,coded,0,,1
impress,comp_gerund,0,coded,0,,1
impress,comp_small_clause,0,coded,0,,1
impress,np_comp_alt,0,coded,0,,1
impress,direct_speech,0,coded,0,,1
impress,subjunctive_comp,0,coded,0,,1
impress,comp_for_to,0,coded,0,,1
impress,comp_bare_inf,0,coded,0,,1
impress,comp_exclamative,0,coded,0,,1
impress,comp_poss_ing,0,coded,0,,1
impress,extraposition,1,coded,0,,1
impress,raising,0,coded,0,,1
impress,ditransitive,0,coded,0,,1
impress,factive_passive,1,coded,0,,1
impress,neg_raising,0,coded,0,,1
impress,weak_island,1,coded,0,,1
impress,pro_complement,0,coded,0,,1
impress,npi_licenser,0,coded,0,,1
impress,stative,1,coded,0,,1
impress,content_noun_fact,0,coded,0,,1
impress,derived_nominal,0,coded,0,,1
impress,phrasal,0,lexical,0,,
impress,be_copula,0,lexical,0,,
incense,that_omission,1,coded,0,,1
incense,comp_inf,0,coded,0,,1
incense,ecm,0,coded,0,,1
incense,comp_interrog,0,coded,0,,1
incense,comp_gerund,0,coded,0,,1
incense,comp_small_clause,0,coded,0,,1
incense,np_comp_alt,0,coded,0,,1
incense,direct_speech,0,coded,0,,1
incense,subjunctive_comp,0,coded,0,,1
incense,comp_for_to,0,coded,0,,1
incense,comp_bare_inf,0,coded,0,,1
incense,comp_exclamative,0,coded,0,,1
incense,comp_poss_ing,0,coded,0,,1
incense,extraposition,1,coded,0,,1
incense,raising,0,coded,0,,1
incense,ditransitive,0,coded,0,,1
incense,factive_passive,1,coded,0,,1
incense,neg_raising,0,coded,0,,1
incense,weak_island,1,coded,0,,1
incense,pro_complement,0,coded,0,,1
incense,npi_licenser,0,coded,0,,1
incense,stative,1,coded,0,,1
incense,content_noun_fact,0,coded,0,,1
incense,derived_nominal,0,coded,0,,1
incense,phrasal,0,lexical,0,,
incense,be_copula,0,lexical,0,,
indicate,that_omission,1,coded,0,,1
indicate,comp_inf,1,coded,0,,1
indicate,ecm,0,coded,0,,1
indicate,comp_interrog,1,coded,0,,1
indicate,comp_gerund,0,coded,0,,1
indicate,comp_small_clause,0,coded,0,,1
indicate,np_comp_alt,1,coded,0,,1
indicate,direct_speech,1,coded,0,,1
indicate,subjunctive_comp,0,coded,0,,1
indicate,comp_for_to,0,coded,0,,1
indicate,comp_bare_inf,0,coded,0,,1
indicate,comp_exclamative,0,coded,0,,1
indicate,comp_poss_ing,0,coded,0,,1
indicate,extraposition,0,coded,0,,1
indicate,raising,0,coded,0,,1
indicate,ditransitive,0,coded,0,,1
indicate,factive_passive,0,coded,0,,1
indicate,neg_raising,0,coded,0,,1
indicate,weak_island,0,coded,0,,1
indicate,pro_complement,0,coded,0,,1
indicate,npi_licenser,0,coded,0,,1
indicate,stative,1,coded,0,,1
indicate,content_noun_fact,0,coded,0,,1
indicate,derived_nominal,1,coded,0,,1
indicate,phrasal,0,lexical,0,,
indicate,be_copula,0,lexical,0,,
indict,that_omission,1,coded,0,,1
indict,comp_inf,0,coded,0,,1
indict,ecm,0,coded,0,,1
indict,comp_interrog,0,coded,0,,1
indict,comp_gerund,0,coded,0,,1
indict,comp_small_clause,0,coded,0,,1
indict,np_comp_alt,0,coded,0,,1
indict,direct_speech,0,coded,0,,1
indict,subjunctive_comp,0,coded,0,,1
indict,comp_for_to,0,coded,0,,1
indict,comp_bare_inf,0,coded,0,,1
indict,comp_exclamative,0,coded,0,,1
indict,comp_poss_ing,0,coded,0,,1
indict,extraposition,0,coded,0,,1
indict,raising,0,coded,0,,1
indict,ditransitive,0,coded,0,,1
indict,factive_passive,0,coded,0,,1
indict,neg_raising,0,coded,0,,1
indict,weak_island,0,coded,0,,1
indict,pro_complement,0,coded,0,,1
indict,npi_licenser,0,coded,0,,1
indict,stative,1,coded,0,,1
indict,content_noun_fact,0,coded,0,,1
indict,derived_nominal,0,coded,0,,1
indict,phrasal,0,lexical,0,,
indict,be_copula,0,lexical,0,,
inform,that_omission,1,coded,0,,1
inform,comp_inf,1,coded,0,,1
inform,ecm,0,coded,0,,1
inform,comp_interrog,1,coded,0,,1
inform,comp_gerund,0,coded,0,,1
inform,comp_small_clause,1,coded,0,,1
inform,np_comp_alt,0,coded,0,,1
inform,direct_speech,0,coded,0,,1
inform,subjunctive_comp,0,coded,0,,1
inform,comp_for_to,0,coded,0,,1
inform,comp_bare_inf,0,coded,0,,1
inform,comp_exclamative,1,coded,0,,1
inform,comp_poss_ing,0,coded,0,,1
inform,extraposition,0,coded,0,,1
inform,raising,0,coded,0,,1
inform,ditransitive,1,coded,0,,1
inform,factive_passive,1,coded,0,,1
inform,neg_raising,0,coded,0,,1
inform,weak_island,1,coded,0,,1
inform,pro_complement,0,coded,0,,1
inform,npi_licenser,0,coded,0,,1
inform,stative,1,coded,0,,1
inform,content_noun_fact,1,coded,0,,1
inform,derived_nominal,0,coded,0,,1
inform,phrasal,0,lexical,0,,
inform,be_copula,0,lexical,0,,
infuriate,that_omission,1,coded,0,,1
infuriate,comp_inf,1,coded,0,,1
infuriate,ecm,0,coded,0,,1
infuriate,comp_interrog,0,coded,0,,1
infuriate,comp_gerund,0,coded,0,,1
infuriate,comp_small_clause,0,coded,0,,1
infuriate,np_comp_alt,0,coded,0,,1
infuriate,direct_speech,0,coded,0,,1
infuriate,subjunctive_comp,0,coded,0,,1
infuriate,comp_for_to,0,coded,0,,1
infuriate,comp_bare_inf,0,coded,0,,1
infuriate,comp_exclamative,0,coded,0,,1
infuriate,comp_poss_ing,0,coded,0,,1
infuriate,extraposition,1,coded,0,,1
infuriate,raising,0,coded,0,,1
infuriate,ditransitive,0,coded,0,,1
infuriate,factive_passive,1,coded,0,,1
infuriate,neg_raising,0,coded,0,,1
infuriate,weak_island,1,coded,0,,1
infuriate,pro_complement,0,coded,0,,1
infuriate,npi_licenser,0,coded,0,,1
infuriate,stative,1,coded,0,,1
infuriate,content_noun_fact,0,coded,0,,1
infuriate,derived_nominal,0,coded,0,,1
infuriate,phrasal,0,lexical,0,,
infuriate,be_copula,0,lexical,0,,
insinuate,that_omission,1,coded,0,,1
insinuate,comp_inf,1,coded,0,,1
insinuate,ecm,0,coded,0,,1
insinuate,comp_interrog,0,coded,0,,1
insinuate,comp_gerund,0,coded,0,,1
insinuate,comp_small_clause,0,coded,0,,1
insinuate,np_comp_alt,1,coded,0,,1
insinuate,direct_speech,1,coded,0,,1
insinuate,subjunctive_comp,0,coded,0,,1
insinuate,comp_for_to,0,coded,0,,1
insinuate,comp_bare_inf,0,coded,0,,1
insinuate,comp_exclamative,0,coded,0,,1
insinuate,comp_poss_ing,0,coded,0,,1
insinuate,extraposition,0,coded,0,,1
insinuate,raising,0,coded,0,,1
insinuate,ditransitive,0,coded,0,,1
insinuate,factive_passive,0,coded,0,,1
insinuate,neg_raising,0,coded,0,,1
insinuate,weak_island,0,coded,0,,1
insinuate,pro_complement,0,coded,0,,1
insinuate,npi_licenser,0,coded,0,,1
insinuate,stative,1,coded,0,,1
insinuate,content_noun_fact,0,coded,0,,1
insinuate,derived_nominal,0,coded,0,,1
insinuate,phrasal,0,lexical,0,,
insinuate,be_copula,0,lexical,0,,
instruct,that_omission,1,coded,0,,1
instruct,comp_inf,1,coded,0,,1
instruct,ecm,0,coded,0,,1
instruct,comp_interrog,0,coded,0,,1
instruct,comp_gerund,0,coded,0,,1
instruct,comp_small_clause,1,coded,0,,1
instruct,np_comp_alt,0,coded,0,,1
instruct,direct_speech,0,coded,0,,1
instruct,subjunctive_comp,1,coded,0,,1
instruct,comp_for_to,0,coded,0,,1
instruct,comp_bare_inf,0,coded,0,,1
instruct,comp_exclamative,0,coded,0,,1
instruct,comp_poss_ing,0,coded,0,,1
instruct,extraposition,0,coded,0,,1
instruct,raising,0,coded,0,,1
instruct,ditransitive,1,coded,0,,1
instruct,factive_passive,1,coded,0,,1
instruct,neg_raising,0,coded,0,,1
instruct,weak_island,0,coded,0,,1
instruct,pro_complement,0,coded,0,,1
instruct,npi_licenser,0,coded,0,,1
instruct,stative,1,coded,0,,1
instruct,content_noun_fact,0,coded,0,,1
instruct,derived_nominal,0,coded,0,,1
instruct,phrasal,0,lexical,0,,
instruct,be_copula,0,lexical,0,,
insult,that_omission,1,coded,0,,1
insult,comp_inf,0,coded,0,,1
insult,ecm,0,coded,0,,1
insult,comp_interrog,0,coded,0,,1
insult,comp_gerund,0,coded,0,,1
insult,comp_small_clause,0,coded,0,,1
insult,np_comp_alt,0,coded,0,,1
insult,direct_speech,0,coded,0,,1
insult,subjunctive_comp,0,coded,0,,1
insult,comp_for_to,0,coded,0,,1
insult,comp_bare_inf,0,coded,0,,1
insult,comp_exclamative,0,coded,0,,1
insult,comp_poss_ing,0,coded,0,,1
insult,extraposition,0,coded,0,,1
insult,raising,0,coded,0,,1
insult,ditransitive,0,coded,0,,1
insult,factive_passive,0,coded,0,,1
insult,neg_raising,0,coded,0,,1
insult,weak_island,1,coded,0,,1
insult,pro_complement,0,coded,0,,1
insult,npi_licenser,0,coded,0,,1
insult,stative,1,coded,0,,1
insult,content_noun_fact,1,coded,0,,1
insult,derived_nominal,0,coded,0,,1
insult,phrasal,0,lexical,0,,
insult,be_copula,0,lexical,0,,
interest,that_omission,1,coded,0,,1
interest,comp_inf,1,coded,0,,1
interest,ecm,0,coded,0,,1
interest,comp_interrog,0,coded,0,,1
interest,comp_gerund,0,coded,0,,1
interest,comp_small_clause,0,coded,0,,1
interest,np_comp_alt,0,coded,0,,1
interest,direct_speech,0,coded,0,,1
interest,subjunctive_comp,0,coded,0,,1
interest,comp_for_to,0,coded,0,,1
interest,comp_bare_inf,0,coded,0,,1
interest,comp_exclamative,0,coded,0,,1
interest,comp_poss_ing,0,coded,0,,1
interest,extraposition,1,coded,0,,1
interest,raising,0,coded,0,,1
interest,ditransitive,0,coded,0,,1
interest,factive_passive,1,coded,0,,1
interest,neg_raising,0,coded,0,,1
interest,weak_island,1,coded,0,,1
interest,pro_complement,0,coded,0,,1
interest,npi_licenser,0,coded,0,,1
interest,stative,1,coded,0,,1
interest,content_noun_fact,0,coded,0,,1
interest,derived_nominal,0,coded,0,,1
interest,phrasal,0,lexical,0,,
interest,be_copula,0,lexical,0,,
intimidate,that_omission,1,coded,0,,1
intimidate,comp_inf,1,coded,0,,1
intimidate,ecm,0,coded,0,,1
intimidate,comp_interrog,0,coded,0,,1
intimidate,comp_gerund,0,coded,0,,1
intimidate,comp_small_clause,0,coded,0,,1
intimidate,np_comp_alt,0,coded,0,,1
intimidate,direct_speech,0,coded,0,,1
intimidate,subjunctive_comp,0,coded,0,,1
intimidate,comp_for_to,0,coded,0,,1
intimidate,comp_bare_inf,0,coded,0,,1
intimidate,comp_exclamative,0,coded,0,,1
intimidate,comp_poss_ing,0,coded,0,,1
intimidate,extraposition,1,coded,0,,1
intimidate,raising,0,coded,0,,1
intimidate,ditransitive,0,coded,0,,1
intimidate,factive_passive,1,coded,0,,1
intimidate,neg_raising,0,coded,0,,1
intimidate,weak_island,1,coded,0,,1
intimidate,pro_complement,0,coded,0,,1
intimidate,npi_licenser,0,coded,0,,1
intimidate,stative,1,coded,0,,1
intimidate,content_noun_fact,0,coded,0,,1
intimidate,derived_nominal,0,coded,0,,1
intimidate,phrasal,0,lexical,0,,
intimidate,be_copula,0,lexical,0,,
intrigue,that_omission,1,coded,0,,1
intrigue,comp_inf,1,coded,0,,1
intrigue,ecm,0,coded,0,,1
intrigue,comp_interrog,0,coded,0,,1
intrigue,comp_gerund,0,coded,0,,1
intrigue,comp_small_clause,0,coded,0,,1
intrigue,np_comp_alt,0,coded,0,,1
intrigue,direct_speech,0,coded,0,,1
intrigue,subjunctive_comp,0,coded,0,,1
intrigue,comp_for_to,0,coded,0,,1
intrigue,comp_bare_inf,0,coded,0,,1
intrigue,comp_exclamative,0,coded,0,,1
intrigue,comp_poss_ing,0,coded,0,,1
intrigue,extraposition,1,coded,0,,1
intrigue,raising,0,coded,0,,1
intrigue,ditransitive,0,coded,0,,1
intrigue,factive_passive,1,coded,0,,1
intrigue,neg_raising,0,coded,0,,1
intrigue,weak_island,1,coded,0,,1
intrigue,pro_complement,0,coded,0,,1
intrigue,npi_licenser,0,coded,0,,1
intrigue,stative,1,coded,0,,1
intrigue,content_noun_fact,0,coded,0,,1
intrigue,derived_nominal,0,coded,0,,1
intrigue,phrasal,0,lexical,0,,
intrigue,be_copula,0,lexical,0,,
investigate,that_omission,1,coded,0,,1
investigate,comp_inf,0,coded,0,,1
investigate,ecm,0,coded,0,,1
investigate,comp_interrog,0,coded,0,,1
investigate,comp_gerund,0,coded,0,,1
investigate,comp_small_clause,0,coded,0,,1
investigate,np_comp_alt,0,coded,0,,1
investigate,direct_speech,0,coded,0,,1
investigate,subjunctive_comp,0,coded,0,,1
investigate,comp_for_to,0,coded,0,,1
investigate,comp_bare_inf,0,coded,0,,1
investigate,comp_exclamative,0,coded,0,,1
investigate,comp_poss_ing,0,coded,0,,1
investigate,extraposition,0,coded,0,,1
investigate,raising,0,coded,0,,1
investigate,ditransitive,0,coded,0,,1
investigate,factive_passive,0,coded,0,,1
investigate,neg_raising,0,coded,0,,1
investigate,weak_island,0,coded,0,,1
investigate,pro_complement,1,coded,0,,1
investigate,npi_licenser,0,coded,0,,1
investigate,stative,1,coded,0,,1
investigate,content_noun_fact,0,coded,0,,1
investigate,derived_nominal,0,coded,0,,1
investigate,phrasal,0,lexical,0,,
investigate,be_copula,0,lexical,0,,
invigorate,that_omission,1,coded,0,,1
invigorate,comp_inf,1,coded,0,,1
invigorate,ecm,0,coded,0,,1
invigorate,comp_interrog,0,coded,0,,1
invigorate,comp_gerund,0,coded,0,,1
invigorate,comp_small_clause,0,coded,0,,1
invigorate,np_comp_alt,0,coded,0,,1
invigorate,direct_speech,0,coded,0,,1
invigorate,subjunctive_comp,0,coded,0,,1
invigorate,comp_for_to,0,coded,0,,1
invigorate,comp_bare_inf,0,coded,0,,1
invigorate,comp_exclamative,0,coded,0,,1
invigorate,comp_poss_ing,0,coded,0,,1
invigorate,extraposition,1,coded,0,,1
invigorate,raising,0,coded,0,,1
invigorate,ditransitive,0,coded,0,,1
invigorate,factive_passive,1,coded,0,,1
invigorate,neg_raising,0,coded,0,,1
invigorate,weak_island,1,coded,0,,1
invigorate,pro_complement,0,coded,0,,1
invigorate,npi_licenser,0,coded,0,,1
invigorate,stative,1,coded,0,,1
invigorate,content_noun_fact,0,coded,0,,1
invigorate,derived_nominal,0,coded,0,,1
invigorate,phrasal,0,lexical,0,,
invigorate,be_copula,0,lexical,0,,
irk,that_omission,1,coded,0,,1
irk,comp_inf,1,coded,0,,1
irk,ecm,0,coded,0,,1
irk,comp_interrog,0,coded,0,,1
irk,comp_gerund,0,coded,0,,1
irk,comp_small_clause,0,coded,0,,1
irk,np_comp_alt,0,coded,0,,1
irk,direct_speech,0,coded,0,,1
irk,subjunctive_comp,0,coded,0,,1
irk,comp_for_to,0,coded,0,,1
irk,comp_bare_inf,0,coded,0,,1
irk,comp_exclamative,0,coded,0,,1
irk,comp_poss_ing,0,coded,0,,1
irk,extraposition,1,coded,0,,1
irk,raising,0,coded,0,,1
irk,ditransitive,0,coded,0,,1
irk,factive_passive,1,coded,0,,1
irk,neg_raising,0,coded,0,,1
irk,weak_island,1,coded,0,,1
irk,pro_complement,0,coded,0,,1
irk,npi_licenser,0,coded,0,,1
irk,stative,1,coded,0,,1
irk,content_noun_fact,0,coded,0,,1
irk,derived_nominal,0,coded,0,,1
irk,phrasal,0,lexical,0,,
irk,be_copula,0,lexical,0,,
irritate,that_omission,1,coded,0,,1
irritate,comp_inf,1,coded,0,,1
irritate,ecm,0,coded,0,,1
irritate,comp_interrog,0,coded,0,,1
irritate,comp_gerund,0,coded,0,,1
irritate,comp_small_clause,0,coded,0,,1
irritate,np_comp_alt,0,coded,0,,1
irritate,direct_speech,0,coded,0,,1
irritate,subjunctive_comp,0,coded,0,,1
irritate,comp_for_to,0,coded,0,,1
irritate,comp_bare_inf,0,coded,0,,1
irritate,comp_exclamative,0,coded,0,,1
irritate,comp_poss_ing,0,coded,0,,1
irritate,extraposition,1,coded,0,,1
irritate,raising,0,coded,0,,1
irritate,ditransitive,0,coded,0,,1
irritate,factive_passive,1,coded,0,,1
irritate,neg_raising,0,coded,0,,1
irritate,weak_island,1,coded,0,,1
irritate,pro_complement,0,coded,0,,1
irritate,npi_licenser,0,coded,0,,1
irritate,stative,1,coded,0,,1
irritate,content_noun_fact,0,coded,0,,1
irritate,derived_nominal,0,coded,0,,1
irritate,phrasal,0,lexical,0,,
irritate,be_copula,0,lexical,0,,
jade,that_omission,1,coded,0,,1
jade,comp_inf,0,coded,0,,1
jade,ecm,0,coded,0,,1
jade,comp_interrog,0,coded,0,,1
jade,comp_gerund,0,coded,0,,1
jade,comp_small_clause,0,coded,0,,1
jade,np_comp_alt,0,coded,0,,1
jade,direct_speech,0,coded,0,,1
jade,subjunctive_comp,0,coded,0,,1
jade,comp_for_to,0,coded,0,,1
jade,comp_bare_inf,0,coded,0,,1
jade,comp_exclamative,0,coded,0,,1
jade,comp_poss_ing,0,coded,0,,1
jade,extraposition,1,coded,0,,1
jade,raising,0,coded,0,,1
jade,ditransitive,0,coded,0,,1
jade,factive_passive,1,coded,0,,1
jade,neg_raising,0,coded,0,,1
jade,weak_island,1,coded,0,,1
jade,pro_complement,0,coded,0,,1
jade,npi_licenser,0,coded,0,,1
jade,stative,1,coded,0,,1
jade,content_noun_fact,0,coded,0,,1
jade,derived_nominal,0,coded,0,,1
jade,phrasal,0,lexical,0,,
jade,be_copula,0,lexical,0,,
jar,that_omission,1,coded,0,,1
jar,comp_inf,0,coded,0,,1
jar,ecm,0,coded,0,,1
jar,comp_interrog,0,coded,0,,1
jar,comp_gerund,0,coded,0,,1
jar,comp_small_clause,0,coded,0,,1
jar,np_comp_alt,0,coded,0,,1
jar,direct_speech,0,coded,0,,1
jar,subjunctive_comp,0,coded,0,,1
jar,comp_for_to,0,coded,0,,1
jar,comp_bare_inf,0,coded,0,,1
jar,comp_exclamative,0,coded,0,,1
jar,comp_poss_ing,0,coded,0,,1
jar,extraposition,1,coded,0,,1
jar,raising,0,coded,0,,1
jar,ditransitive,0,coded,0,,1
jar,factive_passive,1,coded,0,,1
jar,neg_raising,0,coded,0,,1
jar,weak_island,1,coded,0,,1
jar,pro_complement,0,coded,0,,1
jar,npi_licenser,0,coded,0,,1
jar,stative,1,coded,0,,1
jar,content_noun_fact,0,coded,0,,1
jar,derived_nominal,0,coded,0,,1
jar,phrasal,0,lexical,0,,
jar,be_copula,0,lexical,0,,
jest,that_omission,1,coded,0,,1
jest,comp_inf,0,coded,0,,1
jest,ecm,0,coded,0,,1
jest,comp_interrog,0,coded,0,,1
jest,comp_gerund,0,coded,0,,1
jest,comp_small_clause,0,coded,0,,1
jest,np_comp_alt,0,coded,0,,1
jest,direct_speech,1,coded,0,,1
jest,subjunctive_comp,0,coded,0,,1
jest,comp_for_to,0,coded,0,,1
jest,comp_bare_inf,0,coded,0,,1
jest,comp_exclamative,0,coded,0,,1
jest,comp_poss_ing,0,coded,0,,1
jest,extraposition,0,coded,0,,1
jest,raising,0,coded,0,,1
jest,ditransitive,0,coded,0,,1
jest,factive_passive,0,coded,0,,1
jest,neg_raising,0,coded,0,,1
jest,weak_island,0,coded,0,,1
jest,pro_complement,0,coded,0,,1
jest,npi_licenser,0,coded,0,,1
jest,stative,1,coded,0,,1
jest,content_noun_fact,0,coded,0,,1
jest,derived_nominal,0,coded,0,,1
jest,phrasal,0,lexical,0,,
jest,be_copula,0,lexical,0,,
joke,that_omission,1,coded,0,,1
joke,comp_inf,1,coded,0,,1
joke,ecm,0,coded,0,,1
joke,comp_interrog,0,coded,0,,1
joke,comp_gerund,0,coded,0,,1
joke,comp_small_clause,0,coded,0,,1
joke,np_comp_alt,0,coded,0,,1
joke,direct_speech,1,coded,0,,1
joke,subjunctive_comp,0,coded,0,,1
joke,comp_for_to,0,coded,0,,1
joke,comp_bare_inf,0,coded,0,,1
joke,comp_exclamative,0,coded,0,,1
joke,comp_poss_ing,0,coded,0,,1
joke,extraposition,0,coded,0,,1
joke,raising,0,coded,0,,1
joke,ditransitive,0,coded,0,,1
joke,factive_passive,0,coded,0,,1
joke,neg_raising,0,coded,0,,1
joke,weak_island,0,coded,0,,1
joke,pro_complement,0,coded,0,,1
joke,npi_licenser,0,coded,0,,1
joke,stative,1,coded,0,,1
joke,content_noun_fact,0,coded,0,,1
joke,derived_nominal,0,coded,0,,1
joke,phrasal,0,lexical,0,,
joke,be_copula,0,lexical,0,,
judge,that_omission,1,coded,0,,1
judge,comp_inf,1,coded,0,,1
judge,ecm,1,coded,0,,1
judge,comp_interrog,0,coded,0,,1
judge,comp_gerund,0,coded,0,,1
judge,comp_small_clause,0,coded,0,,1
judge,np_comp_alt,0,coded,0,,1
judge,direct_speech,0,coded,0,,1
judge,subjunctive_comp,0,coded,0,,1
judge,comp_for_to,0,coded,0,,1
judge,comp_bare_inf,0,coded,0,,1
judge,comp_exclamative,0,coded,0,,1
judge,comp_poss_ing,0,coded,0,,1
judge,extraposition,0,coded,0,,1
judge,raising,0,coded,0,,1
judge,ditransitive,0,coded,0,,1
judge,factive_passive,0,coded,0,,1
judge,neg_raising,1,coded,0,,1
judge,weak_island,0,coded,0,,1
judge,pro_complement,1,coded,0,,1
judge,npi_licenser,0,coded,0,,1
judge,stative,1,coded,0,,1
judge,content_noun_fact,0,coded,0,,1
judge,derived_nominal,1,coded,0,,1
judge,phrasal,0,lexical,0,,
judge,be_copula,0,lexical,0,,
leak,that_omission,1,coded,0,,1
leak,comp_inf,0,coded,0,,1
leak,ecm,0,coded,0,,1
leak,comp_interrog,0,coded,0,,1
leak,comp_gerund,0,coded,0,,1
leak,comp_small_clause,0,coded,0,,1
leak,np_comp_alt,0,coded,0,,1
leak,direct_speech,0,coded,0,,1
leak,subjunctive_comp,0,coded,0,,1
leak,comp_for_to,0,coded,0,,1
leak,comp_bare_inf,0,coded,0,,1
leak,comp_exclamative,0,coded,0,,1
leak,comp_poss_ing,0,coded,0,,1
leak,extraposition,0,coded,0,,1
leak,raising,0,coded,0,,1
leak,ditransitive,0,coded,0,,1
leak,factive_passive,0,coded,0,,1
leak,neg_raising,0,coded,0,,1
leak,weak_island,0,coded,0,,1
leak,pro_complement,0,coded,0,,1
leak,npi_licenser,0,coded,0,,1
leak,stative,1,coded,0,,1
leak,content_noun_fact,0,coded,0,,1
leak,derived_nominal,0,coded,0,,1
leak,phrasal,0,lexical,0,,
leak,be_copula,0,lexical,0,,
lecture,that_omission,1,coded,0,,1
lecture,comp_inf,1,coded,0,,1
lecture,ecm,0,coded,0,,1
lecture,comp_interrog,0,coded,0,,1
lecture,comp_gerund,0,coded,0,,1
lecture,comp_small_clause,1,coded,0,,1
lecture,np_comp_alt,0,coded,0,,1
lecture,direct_speech,1,coded,0,,1
lecture,subjunctive_comp,0,coded,0,,1
lecture,comp_for_to,0,coded,0,,1
lecture,comp_bare_inf,0,coded,0,,1
lecture,comp_exclamative,0,coded,0,,1
lecture,comp_poss_ing,0,coded,0,,1
lecture,extraposition,0,coded,0,,1
lecture,raising,0,coded,0,,1
lecture,ditransitive,0,coded,0,,1
lecture,factive_passive,0,coded,0,,1
lecture,neg_raising,0,coded,0,,1
lecture,weak_island,0,coded,0,,1
lecture,pro_complement,0,coded,0,,1
lecture,npi_licenser,0,coded,0,,1
lecture,stative,1,coded,0,,1
lecture,content_noun_fact,0,coded,0,,1
lecture,derived_nominal,0,coded,0,,1
lecture,phrasal,0,lexical,0,,
lecture,be_copula,0,lexical,0,,
lie,that_omission,1,coded,0,,1
lie,comp_inf,0,coded,0,,1
lie,ecm,0,coded,0,,1
lie,comp_interrog,0,coded,0,,1
lie,comp_gerund,0,coded,0,,1
lie,comp_small_clause,0,coded,0,,1
lie,np_comp_alt,0,coded,0,,1
lie,direct_speech,0,coded,0,,1
lie,subjunctive_comp,0,coded,0,,1
lie,comp_for_to,0,coded,0,,1
lie,comp_bare_inf,0,coded,0,,1
lie,comp_exclamative,0,coded,0,,1
lie,comp_poss_ing,0,coded,0,,1
lie,extraposition,0,coded,0,,1
lie,raising,0,coded,0,,1
lie,ditransitive,0,coded,0,,1
lie,factive_passive,0,coded,0,,1
lie,neg_raising,0,coded,0,,1
lie,weak_island,0,coded,0,,1
lie,pro_complement,0,coded,0,,1
lie,npi_licenser,1,coded,0,,1
lie,stative,1,coded,0,,1
lie,content_noun_fact,0,coded,0,,1
lie,derived_nominal,0,coded,0,,1
lie,phrasal,0,lexical,0,,
lie,be_copula,0,lexical,0,,
like,that_omission,0,coded,0,,1
like,comp_inf,1,coded,0,,1
like,ecm,0,coded,0,,1
like,comp_interrog,0,coded,0,,1
like,comp_gerund,1,coded,0,,1
like,comp_small_clause,1,coded,0,,1
like,np_comp_alt,0,coded,0,,1
like,direct_speech,0,coded,0,,1
like,subjunctive_comp,0,coded,0,,1
like,comp_for_to,0,coded,0,,1
like,comp_bare_inf,0,coded,0,,1
like,comp_exclamative,0,coded,0,,1
like,comp_poss_ing,1,coded,0,,1
like,extraposition,0,coded,0,,1
like,raising,0,coded,0,,1
like,ditransitive,0,coded,0,,1
like,factive_passive,0,coded,0,,1
like,neg_raising,0,coded,0,,1
like,weak_island,1,coded,0,,1
like,pro_complement,0,coded,0,,1
like,npi_licenser,0,coded,0,,1
like,stative,1,coded,0,,1
like,content_noun_fact,1,coded,0,,1
like,derived_nominal,0,coded,0,,1
like,phrasal,0,lexical,0,,
like,be_copula,0,lexical,0,,
loathe,that_omission,0,coded,0,,1
loathe,comp_inf,1,coded,0,,1
loathe,ecm,0,coded,0,,1
loathe,comp_interrog,0,coded,0,,1
loathe,comp_gerund,1,coded,0,,1
loathe,comp_small_clause,0,coded,0,,1
loathe,np_comp_alt,0,coded,0,,1
loathe,direct_speech,0,coded,0,,1
loathe,subjunctive_comp,0,coded,0,,1
loathe,comp_for_to,0,coded,0,,1
loathe,comp_bare_inf,0,coded,0,,1
loathe,comp_exclamative,0,coded,0,,1
loathe,comp_poss_ing,1,coded,0,,1
loathe,extraposition,0,coded,0,,1
loathe,raising,0,coded,0,,1
loathe,ditransitive,0,coded,0,,1
loathe,factive_passive,0,coded,0,,1
loathe,neg_raising,0,coded,0,,1
loathe,weak_island,1,coded,0,,1
loathe,pro_complement,0,coded,0,,1
loathe,npi_licenser,0,coded,0,,1
loathe,stative,1,coded,0,,1
loathe,content_noun_fact,1,coded,0,,1
loathe,derived_nominal,0,coded,0,,1
loathe,phrasal,0,lexical,0,,
loathe,be_copula,0,lexical,0,,
log,that_omission,1,coded,0,,1
log,comp_inf,0,coded,0,,1
log,ecm,0,coded,0,,1
log,comp_interrog,0,coded,0,,1
log,comp_gerund,0,coded,0,,1
log,comp_small_clause,0,coded,0,,1
log,np_comp_alt,0,coded,0,,1
log,direct_speech,0,coded,0,,1
log,subjunctive_comp,0,coded,0,,1
log,comp_for_to,0,coded,0,,1
log,comp_bare_inf,0,coded,0,,1
log,comp_exclamative,0,coded,0,,1
log,comp_poss_ing,0,coded,0,,1
log,extraposition,0,coded,0,,1
log,raising,0,coded,0,,1
log,ditransitive,0,coded,0,,1
log,factive_passive,0,coded,0,,1
log,neg_raising,0,coded,0,,1
log,weak_island,0,coded,0,,1
log,pro_complement,0,coded,0,,1
log,npi_licenser,0,coded,0,,1
log,stative,1,coded,0,,1
log,content_noun_fact,0,coded,0,,1
log,derived_nominal,0,coded,0,,1
log,phrasal,0,lexical,0,,
log,be_copula,0,lexical,0,,
love,that_omission,0,coded,0,,1
love,comp_inf,1,coded,0,,1
love,ecm,0,coded,0,,1
love,comp_interrog,0,coded,0,,1
love,comp_gerund,1,coded,0,,1
love,comp_small_clause,0,coded,0,,1
love,np_comp_alt,0,coded,0,,1
love,direct_speech,0,coded,0,,1
love,subjunctive_comp,0,coded,0,,1
love,comp_for_to,0,coded,0,,1
love,comp_bare_inf,0,coded,0,,1
love,comp_exclamative,0,coded,0,,1
love,comp_poss_ing,1,coded,0,,1
love,extraposition,0,coded,0,,1
love,raising,0,coded,0,,1
love,ditransitive,0,coded,0,,1
love,factive_passive,0,coded,0,,1
love,neg_raising,0,coded,0,,1
love,weak_island,1,coded,0,,1
love,pro_complement,0,coded,0,,1
love,npi_licenser,0,coded,0,,1
love,stative,1,coded,0,,1
love,content_noun_fact,1,coded,0,,1
love,derived_nominal,0,coded,0,,1
love,phrasal,0,lexical,0,,
love,be_copula,0,lexical,0,,
madden,that_omission,1,coded,0,,1
madden,comp_inf,0,coded,0,,1
madden,ecm,0,coded,0,,1
madden,comp_interrog,0,coded,0,,1
madden,comp_gerund,0,coded,0,,1
madden,comp_small_clause,0,coded,0,,1
madden,np_comp_alt,0,coded,0,,1
madden,direct_speech,0,coded,0,,1
madden,subjunctive_comp,0,coded,0,,1
madden,comp_for_to,0,coded,0,,1
madden,comp_bare_inf,0,coded,0,,1
madden,comp_exclamative,0,coded,0,,1
madden,comp_poss_ing,0,coded,0,,1
madden,extraposition,1,coded,0,,1
madden,raising,0,coded,0,,1
madden,ditransitive,0,coded,0,,1
madden,factive_passive,1,coded,0,,1
madden,neg_raising,0,coded,0,,1
madden,weak_island,1,coded,0,,1
madden,pro_complement,0,coded,0,,1
madden,npi_licenser,0,coded,0,,1
madden,stative,1,coded,0,,1
madden,content_noun_fact,0,coded,0,,1
madden,derived_nominal,0,coded,0,,1
madden,phrasal,0,lexical,0,,
madden,be_copula,0,lexical,0,,
maintain,that_omission,1,coded,0,,1
maintain,comp_inf,0,coded,0,,1
maintain,ecm,0,coded,0,,1
maintain,comp_interrog,0,coded,0,,1
maintain,comp_gerund,0,coded,0,,1
maintain,comp_small_clause,0,coded,0,,1
maintain,np_comp_alt,1,coded,0,,1
maintain,direct_speech,1,coded,0,,1
maintain,subjunctive_comp,0,coded,0,,1
maintain,comp_for_to,0,coded,0,,1
maintain,comp_bare_inf,0,coded,0,,1
maintain,comp_exclamative,0,coded,0,,1
maintain,comp_poss_ing,0,coded,0,,1
maintain,extraposition,0,coded,0,,1
maintain,raising,0,coded,0,,1
maintain,ditransitive,0,coded,0,,1
maintain,factive_passive,0,coded,0,,1
maintain,neg_raising,0,coded,0,,1
maintain,weak_island,0,coded,0,,1
maintain,pro_complement,0,coded,0,,1
maintain,npi_licenser,0,coded,0,,1
maintain,stative,1,coded,0,,1
maintain,content_noun_fact,0,coded,0,,1
maintain,derived_nominal,1,coded,0,,1
maintain,phrasal,0,lexical,0,,
maintain,be_copula,0,lexical,0,,
manufacture,that_omission,0,coded,0,,1
manufacture,comp_inf,0,coded,0,,1
manufacture,ecm,0,coded,0,,1
manufacture,comp_interrog,0,coded,0,,1
manufacture,comp_gerund,0,coded,0,,1
manufacture,comp_small_clause,0,coded,0,,1
manufacture,np_comp_alt,0,coded,0,,1
manufacture,direct_speech,0,coded,0,,1
manufacture,subjunctive_comp,0,coded,0,,1
manufacture,comp_for_to,0,coded,0,,1
manufacture,comp_bare_inf,0,coded,0,,1
manufacture,comp_exclamative,0,coded,0,,1
manufacture,comp_poss_ing,0,coded,0,,1
manufacture,extraposition,0,coded,0,,1
manufacture,raising,0,coded,0,,1
manufacture,ditransitive,0,coded,0,,1
manufacture,factive_passive,0,coded,0,,1
manufacture,neg_raising,0,coded,0,,1
manufacture,weak_island,0,coded,0,,1
manufacture,pro_complement,0,coded,0,,1
manufacture,npi_licenser,1,coded,0,,1
manufacture,stative,1,coded,0,,1
manufacture,content_noun_fact,0,coded,0,,1
manufacture,derived_nominal,0,coded,0,,1
manufacture,phrasal,0,lexical,0,,
manufacture,be_copula,0,lexical,0,,
mark,that_omission,1,coded,0,,1
mark,comp_inf,1,coded,0,,1
mark,ecm,0,coded,0,,1
mark,comp_interrog,0,coded,0,,1
mark,comp_gerund,0,coded,0,,1
mark,comp_small_clause,1,coded,0,,1
mark,np_comp_alt,0,coded,0,,1
mark,direct_speech,0,coded,0,,1
mark,subjunctive_comp,0,coded,0,,1
mark,comp_for_to,0,coded,0,,1
mark,comp_bare_inf,0,coded,0,,1
mark,comp_exclamative,0,coded,0,,1
mark,comp_poss_ing,0,coded,0,,1
mark,extraposition,0,coded,0,,1
mark,raising,0,coded,0,,1
mark,ditransitive,0,coded,0,,1
mark,factive_passive,0,coded,0,,1
mark,neg_raising,0,coded,0,,1
mark,weak_island,0,coded,0,,1
mark,pro_complement,0,coded,0,,1
mark,npi_licenser,0,coded,0,,1
mark,stative,1,coded,0,,1
mark,content_noun_fact,0,coded,0,,1
mark,derived_nominal,0,coded,0,,1
mark,phrasal,0,lexical,0,,
mark,be_copula,0,lexical,0,,
marvel,that_omission,0,coded,0,,1
marvel,comp_inf,0,coded,0,,1
marvel,ecm,0,coded,0,,1
marvel,comp_interrog,0,coded,0,,1
marvel,comp_gerund,1,coded,0,,1
marvel,comp_small_clause,0,coded,0,,1
marvel,np_comp_alt,0,coded,0,,1
marvel,direct_speech,0,coded,0,,1
marvel,subjunctive_comp,0,coded,0,,1
marvel,comp_for_to,0,coded,0,,1
marvel,comp_bare_inf,0,coded,0,,1
marvel,comp_exclamative,0,coded,0,,1
marvel,comp_poss_ing,1,coded,0,,1
marvel,extraposition,0,coded,0,,1
marvel,raising,0,coded,0,,1
marvel,ditransitive,0,coded,0,,1
marvel,factive_passive,0,coded,0,,1
marvel,neg_raising,0,coded,0,,1
marvel,weak_island,1,coded,0,,1
marvel,pro_complement,0,coded,0,,1
marvel,npi_licenser,0,coded,0,,1
marvel,stative,1,coded,0,,1
marvel,content_noun_fact,1,coded,0,,1
marvel,derived_nominal,0,coded,0,,1
marvel,phrasal,0,lexical,0,,
marvel,be_copula,0,lexical,0,,
measure,that_omission,0,coded,0,,1
measure,comp_inf,0,coded,0,,1
measure,ecm,0,coded,0,,1
measure,comp_interrog,0,coded,0,,1
measure,comp_gerund,0,coded,0,,1
measure,comp_small_clause,0,coded,0,,1
measure,np_comp_alt,0,coded,0,,1
measure,direct_speech,0,coded,0,,1
measure,subjunctive_comp,0,coded,0,,1
measure,comp_for_to,0,coded,0,,1
measure,comp_bare_inf,0,coded,0,,1
measure,comp_exclamative,0,coded,0,,1
measure,comp_poss_ing,0,coded,0,,1
measure,extraposition,0,coded,0,,1
measure,raising,0,coded,0,,1
measure,ditransitive,0,coded,0,,1
measure,factive_passive,0,coded,0,,1
measure,neg_raising,0,coded,0,,1
measure,weak_island,0,coded,0,,1
measure,pro_complement,1,coded,0,,1
measure,npi_licenser,0,coded,0,,1
measure,stative,1,coded,0,,1
measure,content_noun_fact,0,coded,0,,1
measure,derived_nominal,0,coded,0,,1
measure,phrasal,0,lexical,0,,
measure,be_copula,0,lexical,0,,
miff,that_omission,1,coded,0,,1
miff,comp_inf,0,coded,0,,1
miff,ecm,0,coded,0,,1
miff,comp_interrog,0,coded,0,,1
miff,comp_gerund,0,coded,0,,1
miff,comp_small_clause,0,coded,0,,1
miff,np_comp_alt,0,coded,0,,1
miff,direct_speech,0,coded,0,,1
miff,subjunctive_comp,0,coded,0,,1
miff,comp_for_to,0,coded,0,,1
miff,comp_bare_inf,0,coded,0,,1
miff,comp_exclamative,0,coded,0,,1
miff,comp_poss_ing,0,coded,0,,1
miff,extraposition,1,coded,0,,1
miff,raising,0,coded,0,,1
miff,ditransitive,0,coded,0,,1
miff,factive_passive,1,coded,0,,1
miff,neg_raising,0,coded,0,,1
miff,weak_island,1,coded,0,,1
miff,pro_complement,0,coded,0,,1
miff,npi_licenser,0,coded,0,,1
miff,stative,1,coded,0,,1
miff,content_noun_fact,0,coded,0,,1
miff,derived_nominal,0,coded,0,,1
miff,phrasal,0,lexical,0,,
miff,be_copula,0,lexical,0,,
misinform,that_omission,1,coded,0,,1
misinform,comp_inf,0,coded,0,,1
misinform,ecm,0,coded,0,,1
misinform,comp_interrog,0,coded,0,,1
misinform,comp_gerund,0,coded,0,,1
misinform,comp_small_clause,0,coded,0,,1
misinform,np_comp_alt,0,coded,0,,1
misinform,direct_speech,0,coded,0,,1
misinform,subjunctive_comp,0,coded,0,,1
misinform,comp_for_to,0,coded,0,,1
misinform,comp_bare_inf,0,coded,0,,1
misinform,comp_exclamative,0,coded,0,,1
misinform,comp_poss_ing,0,coded,0,,1
misinform,extraposition,0,coded,0,,1
misinform,raising,0,coded,0,,1
misinform,ditransitive,0,coded,0,,1
misinform,factive_passive,0,coded,0,,1
misinform,neg_raising,0,coded,0,,1
misinform,weak_island,0,coded,0,,1
misinform,pro_complement,0,coded,0,,1
misinform,npi_licenser,0,coded,0,,1
misinform,stative,1,coded,0,,1
misinform,content_noun_fact,0,coded,0,,1
misinform,derived_nominal,0,coded,0,,1
misinform,phrasal,0,lexical,0,,
misinform,be_copula,0,lexical,0,,
mislead,that_omission,1,coded,0,,1
mislead,comp_inf,1,coded,0,,1
mislead,ecm,0,coded,0,,1
mislead,comp_interrog,0,coded,0,,1
mislead,comp_gerund,0,coded,0,,1
mislead,comp_small_clause,1,coded,0,,1
mislead,np_comp_alt,0,coded,0,,1
mislead,direct_speech,0,coded,0,,1
mislead,subjunctive_comp,0,coded,0,,1
mislead,comp_for_to,0,coded,0,,1
mislead,comp_bare_inf,0,coded,0,,1
mislead,comp_exclamative,0,coded,0,,1
mislead,comp_poss_ing,0,coded,0,,1
mislead,extraposition,0,coded,0,,1
mislead,raising,0,coded,0,,1
mislead,ditransitive,0,coded,0,,1
mislead,factive_passive,0,coded,0,,1
mislead,neg_raising,0,coded,0,,1
mislead,weak_island,0,coded,0,,1
mislead,pro_complement,0,coded,0,,1
mislead,npi_licenser,0,coded,0,,1
mislead,stative,1,coded,0,,1
mislead,content_noun_fact,0,coded,0,,1
mislead,derived_nominal,0,coded,0,,1
mislead,phrasal,0,lexical,0,,
mislead,be_copula,0,lexical,0,,
miss,that_omission,1,coded,0,,1
miss,comp_inf,0,coded,0,,1
miss,ecm,0,coded,0,,1
miss,comp_interrog,0,coded,0,,1
miss,comp_gerund,0,coded,0,,1
miss,comp_small_clause,0,coded,0,,1
miss,np_comp_alt,0,coded,0,,1
miss,direct_speech,0,coded,0,,1
miss,subjunctive_comp,0,coded,0,,1
miss,comp_for_to,0,coded,0,,1
miss,comp_bare_inf,0,coded,0,,1
miss,comp_exclamative,0,coded,0,,1
miss,comp_poss_ing,0,coded,0,,1
miss,extraposition,0,coded,0,,1
miss,raising,0,coded,0,,1
miss,ditransitive,0,coded,0,,1
miss,factive_passive,0,coded,0,,1
miss,neg_raising,0,coded,0,,1
miss,weak_island,1,coded,0,,1
miss,pro_complement,0,coded,0,,1
miss,npi_licenser,0,coded,0,,1
miss,stative,0,coded,0,,1
miss,content_noun_fact,1,coded,0,,1
miss,derived_nominal,0,coded,0,,1
miss,phrasal,0,lexical,0,,
miss,be_copula,0,lexical,0,,
moan,that_omission,1,coded,0,,1
moan,comp_inf,1,coded,0,,1
moan,ecm,0,coded,0,,1
moan,comp_interrog,0,coded,0,,1
moan,comp_gerund,0,coded,0,,1
moan,comp_small_clause,0,coded,0,,1
moan,np_comp_alt,0,coded,0,,1
moan,direct_speech,1,coded,0,,1
moan,subjunctive_comp,0,coded,0,,1
moan,comp_for_to,0,coded,0,,1
moan,comp_bare_inf,0,coded,0,,1
moan,comp_exclamative,0,coded,0,,1
moan,comp_poss_ing,0,coded,0,,1
moan,extraposition,0,coded,0,,1
moan,raising,0,coded,0,,1
moan,ditransitive,0,coded,0,,1
moan,factive_passive,0,coded,0,,1
moan,neg_raising,0,coded,0,,1
moan,weak_island,0,coded,0,,1
moan,pro_complement,0,coded,0,,1
moan,npi_licenser,0,coded,0,,1
moan,stative,1,coded,0,,1
moan,content_noun_fact,0,coded,0,,1
moan,derived_nominal,0,coded,0,,1
moan,phrasal,0,lexical,0,,
moan,be_copula,0,lexical,0,,
mortify,that_omission,1,coded,0,,1
mortify,comp_inf,1,coded,0,,1
mortify,ecm,0,coded,0,,1
mortify,comp_interrog,0,coded,0,,1
mortify,comp_gerund,0,coded,0,,1
mortify,comp_small_clause,0,coded,0,,1
mortify,np_comp_alt,0,coded,0,,1
mortify,direct_speech,0,coded,0,,1
mortify,subjunctive_comp,0,coded,0,,1
mortify,comp_for_to,0,coded,0,,1
mortify,comp_bare_inf,0,coded,0,,1
mortify,comp_exclamative,0,coded,0,,1
mortify,comp_poss_ing,0,coded,0,,1
mortify,extraposition,1,coded,0,,1
mortify,raising,0,coded,0,,1
mortify,ditransitive,0,coded,0,,1
mortify,factive_passive,1,coded,0,,1
mortify,neg_raising,0,coded,0,,1
mortify,weak_island,1,coded,0,,1
mortify,pro_complement,0,coded,0,,1
mortify,npi_licenser,0,coded,0,,1
mortify,stative,1,coded,0,,1
mortify,content_noun_fact,0,coded,0,,1
mortify,derived_nominal,0,coded,0,,1
mortify,phrasal,0,lexical,0,,
mortify,be_copula,0,lexical,0,,
mourn,that_omission,0,coded,0,,1
mourn,comp_inf,0,coded,0,,1
mourn,ecm,0,coded,0,,1
mourn,comp_interrog,0,coded,0,,1
mourn,comp_gerund,1,coded,0,,1
mourn,comp_small_clause,0,coded,0,,1
mourn,np_comp_alt,0,coded,0,,1
mourn,direct_speech,0,coded,0,,1
mourn,subjunctive_comp,0,coded,0,,1
mourn,comp_for_to,0,coded,0,,1
mourn,comp_bare_inf,0,coded,0,,1
mourn,comp_exclamative,0,coded,0,,1
mourn,comp_poss_ing,1,coded,0,,1
mourn,extraposition,0,coded,0,,1
mourn,raising,0,coded,0,,1
mourn,ditransitive,0,coded,0,,1
mourn,factive_passive,0,coded,0,,1
mourn,neg_raising,0,coded,0,,1
mourn,weak_island,1,coded,0,,1
mourn,pro_complement,0,coded,0,,1
mourn,npi_licenser,0,coded,0,,1
mourn,stative,1,coded,0,,1
mourn,content_noun_fact,1,coded,0,,1
mourn,derived_nominal,0,coded,0,,1
mourn,phrasal,0,lexical,0,,
mourn,be_copula,0,lexical,0,,
move,that_omission,1,coded,0,,1
move,comp_inf,1,coded,0,,1
move,ecm,0,coded,0,,1
move,comp_interrog,0,coded,0,,1
move,comp_gerund,0,coded,0,,1
move,comp_small_clause,1,coded,0,,1
move,np_comp_alt,0,coded,0,,1
move,direct_speech,0,coded,0,,1
move,subjunctive_comp,1,coded,0,,1
move,comp_for_to,0,coded,0,,1
move,comp_bare_inf,0,coded,0,,1
move,comp_exclamative,0,coded,0,,1
move,comp_poss_ing,0,coded,0,,1
move,extraposition,1,coded,0,,1
move,raising,0,coded,0,,1
move,ditransitive,0,coded,0,,1
move,factive_passive,1,coded,0,,1
move,neg_raising,0,coded,0,,1
move,weak_island,1,coded,0,,1
move,pro_complement,0,coded,0,,1
move,npi_licenser,0,coded,0,,1
move,stative,1,coded,0,,1
move,content_noun_fact,0,coded,0,,1
move,derived_nominal,0,coded,0,,1
move,phrasal,0,lexical,0,,
move,be_copula,0,lexical,0,,
mumble,that_omission,1,coded,0,,1
mumble,comp_inf,0,coded,0,,1
mumble,ecm,0,coded,0,,1
mumble,comp_interrog,0,coded,0,,1
mumble,comp_gerund,0,coded,0,,1
mumble,comp_small_clause,0,coded,0,,1
mumble,np_comp_alt,0,coded,0,,1
mumble,direct_speech,0,coded,0,,1
mumble,subjunctive_comp,0,coded,0,,1
mumble,comp_for_to,0,coded,0,,1
mumble,comp_bare_inf,0,coded,0,,1
mumble,comp_exclamative,0,coded,0,,1
mumble,comp_poss_ing,0,coded,0,,1
mumble,extraposition,0,coded,0,,1
mumble,raising,0,coded,0,,1
mumble,ditransitive,0,coded,0,,1
mumble,factive_passive,0,coded,0,,1
mumble,neg_raising,0,coded,0,,1
mumble,weak_island,0,coded,0,,1
mumble,pro_complement,0,coded,0,,1
mumble,npi_licenser,0,coded,0,,1
mumble,stative,1,coded,0,,1
mumble,content_noun_fact,0,coded,0,,1
mumble,derived_nominal,0,coded,0,,1
mumble,phrasal,0,lexical,0,,
mumble,be_copula,0,lexical,0,,
murmur,that_omission,1,coded,0,,1
murmur,comp_inf,0,coded,0,,1
murmur,ecm,0,coded,0,,1
murmur,comp_interrog,0,coded,0,,1
murmur,comp_gerund,0,coded,0,,1
murmur,comp_small_clause,0,coded,0,,1
murmur,np_comp_alt,0,coded,0,,1
murmur,direct_speech,1,coded,0,,1
murmur,subjunctive_comp,0,coded,0,,1
murmur,comp_for_to,0,coded,0,,1
murmur,comp_bare_inf,0,coded,0,,1
murmur,comp_exclamative,0,coded,0,,1
murmur,comp_poss_ing,0,coded,0,,1
murmur,extraposition,0,coded,0,,1
murmur,raising,0,coded,0,,1
murmur,ditransitive,0,coded,0,,1
murmur,factive_passive,0,coded,0,,1
murmur,neg_raising,0,coded,0,,1
murmur,weak_island,0,coded,0,,1
murmur,pro_complement,0,coded,0,,1
murmur,npi_licenser,0,coded,0,,1
murmur,stative,1,coded,0,,1
murmur,content_noun_fact,0,coded,0,,1
murmur,derived_nominal,0,coded,0,,1
murmur,phrasal,0,lexical,0,,
murmur,be_copula,0,lexical,0,,
muse,that_omission,1,coded,0,,1
muse,comp_inf,0,coded,0,,1
muse,ecm,0,coded,0,,1
muse,comp_interrog,0,coded,0,,1
muse,comp_gerund,0,coded,0,,1
muse,comp_small_clause,0,coded,0,,1
muse,np_comp_alt,0,coded,0,,1
muse,direct_speech,0,coded,0,,1
muse,subjunctive_comp,0,coded,0,,1
muse,comp_for_to,0,coded,0,,1
muse,comp_bare_inf,0,coded,0,,1
muse,comp_exclamative,0,coded,0,,1
muse,comp_poss_ing,0,coded,0,,1
muse,extraposition,0,coded,0,,1
muse,raising,0,coded,0,,1
muse,ditransitive,0,coded,0,,1
muse,factive_passive,0,coded,0,,1
muse,neg_raising,0,coded,0,,1
muse,weak_island,0,coded,0,,1
muse,pro_complement,1,coded,0,,1
muse,npi_licenser,0,coded,0,,1
muse,stative,1,coded,0,,1
muse,content_noun_fact,0,coded,0,,1
muse,derived_nominal,0,coded,0,,1
muse,phrasal,0,lexical,0,,
muse,be_copula,0,lexical,0,,
mutter,that_omission,1,coded,0,,1
mutter,comp_inf,0,coded,0,,1
mutter,ecm,0,coded,0,,1
mutter,comp_interrog,0,coded,0,,1
mutter,comp_gerund,0,coded,0,,1
mutter,comp_small_clause,0,coded,0,,1
mutter,np_comp_alt,0,coded,0,,1
mutter,direct_speech,1,coded,0,,1
mutter,subjunctive_comp,0,coded,0,,1
mutter,comp_for_to,0,coded,0,,1
mutter,comp_bare_inf,0,coded,0,,1
mutter,comp_exclamative,0,coded,0,,1
mutter,comp_poss_ing,0,coded,0,,1
mutter,extraposition,0,coded,0,,1
mutter,raising,0,coded,0,,1
mutter,ditransitive,0,coded,0,,1
mutter,factive_passive,0,coded,0,,1
mutter,neg_raising,0,coded,0,,1
mutter,weak_island,0,coded,0,,1
mutter,pro_complement,0,coded,0,,1
mutter,npi_licenser,0,coded,0,,1
mutter,stative,1,coded,0,,1
mutter,content_noun_fact,0,coded,0,,1
mutter,derived_nominal,0,coded,0,,1
mutter,phrasal,0,lexical,0,,
mutter,be_copula,0,lexical,0,,
mystify,that_omission,1,coded,0,,1
mystify,comp_inf,1,coded,0,,1
mystify,ecm,0,coded,0,,1
mystify,comp_interrog,0,coded,0,,1
mystify,comp_gerund,0,coded,0,,1
mystify,comp_small_clause,0,coded,0,,1
mystify,np_comp_alt,0,coded,0,,1
mystify,direct_speech,0,coded,0,,1
mystify,subjunctive_comp,0,coded,0,,1
mystify,comp_for_to,0,coded,0,,1
mystify,comp_bare_inf,0,coded,0,,1
mystify,comp_exclamative,0,coded,0,,1
mystify,comp_poss_ing,0,coded,0,,1
mystify,extraposition,1,coded,0,,1
mystify,raising,0,coded,0,,1
mystify,ditransitive,0,coded,0,,1
mystify,factive_passive,1,coded,0,,1
mystify,neg_raising,0,coded,0,,1
mystify,weak_island,1,coded,0,,1
mystify,pro_complement,0,coded,0,,1
mystify,npi_licenser,0,coded,0,,1
mystify,stative,1,coded,0,,1
mystify,content_noun_fact,0,coded,0,,1
mystify,derived_nominal,0,coded,0,,1
mystify,phrasal,0,lexical,0,,
mystify,be_copula,0,lexical,0,,
narrate,that_omission,1,coded,0,,1
narrate,comp_inf,0,coded,0,,1
narrate,ecm,0,coded,0,,1
narrate,comp_interrog,0,coded,0,,1
narrate,comp_gerund,0,coded,0,,1
narrate,comp_small_clause,0,coded,0,,1
narrate,np_comp_alt,0,coded,0,,1
narrate,direct_speech,0,coded,0,,1
narrate,subjunctive_comp,0,coded,0,,1
narrate,comp_for_to,0,coded,0,,1
narrate,comp_bare_inf,0,coded,0,,1
narrate,comp_exclamative,0,coded,0,,1
narrate,comp_poss_ing,0,coded,0,,1
narrate,extraposition,0,coded,0,,1
narrate,raising,0,coded,0,,1
narrate,ditransitive,0,coded,0,,1
narrate,factive_passive,0,coded,0,,1
narrate,neg_raising,0,coded,0,,1
narrate,weak_island,0,coded,0,,1
narrate,pro_complement,0,coded,0,,1
narrate,npi_licenser,0,coded,0,,1
narrate,stative,1,coded,0,,1
narrate,content_noun_fact,0,coded,0,,1
narrate,derived_nominal,0,coded,0,,1
narrate,phrasal,0,lexical,0,,
narrate,be_copula,0,lexical,0,,
nonplus,that_omission,0,coded,0,,1
nonplus,comp_inf,0,coded,0,,1
nonplus,ecm,0,coded,0,,1
nonplus,comp_interrog,0,coded,0,,1
nonplus,comp_gerund,0,coded,0,,1
nonplus,comp_small_clause,0,coded,0,,1
nonplus,np_comp_alt,0,coded,0,,1
nonplus,direct_speech,0,coded,0,,1
nonplus,subjunctive_comp,0,coded,0,,1
nonplus,comp_for_to,0,coded,0,,1
nonplus,comp_bare_inf,0,coded,0,,1
nonplus,comp_exclamative,0,coded,0,,1
nonplus,comp_poss_ing,0,coded,0,,1
nonplus,extraposition,1,coded,0,,1
nonplus,raising,0,coded,0,,1
nonplus,ditransitive,0,coded,0,,1
nonplus,factive_passive,1,coded,0,,1
nonplus,neg_raising,0,coded,0,,1
nonplus,weak_island,1,coded,0,,1
nonplus,pro_complement,0,coded,0,,1
nonplus,npi_licenser,0,coded,0,,1
nonplus,stative,1,coded,0,,1
nonplus,content_noun_fact,0,coded,0,,1
nonplus,derived_nominal,0,coded,0,,1
nonplus,phrasal,0,lexical,0,,
nonplus,be_copula,0,lexical,0,,
note,that_omission,1,coded,0,,1
note,comp_inf,1,coded,0,,1
note,ecm,0,coded,0,,1
note,comp_interrog,0,coded,0,,1
note,comp_gerund,0,coded,0,,1
note,comp_small_clause,0,coded,0,,1
note,np_comp_alt,0,coded,0,,1
note,direct_speech,1,coded,0,,1
note,subjunctive_comp,0,coded,0,,1
note,comp_for_to,0,coded,0,,1
note,comp_bare_inf,0,coded,0,,1
note,comp_exclamative,0,coded,0,,1
note,comp_poss_ing,0,coded,0,,1
note,extraposition,0,coded,0,,1
note,raising,0,coded,0,,1
note,ditransitive,0,coded,0,,1
note,factive_passive,0,coded,0,,1
note,neg_raising,0,coded,0,,1
note,weak_island,0,coded,0,,1
note,pro_complement,0,coded,0,,1
note,npi_licenser,0,coded,0,,1
note,stative,1,coded,0,,1
note,content_noun_fact,1,coded,0,,1
note,derived_nominal,1,coded,0,,1
note,phrasal,0,lexical,0,,
note,be_copula,0,lexical,0,,
notify,that_omission,1,coded,0,,1
notify,comp_inf,1,coded,0,,1
notify,ecm,0,coded,0,,1
notify,comp_interrog,0,coded,0,,1
notify,comp_gerund,0,coded,0,,1
notify,comp_small_clause,1,coded,0,,1
notify,np_comp_alt,0,coded,0,,1
notify,direct_speech,0,coded,0,,1
notify,subjunctive_comp,0,coded,0,,1
notify,comp_for_to,0,coded,0,,1
notify,comp_bare_inf,0,coded,0,,1
notify,comp_exclamative,0,coded,0,,1
notify,comp_poss_ing,0,coded,0,,1
notify,extraposition,0,coded,0,,1
notify,raising,0,coded,0,,1
notify,ditransitive,1,coded,0,,1
notify,factive_passive,1,coded,0,,1
notify,neg_raising,0,coded,0,,1
notify,weak_island,1,coded,0,,1
notify,pro_complement,0,coded,0,,1
notify,npi_licenser,0,coded,0,,1
notify,stative,1,coded,0,,1
notify,content_noun_fact,1,coded,0,,1
notify,derived_nominal,0,coded,0,,1
notify,phrasal,0,lexical,0,,
notify,be_copula,0,lexical,0,,
offend,that_omission,1,coded,0,,1
offend,comp_inf,1,coded,0,,1
offend,ecm,0,coded,0,,1
offend,comp_interrog,0,coded,0,,1
offend,comp_gerund,0,coded,0,,1
offend,comp_small_clause,0,coded,0,,1
offend,np_comp_alt,0,coded,0,,1
offend,direct_speech,0,coded,0,,1
offend,subjunctive_comp,0,coded,0,,1
offend,comp_for_to,0,coded,0,,1
offend,comp_bare_inf,0,coded,0,,1
offend,comp_exclamative,0,coded,0,,1
offend,comp_poss_ing,0,coded,0,,1
offend,extraposition,1,coded,0,,1
offend,raising,0,coded,0,,1
offend,ditransitive,0,coded,0,,1
offend,factive_passive,1,coded,0,,1
offend,neg_raising,0,coded,0,,1
offend,weak_island,1,coded,0,,1
offend,pro_complement,0,coded,0,,1
offend,npi_licenser,0,coded,0,,1
offend,stative,1,coded,0,,1
offend,content_noun_fact,0,coded,0,,1
offend,derived_nominal,0,coded,0,,1
offend,phrasal,0,lexical,0,,
offend,be_copula,0,lexical,0,,
omit,that_omission,1,coded,0,,1
omit,comp_inf,1,coded,0,,1
omit,ecm,0,coded,0,,1
omit,comp_interrog,0,coded,0,,1
omit,comp_gerund,0,coded,0,,1
omit,comp_small_clause,0,coded,0,,1
omit,np_comp_alt,0,coded,0,,1
omit,direct_speech,0,coded,0,,1
omit,subjunctive_comp,0,coded,0,,1
omit,comp_for_to,0,coded,0,,1
omit,comp_bare_inf,0,coded,0,,1
omit,comp_exclamative,0,coded,0,,1
omit,comp_poss_ing,0,coded,0,,1
omit,extraposition,0,coded,0,,1
omit,raising,0,coded,0,,1
omit,ditransitive,0,coded,0,,1
omit,factive_passive,0,coded,0,,1
omit,neg_raising,0,coded,0,,1
omit,weak_island,0,coded,0,,1
omit,pro_complement,0,coded,0,,1
omit,npi_licenser,0,coded,0,,1
omit,stative,1,coded,0,,1
omit,content_noun_fact,0,coded,0,,1
omit,derived_nominal,0,coded,0,,1
omit,phrasal,0,lexical,0,,
omit,be_copula,0,lexical,0,,
ordain,that_omission,1,coded,0,,1
ordain,comp_inf,1,coded,0,,1
ordain,ecm,0,coded,0,,1
ordain,comp_interrog,0,coded,0,,1
ordain,comp_gerund,0,coded,0,,1
ordain,comp_small_clause,1,coded,0,,1
ordain,np_comp_alt,0,coded,0,,1
ordain,direct_speech,0,coded,0,,1
ordain,subjunctive_comp,1,coded,0,,1
ordain,comp_for_to,0,coded,0,,1
ordain,comp_bare_inf,0,coded,0,,1
ordain,comp_exclamative,0,coded,0,,1
ordain,comp_poss_ing,0,coded,0,,1
ordain,extraposition,0,coded,0,,1
ordain,raising,0,coded,0,,1
ordain,ditransitive,0,coded,0,,1
ordain,factive_passive,0,coded,0,,1
ordain,neg_raising,0,coded,0,,1
ordain,weak_island,0,coded,0,,1
ordain,pro_complement,0,coded,0,,1
ordain,npi_licenser,0,coded,0,,1
ordain,stative,1,coded,0,,1
ordain,content_noun_fact,0,coded,0,,1
ordain,derived_nominal,0,coded,0,,1
ordain,phrasal,0,lexical,0,,
ordain,be_copula,0,lexical,0,,
outrage,that_omission,1,coded,0,,1
outrage,comp_inf,1,coded,0,,1
outrage,ecm,0,coded,0,,1
outrage,comp_interrog,0,coded,0,,1
outrage,comp_gerund,0,coded,0,,1
outrage,comp_small_clause,0,coded,0,,1
outrage,np_comp_alt,0,coded,0,,1
outrage,direct_speech,0,coded,0,,1
outrage,subjunctive_comp,0,coded,0,,1
outrage,comp_for_to,0,coded,0,,1
outrage,comp_bare_inf,0,coded,0,,1
outrage,comp_exclamative,0,coded,0,,1
outrage,comp_poss_ing,0,coded,0,,1
outrage,extraposition,1,coded,0,,1
outrage,raising,0,coded,0,,1
outrage,ditransitive,0,coded,0,,1
outrage,factive_passive,1,coded,0,,1
outrage,neg_raising,0,coded,0,,1
outrage,weak_island,1,coded,0,,1
outrage,pro_complement,0,coded,0,,1
outrage,npi_licenser,0,coded,0,,1
outrage,stative,1,coded,0,,1
outrage,content_noun_fact,0,coded,0,,1
outrage,derived_nominal,0,coded,0,,1
outrage,phrasal,0,lexical,0,,
outrage,be_copula,0,lexical,0,,
overhear,that_omission,1,coded,0,,1
overhear,comp_inf,1,coded,0,,1
overhear,ecm,1,coded,0,,1
overhear,comp_interrog,1,coded,0,,1
overhear,comp_gerund,0,coded,0,,1
overhear,comp_small_clause,0,coded,0,,1
overhear,np_comp_alt,0,coded,0,,1
overhear,direct_speech,0,coded,0,,1
overhear,subjunctive_comp,0,coded,0,,1
overhear,comp_for_to,0,coded,0,,1
overhear,comp_bare_inf,0,coded,0,,1
overhear,comp_exclamative,0,coded,0,,1
overhear,comp_poss_ing,0,coded,0,,1
overhear,extraposition,0,coded,0,,1
overhear,raising,0,coded,0,,1
overhear,ditransitive,0,coded,0,,1
overhear,factive_passive,0,coded,0,,1
overhear,neg_raising,0,coded,0,,1
overhear,weak_island,1,coded,0,,1
overhear,pro_complement,0,coded,0,,1
overhear,npi_licenser,0,coded,0,,1
overhear,stative,0,coded,0,,1
overhear,content_noun_fact,1,coded,0,,1
overhear,derived_nominal,0,coded,0,,1
overhear,phrasal,0,lexical,0,,
overhear,be_copula,0,lexical,0,,
overlook,that_omission,0,coded,0,,1
overlook,comp_inf,0,coded,0,,1
overlook,ecm,0,coded,0,,1
overlook,comp_interrog,0,coded,0,,1
overlook,comp_gerund,0,coded,0,,1
overlook,comp_small_clause,0,coded,0,,1
overlook,np_comp_alt,0,coded,0,,1
overlook,direct_speech,0,coded,0,,1
overlook,subjunctive_comp,0,coded,0,,1
overlook,comp_for_to,0,coded,0,,1
overlook,comp_bare_inf,0,coded,0,,1
overlook,comp_exclamative,0,coded,0,,1
overlook,comp_poss_ing,0,coded,0,,1
overlook,extraposition,0,coded,0,,1
overlook,raising,0,coded,0,,1
overlook,ditransitive,0,coded,0,,1
overlook,factive_passive,0,coded,0,,1
overlook,neg_raising,0,coded,0,,1
overlook,weak_island,1,coded,0,,1
overlook,pro_complement,0,coded,0,,1
overlook,npi_licenser,0,coded,0,,1
overlook,stative,1,coded,0,,1
overlook,content_noun_fact,1,coded,0,,1
overlook,derived_nominal,0,coded,0,,1
overlook,phrasal,0,lexical,0,,
overlook,be_copula,0,lexical,0,,
overwhelm,that_omission,1,coded,0,,1
overwhelm,comp_inf,1,coded,0,,1
overwhelm,ecm,0,coded,0,,1
overwhelm,comp_interrog,0,coded,0,,1
overwhelm,comp_gerund,0,coded,0,,1
overwhelm,comp_small_clause,0,coded,0,,1
overwhelm,np_comp_alt,0,coded,0,,1
overwhelm,direct_speech,0,coded,0,,1
overwhelm,subjunctive_comp,0,coded,0,,1
overwhelm,comp_for_to,0,coded,0,,1
overwhelm,comp_bare_inf,0,coded,0,,1
overwhelm,comp_exclamative,0,coded,0,,1
overwhelm,comp_poss_ing,0,coded,0,,1
overwhelm,extraposition,1,coded,0,,1
overwhelm,raising,0,coded,0,,1
overwhelm,ditransitive,0,coded,0,,1
overwhelm,factive_passive,1,coded,0,,1
overwhelm,neg_raising,0,coded,0,,1
overwhelm,weak_island,1,coded,0,,1
overwhelm,pro_complement,0,coded,0,,1
overwhelm,npi_licenser,0,coded,0,,1
overwhelm,stative,1,coded,0,,1
overwhelm,content_noun_fact,0,coded,0,,1
overwhelm,derived_nominal,0,coded,0,,1
overwhelm,phrasal,0,lexical,0,,
overwhelm,be_copula,0,lexical,0,,
pain,that_omission,1,coded,0,,1
pain,comp_inf,1,coded,0,,1
pain,ecm,0,coded,0,,1
pain,comp_interrog,0,coded,0,,1
pain,comp_gerund,0,coded,0,,1
pain,comp_small_clause,0,coded,0,,1
pain,np_comp_alt,0,coded,0,,1
pain,direct_speech,0,coded,0,,1
pain,subjunctive_comp,0,coded,0,,1
pain,comp_for_to,0,coded,0,,1
pain,comp_bare_inf,0,coded,0,,1
pain,comp_exclamative,0,coded,0,,1
pain,comp_poss_ing,0,coded,0,,1
pain,extraposition,1,coded,0,,1
pain,raising,0,coded,0,,1
pain,ditransitive,0,coded,0,,1
pain,factive_passive,1,coded,0,,1
pain,neg_raising,0,coded,0,,1
pain,weak_island,1,coded,0,,1
pain,pro_complement,0,coded,0,,1
pain,npi_licenser,0,coded,0,,1
pain,stative,1,coded,0,,1
pain,content_noun_fact,0,coded,0,,1
pain,derived_nominal,0,coded,0,,1
pain,phrasal,0,lexical,0,,
pain,be_copula,0,lexical,0,,
panic,that_omission,0,coded,0,,1
panic,comp_inf,0,coded,0,,1
panic,ecm,0,coded,0,,1
panic,comp_interrog,0,coded,0,,1
panic,comp_gerund,0,coded,0,,1
panic,comp_small_clause,0,coded,0,,1
panic,np_comp_alt,0,coded,0,,1
panic,direct_speech,0,coded,0,,1
panic,subjunctive_comp,0,coded,0,,1
panic,comp_for_to,0,coded,0,,1
panic,comp_bare_inf,0,coded,0,,1
panic,comp_exclamative,0,coded,0,,1
panic,comp_poss_ing,0,coded,0,,1
panic,extraposition,0,coded,0,,1
panic,raising,0,coded,0,,1
panic,ditransitive,0,coded,0,,1
panic,factive_passive,0,coded,0,,1
panic,neg_raising,0,coded,0,,1
panic,weak_island,1,coded,0,,1
panic,pro_complement,0,coded,0,,1
panic,npi_licenser,0,coded,0,,1
panic,stative,1,coded,0,,1
panic,content_noun_fact,1,coded,0,,1
panic,derived_nominal,0,coded,0,,1
panic,phrasal,0,lexical,0,,
panic,be_copula,0,lexical,0,,
perceive,that_omission,1,coded,0,,1
perceive,comp_inf,1,coded,0,,1
perceive,ecm,1,coded,0,,1
perceive,comp_interrog,1,coded,0,,1
perceive,comp_gerund,0,coded,0,,1
perceive,comp_small_clause,1,coded,0,,1
perceive,np_comp_alt,0,coded,0,,1
perceive,direct_speech,0,coded,0,,1
perceive,subjunctive_comp,0,coded,0,,1
perceive,comp_for_to,0,coded,0,,1
perceive,comp_bare_inf,1,coded,0,,1
perceive,comp_exclamative,0,coded,0,,1
perceive,comp_poss_ing,0,coded,0,,1
perceive,extraposition,0,coded,0,,1
perceive,raising,0,coded,0,,1
perceive,ditransitive,0,coded,0,,1
perceive,factive_passive,0,coded,0,,1
perceive,neg_raising,0,coded,0,,1
perceive,weak_island,1,coded,0,,1
perceive,pro_complement,0,coded,0,,1
perceive,npi_licenser,0,coded,0,,1
perceive,stative,1,coded,0,,1
perceive,content_noun_fact,1,coded,0,,1
perceive,derived_nominal,1,coded,0,,1
perceive,phrasal,0,lexical,0,,
perceive,be_copula,0,lexical,0,,
perplex,that_omission,1,coded,0,,1
perplex,comp_inf,1,coded,0,,1
perplex,ecm,0,coded,0,,1
perplex,comp_interrog,0,coded,0,,1
perplex,comp_gerund,0,coded,0,,1
perplex,comp_small_clause,0,coded,0,,1
perplex,np_comp_alt,0,coded,0,,1
perplex,direct_speech,0,coded,0,,1
perplex,subjunctive_comp,0,coded,0,,1
perplex,comp_for_to,0,coded,0,,1
perplex,comp_bare_inf,0,coded,0,,1
perplex,comp_exclamative,0,coded,0,,1
perplex,comp_poss_ing,0,coded,0,,1
perplex,extraposition,1,coded,0,,1
perplex,raising,0,coded,0,,1
perplex,ditransitive,0,coded,0,,1
perplex,factive_passive,1,coded,0,,1
perplex,neg_raising,0,coded,0,,1
perplex,weak_island,1,coded,0,,1
perplex,pro_complement,0,coded,0,,1
perplex,npi_licenser,0,coded,0,,1
perplex,stative,1,coded,0,,1
perplex,content_noun_fact,0,coded,0,,1
perplex,derived_nominal,0,coded,0,,1
perplex,phrasal,0,lexical,0,,
perplex,be_copula,0,lexical,0,,
persuade,that_omission,1,coded,0,,1
persuade,comp_inf,1,coded,0,,1
persuade,ecm,0,coded,0,,1
persuade,comp_interrog,0,coded,0,,1
persuade,comp_gerund,0,coded,0,,1
persuade,comp_small_clause,1,coded,0,,1
persuade,np_comp_alt,0,coded,0,,1
persuade,direct_speech,0,coded,0,,1
persuade,subjunctive_comp,0,coded,0,,1
persuade,comp_for_to,0,coded,0,,1
persuade,comp_bare_inf,0,coded,0,,1
persuade,comp_exclamative,0,coded,0,,1
persuade,comp_poss_ing,0,coded,0,,1
persuade,extraposition,0,coded,0,,1
persuade,raising,0,coded,0,,1
persuade,ditransitive,1,coded,0,,1
persuade,factive_passive,1,coded,0,,1
persuade,neg_raising,0,coded,0,,1
persuade,weak_island,0,coded,0,,1
persuade,pro_complement,0,coded,0,,1
persuade,npi_licenser,0,coded,0,,1
persuade,stative,1,coded,0,,1
persuade,content_noun_fact,0,coded,0,,1
persuade,derived_nominal,0,coded,0,,1
persuade,phrasal,0,lexical,0,,
persuade,be_copula,0,lexical,0,,
petrify,that_omission,1,coded,0,,1
petrify,comp_inf,1,coded,0,,1
petrify,ecm,0,coded,0,,1
petrify,comp_interrog,0,coded,0,,1
petrify,comp_gerund,0,coded,0,,1
petrify,comp_small_clause,0,coded,0,,1
petrify,np_comp_alt,0,coded,0,,1
petrify,direct_speech,0,coded,0,,1
petrify,subjunctive_comp,0,coded,0,,1
petrify,comp_for_to,0,coded,0,,1
petrify,comp_bare_inf,0,coded,0,,1
petrify,comp_exclamative,0,coded,0,,1
petrify,comp_poss_ing,0,coded,0,,1
petrify,extraposition,1,coded,0,,1
petrify,raising,0,coded,0,,1
petrify,ditransitive,0,coded,0,,1
petrify,factive_passive,1,coded,0,,1
petrify,neg_raising,0,coded,0,,1
petrify,weak_island,1,coded,0,,1
petrify,pro_complement,0,coded,0,,1
petrify,npi_licenser,0,coded,0,,1
petrify,stative,1,coded,0,,1
petrify,content_noun_fact,0,coded,0,,1
petrify,derived_nominal,0,coded,0,,1
petrify,phrasal,0,lexical,0,,
petrify,be_copula,0,lexical,0,,
picture,that_omission,1,coded,0,,1
picture,comp_inf,0,coded,0,,1
picture,ecm,0,coded,0,,1
picture,comp_interrog,0,coded,0,,1
picture,comp_gerund,0,coded,0,,1
picture,comp_small_clause,0,coded,0,,1
picture,np_comp_alt,0,coded,0,,1
picture,direct_speech,0,coded,0,,1
picture,subjunctive_comp,0,coded,0,,1
picture,comp_for_to,0,coded,0,,1
picture,comp_bare_inf,0,coded,0,,1
picture,comp_exclamative,0,coded,0,,1
picture,comp_poss_ing,0,coded,0,,1
picture,extraposition,0,coded,0,,1
picture,raising,0,coded,0,,1
picture,ditransitive,0,coded,0,,1
picture,factive_passive,0,coded,0,,1
picture,neg_raising,0,coded,0,,1
picture,weak_island,0,coded,0,,1
picture,pro_complement,0,coded,0,,1
picture,npi_licenser,0,coded,0,,1
picture,stative,1,coded,0,,1
picture,content_noun_fact,0,coded,0,,1
picture,derived_nominal,0,coded,0,,1
picture,phrasal,0,lexical,0,,
picture,be_copula,0,lexical,0,,
piece_together,that_omission,1,coded,0,,1
piece_together,comp_inf,0,coded,0,,1
piece_together,ecm,0,coded,0,,1
piece_together,comp_interrog,1,coded,0,,1
piece_together,comp_gerund,0,coded,0,,1
piece_together,comp_small_clause,0,coded,0,,1
piece_together,np_comp_alt,0,coded,0,,1
piece_together,direct_speech,0,coded,0,,1
piece_together,subjunctive_comp,0,coded,0,,1
piece_together,comp_for_to,0,coded,0,,1
piece_together,comp_bare_inf,0,coded,0,,1
piece_together,comp_exclamative,1,coded,0,,1
piece_together,comp_poss_ing,0,coded,0,,1
piece_together,extraposition,0,coded,0,,1
piece_together,raising,0,coded,0,,1
piece_together,ditransitive,0,coded,0,,1
piece_together,factive_passive,0,coded,0,,1
piece_together,neg_raising,0,coded,0,,1
piece_together,weak_island,1,coded,0,,1
piece_together,pro_complement,0,coded,0,,1
piece_together,npi_licenser,0,coded,0,,1
piece_together,stative,0,coded,0,,1
piece_together,content_noun_fact,1,coded,0,,1
piece_together,derived_nominal,0,coded,0,,1
piece_together,phrasal,1,lexical,0,,
piece_together,be_copula,0,lexical,0,,
pinpoint,that_omission,1,coded,0,,1
pinpoint,comp_inf,1,coded,0,,1
pinpoint,ecm,0,coded,0,,1
pinpoint,comp_interrog,0,coded,0,,1
pinpoint,comp_gerund,0,coded,0,,1
pinpoint,comp_small_clause,0,coded,0,,1
pinpoint,np_comp_alt,0,coded,0,,1
pinpoint,direct_speech,0,coded,0,,1
pinpoint,subjunctive_comp,0,coded,0,,1
pinpoint,comp_for_to,0,coded,0,,1
pinpoint,comp_bare_inf,0,coded,0,,1
pinpoint,comp_exclamative,0,coded,0,,1
pinpoint,comp_poss_ing,0,coded,0,,1
pinpoint,extraposition,0,coded,0,,1
pinpoint,raising,0,coded,0,,1
pinpoint,ditransitive,0,coded,0,,1
pinpoint,factive_passive,0,coded,0,,1
pinpoint,neg_raising,0,coded,0,,1
pinpoint,weak_island,0,coded,0,,1
pinpoint,pro_complement,0,coded,0,,1
pinpoint,npi_licenser,0,coded,0,,1
pinpoint,stative,1,coded,0,,1
pinpoint,content_noun_fact,0,coded,0,,1
pinpoint,derived_nominal,0,coded,0,,1
pinpoint,phrasal,0,lexical,0,,
pinpoint,be_copula,0,lexical,0,,
pity,that_omission,0,coded,0,,1
pity,comp_inf,0,coded,0,,1
pity,ecm,0,coded,0,,1
pity,comp_interrog,0,coded,0,,1
pity,comp_gerund,0,coded,0,,1
pity,comp_small_clause,0,coded,0,,1
pity,np_comp_alt,0,coded,0,,1
pity,direct_speech,0,coded,0,,1
pity,subjunctive_comp,0,coded,0,,1
pity,comp_for_to,0,coded,0,,1
pity,comp_bare_inf,0,coded,0,,1
pity,comp_exclamative,0,coded,0,,1
pity,comp_poss_ing,0,coded,0,,1
pity,extraposition,0,coded,0,,1
pity,raising,0,coded,0,,1
pity,ditransitive,0,coded,0,,1
pity,factive_passive,0,coded,0,,1
pity,neg_raising,0,coded,0,,1
pity,weak_island,1,coded,0,,1
pity,pro_complement,0,coded,0,,1
pity,npi_licenser,0,coded,0,,1
pity,stative,1,coded,0,,1
pity,content_noun_fact,1,coded,0,,1
pity,derived_nominal,0,coded,0,,1
pity,phrasal,0,lexical,0,,
pity,be_copula,0,lexical,0,,
please,that_omission,1,coded,0,,1
please,comp_inf,1,coded,0,,1
please,ecm,0,coded,0,,1
please,comp_interrog,0,coded,0,,1
please,comp_gerund,0,coded,0,,1
please,comp_small_clause,0,coded,0,,1
please,np_comp_alt,0,coded,0,,1
please,direct_speech,0,coded,0,,1
please,subjunctive_comp,0,coded,0,,1
please,comp_for_to,0,coded,0,,1
please,comp_bare_inf,0,coded,0,,1
please,comp_exclamative,0,coded,0,,1
please,comp_poss_ing,0,coded,0,,1
please,extraposition,1,coded,0,,1
please,raising,0,coded,0,,1
please,ditransitive,0,coded,0,,1
please,factive_passive,1,coded,0,,1
please,neg_raising,0,coded,0,,1
please,weak_island,1,coded,0,,1
please,pro_complement,0,coded,0,,1
please,npi_licenser,0,coded,0,,1
please,stative,1,coded,0,,1
please,content_noun_fact,0,coded,0,,1
please,derived_nominal,0,coded,0,,1
please,phrasal,0,lexical,0,,
please,be_copula,0,lexical,0,,
point_out,that_omission,1,coded,0,,1
point_out,comp_inf,1,coded,0,,1
point_out,ecm,0,coded,0,,1
point_out,comp_interrog,0,coded,0,,1
point_out,comp_gerund,0,coded,0,,1
point_out,comp_small_clause,1,coded,0,,1
point_out,np_comp_alt,0,coded,0,,1
point_out,direct_speech,1,coded,0,,1
point_out,subjunctive_comp,0,coded,0,,1
point_out,comp_for_to,0,coded,0,,1
point_out,comp_bare_inf,0,coded,0,,1
point_out,comp_exclamative,0,coded,0,,1
point_out,comp_poss_ing,0,coded,0,,1
point_out,extraposition,0,coded,0,,1
point_out,raising,0,coded,0,,1
point_out,ditransitive,0,coded,0,,1
point_out,factive_passive,0,coded,0,,1
point_out,neg_raising,0,coded,0,,1
point_out,weak_island,1,coded,0,,1
point_out,pro_complement,0,coded,0,,1
point_out,npi_licenser,0,coded,0,,1
point_out,stative,1,coded,0,,1
point_out,content_noun_fact,1,coded,0,,1
point_out,derived_nominal,0,coded,0,,1
point_out,phrasal,1,lexical,0,,
point_out,be_copula,0,lexical,0,,
ponder,that_omission,1,coded,0,,1
ponder,comp_inf,1,coded,0,,1
ponder,ecm,0,coded,0,,1
ponder,comp_interrog,0,coded,0,,1
ponder,comp_gerund,0,coded,0,,1
ponder,comp_small_clause,0,coded,0,,1
ponder,np_comp_alt,0,coded,0,,1
ponder,direct_speech,0,coded,0,,1
ponder,subjunctive_comp,0,coded,0,,1
ponder,comp_for_to,0,coded,0,,1
ponder,comp_bare_inf,0,coded,0,,1
ponder,comp_exclamative,0,coded,0,,1
ponder,comp_poss_ing,0,coded,0,,1
ponder,extraposition,0,coded,0,,1
ponder,raising,0,coded,0,,1
ponder,ditransitive,0,coded,0,,1
ponder,factive_passive,0,coded,0,,1
ponder,neg_raising,0,coded,0,,1
ponder,weak_island,0,coded,0,,1
ponder,pro_complement,1,coded,0,,1
ponder,npi_licenser,0,coded,0,,1
ponder,stative,1,coded,0,,1
ponder,content_noun_fact,0,coded,0,,1
ponder,derived_nominal,0,coded,0,,1
ponder,phrasal,0,lexical,0,,
ponder,be_copula,0,lexical,0,,
posit,that_omission,1,coded,0,,1
posit,comp_inf,1,coded,0,,1
posit,ecm,0,coded,0,,1
posit,comp_interrog,0,coded,0,,1
posit,comp_gerund,0,coded,0,,1
posit,comp_small_clause,0,coded,0,,1
posit,np_comp_alt,0,coded,0,,1
posit,direct_speech,0,coded,0,,1
posit,subjunctive_comp,0,coded,0,,1
posit,comp_for_to,0,coded,0,,1
posit,comp_bare_inf,0,coded,0,,1
posit,comp_exclamative,0,coded,0,,1
posit,comp_poss_ing,0,coded,0,,1
posit,extraposition,0,coded,0,,1
posit,raising,0,coded,0,,1
posit,ditransitive,0,coded,0,,1
posit,factive_passive,0,coded,0,,1
posit,neg_raising,0,coded,0,,1
posit,weak_island,0,coded,0,,1
posit,pro_complement,1,coded,0,,1
posit,npi_licenser,0,coded,0,,1
posit,stative,1,coded,0,,1
posit,content_noun_fact,0,coded,0,,1
posit,derived_nominal,0,coded,0,,1
posit,phrasal,0,lexical,0,,
posit,be_copula,0,lexical,0,,
post,that_omission,1,coded,0,,1
post,comp_inf,0,coded,0,,1
post,ecm,0,coded,0,,1
post,comp_interrog,0,coded,0,,1
post,comp_gerund,0,coded,0,,1
post,comp_small_clause,0,coded,0,,1
post,np_comp_alt,0,coded,0,,1
post,direct_speech,0,coded,0,,1
post,subjunctive_comp,0,coded,0,,1
post,comp_for_to,0,coded,0,,1
post,comp_bare_inf,0,coded,0,,1
post,comp_exclamative,0,coded,0,,1
post,comp_poss_ing,0,coded,0,,1
post,extraposition,0,coded,0,,1
post,raising,0,coded,0,,1
post,ditransitive,0,coded,0,,1
post,factive_passive,0,coded,0,,1
post,neg_raising,0,coded,0,,1
post,weak_island,0,coded,0,,1
post,pro_complement,0,coded,0,,1
post,npi_licenser,0,coded,0,,1
post,stative,1,coded,0,,1
post,content_noun_fact,0,coded,0,,1
post,derived_nominal,0,coded,0,,1
post,phrasal,0,lexical,0,,
post,be_copula,0,lexical,0,,
pout,that_omission,0,coded,0,,1
pout,comp_inf,0,coded,0,,1
pout,ecm,0,coded,0,,1
pout,comp_interrog,0,coded,0,,1
pout,comp_gerund,0,coded,0,,1
pout,comp_small_clause,0,coded,0,,1
pout,np_comp_alt,0,coded,0,,1
pout,direct_speech,0,coded,0,,1
pout,subjunctive_comp,0,coded,0,,1
pout,comp_for_to,0,coded,0,,1
pout,comp_bare_inf,0,coded,0,,1
pout,comp_exclamative,0,coded,0,,1
pout,comp_poss_ing,0,coded,0,,1
pout,extraposition,0,coded,0,,1
pout,raising,0,coded,0,,1
pout,ditransitive,0,coded,0,,1
pout,factive_passive,0,coded,0,,1
pout,neg_raising,0,coded,0,,1
pout,weak_island,1,coded,0,,1
pout,pro_complement,0,coded,0,,1
pout,npi_licenser,0,coded,0,,1
pout,stative,1,coded,0,,1
pout,content_noun_fact,1,coded,0,,1
pout,derived_nominal,0,coded,0,,1
pout,phrasal,0,lexical,0,,
pout,be_copula,0,lexical,0,,
praise,that_omission,1,coded,0,,1
praise,comp_inf,1,coded,0,,1
praise,ecm,0,coded,0,,1
praise,comp_interrog,0,coded,0,,1
praise,comp_gerund,0,coded,0,,1
praise,comp_small_clause,0,coded,0,,1
praise,np_comp_alt,0,coded,0,,1
praise,direct_speech,0,coded,0,,1
praise,subjunctive_comp,0,coded,0,,1
praise,comp_for_to,0,coded,0,,1
praise,comp_bare_inf,0,coded,0,,1
praise,comp_exclamative,0,coded,0,,1
praise,comp_poss_ing,0,coded,0,,1
praise,extraposition,0,coded,0,,1
praise,raising,0,coded,0,,1
praise,ditransitive,0,coded,0,,1
praise,factive_passive,0,coded,0,,1
praise,neg_raising,0,coded,0,,1
praise,weak_island,0,coded,0,,1
praise,pro_complement,0,coded,0,,1
praise,npi_licenser,0,coded,0,,1
praise,stative,1,coded,0,,1
praise,content_noun_fact,0,coded,0,,1
praise,derived_nominal,0,coded,0,,1
praise,phrasal,0,lexical,0,,
praise,be_copula,0,lexical,0,,
pray,that_omission,1,coded,0,,1
pray,comp_inf,1,coded,0,,1
pray,ecm,0,coded,0,,1
pray,comp_interrog,0,coded,0,,1
pray,comp_gerund,0,coded,0,,1
pray,comp_small_clause,0,coded,0,,1
pray,np_comp_alt,0,coded,0,,1
pray,direct_speech,0,coded,0,,1
pray,subjunctive_comp,0,coded,0,,1
pray,comp_for_to,1,coded,0,,1
pray,comp_bare_inf,0,coded,0,,1
pray,comp_exclamative,0,coded,0,,1
pray,comp_poss_ing,0,coded,0,,1
pray,extraposition,0,coded,0,,1
pray,raising,0,coded,0,,1
pray,ditransitive,0,coded,0,,1
pray,factive_passive,0,coded,0,,1
pray,neg_raising,0,coded,0,,1
pray,weak_island,0,coded,0,,1
pray,pro_complement,0,coded,0,,1
pray,npi_licenser,0,coded,0,,1
pray,stative,1,coded,0,,1
pray,content_noun_fact,0,coded,0,,1
pray,derived_nominal,0,coded,0,,1
pray,phrasal,0,lexical,0,,
pray,be_copula,0,lexical,0,,
preach,that_omission,1,coded,0,,1
preach,comp_inf,1,coded,0,,1
preach,ecm,0,coded,0,,1
preach,comp_interrog,0,coded,0,,1
preach,comp_gerund,0,coded,0,,1
preach,comp_small_clause,0,coded,0,,1
preach,np_comp_alt,0,coded,0,,1
preach,direct_speech,1,coded,0,,1
preach,subjunctive_comp,0,coded,0,,1
preach,comp_for_to,0,coded,0,,1
preach,comp_bare_inf,0,coded,0,,1
preach,comp_exclamative,0,coded,0,,1
preach,comp_poss_ing,0,coded,0,,1
preach,extraposition,0,coded,0,,1
preach,raising,0,coded,0,,1
preach,ditransitive,0,coded,0,,1
preach,factive_passive,0,coded,0,,1
preach,neg_raising,0,coded,0,,1
preach,weak_island,0,coded,0,,1
preach,pro_complement,0,coded,0,,1
preach,npi_licenser,0,coded,0,,1
preach,stative,1,coded,0,,1
preach,content_noun_fact,0,coded,0,,1
preach,derived_nominal,0,coded,0,,1
preach,phrasal,0,lexical,0,,
preach,be_copula,0,lexical,0,,
prejudge,that_omission,1,coded,0,,1
prejudge,comp_inf,0,coded,0,,1
prejudge,ecm,0,coded,0,,1
prejudge,comp_interrog,0,coded,0,,1
prejudge,comp_gerund,0,coded,0,,1
prejudge,comp_small_clause,0,coded,0,,1
prejudge,np_comp_alt,0,coded,0,,1
prejudge,direct_speech,0,coded,0,,1
prejudge,subjunctive_comp,0,coded,0,,1
prejudge,comp_for_to,0,coded,0,,1
prejudge,comp_bare_inf,0,coded,0,,1
prejudge,comp_exclamative,0,coded,0,,1
prejudge,comp_poss_ing,0,coded,0,,1
prejudge,extraposition,0,coded,0,,1
prejudge,raising,0,coded,0,,1
prejudge,ditransitive,0,coded,0,,1
prejudge,factive_passive,0,coded,0,,1
prejudge,neg_raising,0,coded,0,,1
prejudge,weak_island,0,coded,0,,1
prejudge,pro_complement,0,coded,0,,1
prejudge,npi_licenser,0,coded,0,,1
prejudge,stative,1,coded,0,,1
prejudge,content_noun_fact,0,coded,0,,1
prejudge,derived_nominal,0,coded,0,,1
prejudge,phrasal,0,lexical,0,,
prejudge,be_copula,0,lexical,0,,
presume,that_omission,1,coded,0,,1
presume,comp_inf,1,coded,0,,1
presume,ecm,0,coded,0,,1
presume,comp_interrog,0,coded,0,,1
presume,comp_gerund,0,coded,0,,1
presume,comp_small_clause,0,coded,0,,1
presume,np_comp_alt,1,coded,0,,1
presume,direct_speech,0,coded,0,,1
presume,subjunctive_comp,0,coded,0,,1
presume,comp_for_to,0,coded,0,,1
presume,comp_bare_inf,0,coded,0,,1
presume,comp_exclamative,0,coded,0,,1
presume,comp_poss_ing,0,coded,0,,1
presume,extraposition,0,coded,0,,1
presume,raising,0,coded,0,,1
presume,ditransitive,0,coded,0,,1
presume,factive_passive,0,coded,0,,1
presume,neg_raising,0,coded,0,,1
presume,weak_island,0,coded,0,,1
presume,pro_complement,0,coded,0,,1
presume,npi_licenser,0,coded,0,,1
presume,stative,1,coded,0,,1
presume,content_noun_fact,0,coded,0,,1
presume,derived_nominal,1,coded,0,,1
presume,phrasal,0,lexical,0,,
presume,be_copula,0,lexical,0,,
presuppose,that_omission,1,coded,0,,1
presuppose,comp_inf,0,coded,0,,1
presuppose,ecm,0,coded,0,,1
presuppose,comp_interrog,0,coded,0,,1
presuppose,comp_gerund,0,coded,0,,1
presuppose,comp_small_clause,0,coded,0,,1
presuppose,np_comp_alt,0,coded,0,,1
presuppose,direct_speech,0,coded,0,,1
presuppose,subjunctive_comp,0,coded,0,,1
presuppose,comp_for_to,0,coded,0,,1
presuppose,comp_bare_inf,0,coded,0,,1
presuppose,comp_exclamative,0,coded,0,,1
presuppose,comp_poss_ing,0,coded,0,,1
presuppose,extraposition,0,coded,0,,1
presuppose,raising,0,coded,0,,1
presuppose,ditransitive,0,coded,0,,1
presuppose,factive_passive,0,coded,0,,1
presuppose,neg_raising,0,coded,0,,1
presuppose,weak_island,0,coded,0,,1
presuppose,pro_complement,1,coded,0,,1
presuppose,npi_licenser,0,coded,0,,1
presuppose,stative,1,coded,0,,1
presuppose,content_noun_fact,0,coded,0,,1
presuppose,derived_nominal,0,coded,0,,1
presuppose,phrasal,0,lexical,0,,
presuppose,be_copula,0,lexical,0,,
proclaim,that_omission,1,coded,0,,1
proclaim,comp_inf,1,coded,0,,1
proclaim,ecm,0,coded,0,,1
proclaim,comp_interrog,0,coded,0,,1
proclaim,comp_gerund,0,coded,0,,1
proclaim,comp_small_clause,0,coded,0,,1
proclaim,np_comp_alt,0,coded,0,,1
proclaim,direct_speech,1,coded,0,,1
proclaim,subjunctive_comp,0,coded,0,,1
proclaim,comp_for_to,0,coded,0,,1
proclaim,comp_bare_inf,0,coded,0,,1
proclaim,comp_exclamative,0,coded,0,,1
proclaim,comp_poss_ing,0,coded,0,,1
proclaim,extraposition,0,coded,0,,1
proclaim,raising,0,coded,0,,1
proclaim,ditransitive,0,coded,0,,1
proclaim,factive_passive,0,coded,0,,1
proclaim,neg_raising,0,coded,0,,1
proclaim,weak_island,0,coded,0,,1
proclaim,pro_complement,0,coded,0,,1
proclaim,npi_licenser,0,coded,0,,1
proclaim,stative,1,coded,0,,1
proclaim,content_noun_fact,0,coded,0,,1
proclaim,derived_nominal,1,coded,0,,1
proclaim,phrasal,0,lexical,0,,
proclaim,be_copula,0,lexical,0,,
promise,that_omission,1,coded,0,,1
promise,comp_inf,1,coded,0,,1
promise,ecm,0,coded,0,,1
promise,comp_interrog,0,coded,0,,1
promise,comp_gerund,0,coded,0,,1
promise,comp_small_clause,1,coded,0,,1
promise,np_comp_alt,1,coded,0,,1
promise,direct_speech,1,coded,0,,1
promise,subjunctive_comp,0,coded,0,,1
promise,comp_for_to,0,coded,0,,1
promise,comp_bare_inf,0,coded,0,,1
promise,comp_exclamative,0,coded,0,,1
promise,comp_poss_ing,0,coded,0,,1
promise,extraposition,0,coded,0,,1
promise,raising,0,coded,0,,1
promise,ditransitive,1,coded,0,,1
promise,factive_passive,0,coded,0,,1
promise,neg_raising,0,coded,0,,1
promise,weak_island,0,coded,0,,1
promise,pro_complement,0,coded,0,,1
promise,npi_licenser,0,coded,0,,1
promise,stative,1,coded,0,,1
promise,content_noun_fact,0,coded,0,,1
promise,derived_nominal,1,coded,0,,1
promise,phrasal,0,lexical,0,,
promise,be_copula,0,lexical,0,,
prophesy,that_omission,1,coded,0,,1
prophesy,comp_inf,1,coded,0,,1
prophesy,ecm,0,coded,0,,1
prophesy,comp_interrog,0,coded,0,,1
prophesy,comp_gerund,0,coded,0,,1
prophesy,comp_small_clause,0,coded,0,,1
prophesy,np_comp_alt,0,coded,0,,1
prophesy,direct_speech,1,coded,0,,1
prophesy,subjunctive_comp,0,coded,0,,1
prophesy,comp_for_to,0,coded,0,,1
prophesy,comp_bare_inf,0,coded,0,,1
prophesy,comp_exclamative,0,coded,0,,1
prophesy,comp_poss_ing,0,coded,0,,1
prophesy,extraposition,0,coded,0,,1
prophesy,raising,0,coded,0,,1
prophesy,ditransitive,0,coded,0,,1
prophesy,factive_passive,0,coded,0,,1
prophesy,neg_raising,0,coded,0,,1
prophesy,weak_island,0,coded,0,,1
prophesy,pro_complement,0,coded,0,,1
prophesy,npi_licenser,0,coded,0,,1
prophesy,stative,1,coded,0,,1
prophesy,content_noun_fact,0,coded,0,,1
prophesy,derived_nominal,0,coded,0,,1
prophesy,phrasal,0,lexical,0,,
prophesy,be_copula,0,lexical,0,,
propose,that_omission,1,coded,0,,1
propose,comp_inf,1,coded,0,,1
propose,ecm,0,coded,0,,1
propose,comp_interrog,0,coded,0,,1
propose,comp_gerund,1,coded,0,,1
propose,comp_small_clause,1,coded,0,,1
propose,np_comp_alt,0,coded,0,,1
propose,direct_speech,0,coded,0,,1
propose,subjunctive_comp,1,coded,0,,1
propose,comp_for_to,0,coded,0,,1
propose,comp_bare_inf,0,coded,0,,1
propose,comp_exclamative,0,coded,0,,1
propose,comp_poss_ing,1,coded,0,,1
propose,extraposition,0,coded,0,,1
propose,raising,0,coded,0,,1
propose,ditransitive,0,coded,0,,1
propose,factive_passive,0,coded,0,,1
propose,neg_raising,0,coded,0,,1
propose,weak_island,0,coded,0,,1
propose,pro_complement,0,coded,0,,1
propose,npi_licenser,0,coded,0,,1
propose,stative,1,coded,0,,1
propose,content_noun_fact,0,coded,0,,1
propose,derived_nominal,1,coded,0,,1
propose,phrasal,0,lexical,0,,
propose,be_copula,0,lexical,0,,
publicize,that_omission,1,coded,0,,1
publicize,comp_inf,0,coded,0,,1
publicize,ecm,0,coded,0,,1
publicize,comp_interrog,0,coded,0,,1
publicize,comp_gerund,0,coded,0,,1
publicize,comp_small_clause,0,coded,0,,1
publicize,np_comp_alt,0,coded,0,,1
publicize,direct_speech,0,coded,0,,1
publicize,subjunctive_comp,0,coded,0,,1
publicize,comp_for_to,0,coded,0,,1
publicize,comp_bare_inf,0,coded,0,,1
publicize,comp_exclamative,0,coded,0,,1
publicize,comp_poss_ing,0,coded,0,,1
publicize,extraposition,0,coded,0,,1
publicize,raising,0,coded,0,,1
publicize,ditransitive,0,coded,0,,1
publicize,factive_passive,0,coded,0,,1
publicize,neg_raising,0,coded,0,,1
publicize,weak_island,0,coded,0,,1
publicize,pro_complement,0,coded,0,,1
publicize,npi_licenser,0,coded,0,,1
publicize,stative,1,coded,0,,1
publicize,content_noun_fact,0,coded,0,,1
publicize,derived_nominal,0,coded,0,,1
publicize,phrasal,0,lexical,0,,
publicize,be_copula,0,lexical,0,,
publish,that_omission,1,coded,0,,1
publish,comp_inf,0,coded,0,,1
publish,ecm,0,coded,0,,1
publish,comp_interrog,0,coded,0,,1
publish,comp_gerund,0,coded,0,,1
publish,comp_small_clause,0,coded,0,,1
publish,np_comp_alt,0,coded,0,,1
publish,direct_speech,0,coded,0,,1
publish,subjunctive_comp,0,coded,0,,1
publish,comp_for_to,0,coded,0,,1
publish,comp_bare_inf,0,coded,0,,1
publish,comp_exclamative,0,coded,0,,1
publish,comp_poss_ing,0,coded,0,,1
publish,extraposition,0,coded,0,,1
publish,raising,0,coded,0,,1
publish,ditransitive,0,coded,0,,1
publish,factive_passive,0,coded,0,,1
publish,neg_raising,0,coded,0,,1
publish,weak_island,0,coded,0,,1
publish,pro_complement,0,coded,0,,1
publish,npi_licenser,0,coded,0,,1
publish,stative,1,coded,0,,1
publish,content_noun_fact,0,coded,0,,1
publish,derived_nominal,0,coded,0,,1
publish,phrasal,0,lexical,0,,
publish,be_copula,0,lexical,0,,
puzzle,that_omission,1,coded,0,,1
puzzle,comp_inf,0,coded,0,,1
puzzle,ecm,0,coded,0,,1
puzzle,comp_interrog,0,coded,0,,1
puzzle,comp_gerund,0,coded,0,,1
puzzle,comp_small_clause,0,coded,0,,1
puzzle,np_comp_alt,0,coded,0,,1
puzzle,direct_speech,0,coded,0,,1
puzzle,subjunctive_comp,0,coded,0,,1
puzzle,comp_for_to,0,coded,0,,1
puzzle,comp_bare_inf,0,coded,0,,1
puzzle,comp_exclamative,0,coded,0,,1
puzzle,comp_poss_ing,0,coded,0,,1
puzzle,extraposition,1,coded,0,,1
puzzle,raising,0,coded,0,,1
puzzle,ditransitive,0,coded,0,,1
puzzle,factive_passive,1,coded,0,,1
puzzle,neg_raising,0,coded,0,,1
puzzle,weak_island,1,coded,0,,1
puzzle,pro_complement,0,coded,0,,1
puzzle,npi_licenser,0,coded,0,,1
puzzle,stative,1,coded,0,,1
puzzle,content_noun_fact,0,coded,0,,1
puzzle,derived_nominal,0,coded,0,,1
puzzle,phrasal,0,lexical,0,,
puzzle,be_copula,0,lexical,0,,
quarrel,that_omission,1,coded,0,,1
quarrel,comp_inf,0,coded,0,,1
quarrel,ecm,0,coded,0,,1
quarrel,comp_interrog,0,coded,0,,1
quarrel,comp_gerund,0,coded,0,,1
quarrel,comp_small_clause,0,coded,0,,1
quarrel,np_comp_alt,0,coded,0,,1
quarrel,direct_speech,0,coded,0,,1
quarrel,subjunctive_comp,0,coded,0,,1
quarrel,comp_for_to,0,coded,0,,1
quarrel,comp_bare_inf,0,coded,0,,1
quarrel,comp_exclamative,0,coded,0,,1
quarrel,comp_poss_ing,0,coded,0,,1
quarrel,extraposition,0,coded,0,,1
quarrel,raising,0,coded,0,,1
quarrel,ditransitive,0,coded,0,,1
quarrel,factive_passive,0,coded,0,,1
quarrel,neg_raising,0,coded,0,,1
quarrel,weak_island,0,coded,0,,1
quarrel,pro_complement,0,coded,0,,1
quarrel,npi_licenser,0,coded,0,,1
quarrel,stative,1,coded,0,,1
quarrel,content_noun_fact,0,coded,0,,1
quarrel,derived_nominal,0,coded,0,,1
quarrel,phrasal,0,lexical,0,,
quarrel,be_copula,0,lexical,0,,
question,that_omission,1,coded,0,,1
question,comp_inf,1,coded,0,,1
question,ecm,0,coded,0,,1
question,comp_interrog,0,coded,0,,1
question,comp_gerund,0,coded,0,,1
question,comp_small_clause,0,coded,0,,1
question,np_comp_alt,0,coded,0,,1
question,direct_speech,0,coded,0,,1
question,subjunctive_comp,0,coded,0,,1
question,comp_for_to,0,coded,0,,1
question,comp_bare_inf,0,coded,0,,1
question,comp_exclamative,0,coded,0,,1
question,comp_poss_ing,0,coded,0,,1
question,extraposition,0,coded,0,,1
question,raising,0,coded,0,,1
question,ditransitive,0,coded,0,,1
question,factive_passive,0,coded,0,,1
question,neg_raising,0,coded,0,,1
question,weak_island,0,coded,0,,1
question,pro_complement,0,coded,0,,1
question,npi_licenser,0,coded,0,,1
question,stative,1,coded,0,,1
question,content_noun_fact,0,coded,0,,1
question,derived_nominal,0,coded,0,,1
question,phrasal,0,lexical,0,,
question,be_copula,0,lexical,0,,
quip,that_omission,1,coded,0,,1
quip,comp_inf,0,coded,0,,1
quip,ecm,0,coded,0,,1
quip,comp_interrog,0,coded,0,,1
quip,comp_gerund,0,coded,0,,1
quip,comp_small_clause,0,coded,0,,1
quip,np_comp_alt,0,coded,0,,1
quip,direct_speech,1,coded,0,,1
quip,subjunctive_comp,0,coded,0,,1
quip,comp_for_to,0,coded,0,,1
quip,comp_bare_inf,0,coded,0,,1
quip,comp_exclamative,0,coded,0,,1
quip,comp_poss_ing,0,coded,0,,1
quip,extraposition,0,coded,0,,1
quip,raising,0,coded,0,,1
quip,ditransitive,0,coded,0,,1
quip,factive_passive,0,coded,0,,1
quip,neg_raising,0,coded,0,,1
quip,weak_island,0,coded,0,,1
quip,pro_complement,0,coded,0,,1
quip,npi_licenser,0,coded,0,,1
quip,stative,1,coded,0,,1
quip,content_noun_fact,0,coded,0,,1
quip,derived_nominal,0,coded,0,,1
quip,phrasal,0,lexical,0,,
quip,be_copula,0,lexical,0,,
quote,that_omission,1,coded,0,,1
quote,comp_inf,1,coded,0,,1
quote,ecm,0,coded,0,,1
quote,comp_interrog,0,coded,0,,1
quote,comp_gerund,0,coded,0,,1
quote,comp_small_clause,0,coded,0,,1
quote,np_comp_alt,0,coded,0,,1
quote,direct_speech,0,coded,0,,1
quote,subjunctive_comp,0,coded,0,,1
quote,comp_for_to,0,coded,0,,1
quote,comp_bare_inf,0,coded,0,,1
quote,comp_exclamative,0,coded,0,,1
quote,comp_poss_ing,0,coded,0,,1
quote,extraposition,0,coded,0,,1
quote,raising,0,coded,0,,1
quote,ditransitive,0,coded,0,,1
quote,factive_passive,0,coded,0,,1
quote,neg_raising,0,coded,0,,1
quote,weak_island,0,coded,0,,1
quote,pro_complement,0,coded,0,,1
quote,npi_licenser,0,coded,0,,1
quote,stative,1,coded,0,,1
quote,content_noun_fact,0,coded,0,,1
quote,derived_nominal,0,coded,0,,1
quote,phrasal,0,lexical,0,,
quote,be_copula,0,lexical,0,,
radio,that_omission,1,coded,0,,1
radio,comp_inf,1,coded,0,,1
radio,ecm,0,coded,0,,1
radio,comp_interrog,0,coded,0,,1
radio,comp_gerund,0,coded,0,,1
radio,comp_small_clause,1,coded,0,,1
radio,np_comp_alt,0,coded,0,,1
radio,direct_speech,0,coded,0,,1
radio,subjunctive_comp,0,coded,0,,1
radio,comp_for_to,0,coded,0,,1
radio,comp_bare_inf,0,coded,0,,1
radio,comp_exclamative,0,coded,0,,1
radio,comp_poss_ing,0,coded,0,,1
radio,extraposition,0,coded,0,,1
radio,raising,0,coded,0,,1
radio,ditransitive,0,coded,0,,1
radio,factive_passive,0,coded,0,,1
radio,neg_raising,0,coded,0,,1
radio,weak_island,0,coded,0,,1
radio,pro_complement,0,coded,0,,1
radio,npi_licenser,0,coded,0,,1
radio,stative,1,coded,0,,1
radio,content_noun_fact,0,coded,0,,1
radio,derived_nominal,0,coded,0,,1
radio,phrasal,0,lexical,0,,
radio,be_copula,0,lexical,0,,
rant,that_omission,1,coded,0,,1
rant,comp_inf,1,coded,0,,1
rant,ecm,0,coded,0,,1
rant,comp_interrog,0,coded,0,,1
rant,comp_gerund,0,coded,0,,1
rant,comp_small_clause,0,coded,0,,1
rant,np_comp_alt,0,coded,0,,1
rant,direct_speech,1,coded,0,,1
rant,subjunctive_comp,0,coded,0,,1
rant,comp_for_to,0,coded,0,,1
rant,comp_bare_inf,0,coded,0,,1
rant,comp_exclamative,0,coded,0,,1
rant,comp_poss_ing,0,coded,0,,1
rant,extraposition,0,coded,0,,1
rant,raising,0,coded,0,,1
rant,ditransitive,0,coded,0,,1
rant,factive_passive,0,coded,0,,1
rant,neg_raising,0,coded,0,,1
rant,weak_island,0,coded,0,,1
rant,pro_complement,0,coded,0,,1
rant,npi_licenser,0,coded,0,,1
rant,stative,1,coded,0,,1
rant,content_noun_fact,0,coded,0,,1
rant,derived_nominal,0,coded,0,,1
rant,phrasal,0,lexical,0,,
rant,be_copula,0,lexical,0,,
rationalize,that_omission,1,coded,0,,1
rationalize,comp_inf,0,coded,0,,1
rationalize,ecm,0,coded,0,,1
rationalize,comp_interrog,0,coded,0,,1
rationalize,comp_gerund,0,coded,0,,1
rationalize,comp_small_clause,0,coded,0,,1
rationalize,np_comp_alt,0,coded,0,,1
rationalize,direct_speech,0,coded,0,,1
rationalize,subjunctive_comp,0,coded,0,,1
rationalize,comp_for_to,0,coded,0,,1
rationalize,comp_bare_inf,0,coded,0,,1
rationalize,comp_exclamative,0,coded,0,,1
rationalize,comp_poss_ing,0,coded,0,,1
rationalize,extraposition,0,coded,0,,1
rationalize,raising,0,coded,0,,1
rationalize,ditransitive,0,coded,0,,1
rationalize,factive_passive,0,coded,0,,1
rationalize,neg_raising,0,coded,0,,1
rationalize,weak_island,0,coded,0,,1
rationalize,pro_complement,0,coded,0,,1
rationalize,npi_licenser,0,coded,0,,1
rationalize,stative,1,coded,0,,1
rationalize,content_noun_fact,0,coded,0,,1
rationalize,derived_nominal,0,coded,0,,1
rationalize,phrasal,0,lexical,0,,
rationalize,be_copula,0,lexical,0,,
rave,that_omission,1,coded,0,,1
rave,comp_inf,0,coded,0,,1
rave,ecm,0,coded,0,,1
rave,comp_interrog,0,coded,0,,1
rave,comp_gerund,0,coded,0,,1
rave,comp_small_clause,0,coded,0,,1
rave,np_comp_alt,0,coded,0,,1
rave,direct_speech,1,coded,0,,1
rave,subjunctive_comp,0,coded,0,,1
rave,comp_for_to,0,coded,0,,1
rave,comp_bare_inf,0,coded,0,,1
rave,comp_exclamative,0,coded,0,,1
rave,comp_poss_ing,0,coded,0,,1
rave,extraposition,0,coded,0,,1
rave,raising,0,coded,0,,1
rave,ditransitive,0,coded,0,,1
rave,factive_passive,0,coded,0,,1
rave,neg_raising,0,coded,0,,1
rave,weak_island,0,coded,0,,1
rave,pro_complement,0,coded,0,,1
rave,npi_licenser,0,coded,0,,1
rave,stative,1,coded,0,,1
rave,content_noun_fact,0,coded,0,,1
rave,derived_nominal,0,coded,0,,1
rave,phrasal,0,lexical,0,,
rave,be_copula,0,lexical,0,,
read,that_omission,1,coded,0,,1
read,comp_inf,0,coded,0,,1
read,ecm,0,coded,0,,1
read,comp_interrog,0,coded,0,,1
read,comp_gerund,0,coded,0,,1
read,comp_small_clause,0,coded,0,,1
read,np_comp_alt,0,coded,0,,1
read,direct_speech,0,coded,0,,1
read,subjunctive_comp,0,coded,0,,1
read,comp_for_to,0,coded,0,,1
read,comp_bare_inf,0,coded,0,,1
read,comp_exclamative,0,coded,0,,1
read,comp_poss_ing,0,coded,0,,1
read,extraposition,0,coded,0,,1
read,raising,0,coded,0,,1
read,ditransitive,0,coded,0,,1
read,factive_passive,0,coded,0,,1
read,neg_raising,0,coded,0,,1
read,weak_island,0,coded,0,,1
read,pro_complement,0,coded,0,,1
read,npi_licenser,0,coded,0,,1
read,stative,1,coded,0,,1
read,content_noun_fact,0,coded,0,,1
read,derived_nominal,0,coded,0,,1
read,phrasal,0,lexical,0,,
read,be_copula,0,lexical,0,,
reaffirm,that_omission,1,coded,0,,1
reaffirm,comp_inf,1,coded,0,,1
reaffirm,ecm,0,coded,0,,1
reaffirm,comp_interrog,0,coded,0,,1
reaffirm,comp_gerund,0,coded,0,,1
reaffirm,comp_small_clause,0,coded,0,,1
reaffirm,np_comp_alt,0,coded,0,,1
reaffirm,direct_speech,0,coded,0,,1
reaffirm,subjunctive_comp,0,coded,0,,1
reaffirm,comp_for_to,0,coded,0,,1
reaffirm,comp_bare_inf,0,coded,0,,1
reaffirm,comp_exclamative,0,coded,0,,1
reaffirm,comp_poss_ing,0,coded,0,,1
reaffirm,extraposition,0,coded,0,,1
reaffirm,raising,0,coded,0,,1
reaffirm,ditransitive,0,coded,0,,1
reaffirm,factive_passive,0,coded,0,,1
reaffirm,neg_raising,0,coded,0,,1
reaffirm,weak_island,0,coded,0,,1
reaffirm,pro_complement,0,coded,0,,1
reaffirm,npi_licenser,0,coded,0,,1
reaffirm,stative,1,coded,0,,1
reaffirm,content_noun_fact,0,coded,0,,1
reaffirm,derived_nominal,0,coded,0,,1
reaffirm,phrasal,0,lexical,0,,
reaffirm,be_copula,0,lexical,0,,
reason,that_omission,1,coded,0,,1
reason,comp_inf,0,coded,0,,1
reason,ecm,0,coded,0,,1
reason,comp_interrog,0,coded,0,,1
reason,comp_gerund,0,coded,0,,1
reason,comp_small_clause,0,coded,0,,1
reason,np_comp_alt,0,coded,0,,1
reason,direct_speech,0,coded,0,,1
reason,subjunctive_comp,0,coded,0,,1
reason,comp_for_to,0,coded,0,,1
reason,comp_bare_inf,0,coded,0,,1
reason,comp_exclamative,0,coded,0,,1
reason,comp_poss_ing,0,coded,0,,1
reason,extraposition,0,coded,0,,1
reason,raising,0,coded,0,,1
reason,ditransitive,0,coded,0,,1
reason,factive_passive,0,coded,0,,1
reason,neg_raising,1,coded,0,,1
reason,weak_island,0,coded,0,,1
reason,pro_complement,1,coded,0,,1
reason,npi_licenser,0,coded,0,,1
reason,stative,1,coded,0,,1
reason,content_noun_fact,0,coded,0,,1
reason,derived_nominal,0,coded,0,,1
reason,phrasal,0,lexical,0,,
reason,be_copula,0,lexical,0,,
reason_out,that_omission,1,coded,0,,1
reason_out,comp_inf,0,coded,0,,1
reason_out,ecm,0,coded,0,,1
reason_out,comp_interrog,0,coded,0,,1
reason_out,comp_gerund,0,coded,0,,1
reason_out,comp_small_clause,0,coded,0,,1
reason_out,np_comp_alt,0,coded,0,,1
reason_out,direct_speech,0,coded,0,,1
reason_out,subjunctive_comp,0,coded,0,,1
reason_out,comp_for_to,0,coded,0,,1
reason_out,comp_bare_inf,0,coded,0,,1
reason_out,comp_exclamative,0,coded,0,,1
reason_out,comp_poss_ing,0,coded,0,,1
reason_out,extraposition,0,coded,0,,1
reason_out,raising,0,coded,0,,1
reason_out,ditransitive,0,coded,0,,1
reason_out,factive_passive,0,coded,0,,1
reason_out,neg_raising,0,coded,0,,1
reason_out,weak_island,0,coded,0,,1
reason_out,pro_complement,1,coded,0,,1
reason_out,npi_licenser,0,coded,0,,1
reason_out,stative,1,coded,0,,1
reason_out,content_noun_fact,0,coded,0,,1
reason_out,derived_nominal,0,coded,0,,1
reason_out,phrasal,1,lexical,0,,
reason_out,be_copula,0,lexical,0,,
reassert,that_omission,1,coded,0,,1
reassert,comp_inf,0,coded,0,,1
reassert,ecm,0,coded,0,,1
reassert,comp_interrog,0,coded,0,,1
reassert,comp_gerund,0,coded,0,,1
reassert,comp_small_clause,0,coded,0,,1
reassert,np_comp_alt,0,coded,0,,1
reassert,direct_speech,0,coded,0,,1
reassert,subjunctive_comp,0,coded,0,,1
reassert,comp_for_to,0,coded,0,,1
reassert,comp_bare_inf,0,coded,0,,1
reassert,comp_exclamative,0,coded,0,,1
reassert,comp_poss_ing,0,coded,0,,1
reassert,extraposition,0,coded,0,,1
reassert,raising,0,coded,0,,1
reassert,ditransitive,0,coded,0,,1
reassert,factive_passive,0,coded,0,,1
reassert,neg_raising,0,coded,0,,1
reassert,weak_island,0,coded,0,,1
reassert,pro_complement,0,coded,0,,1
reassert,npi_licenser,0,coded,0,,1
reassert,stative,1,coded,0,,1
reassert,content_noun_fact,0,coded,0,,1
reassert,derived_nominal,0,coded,0,,1
reassert,phrasal,0,lexical,0,,
reassert,be_copula,0,lexical,0,,
reassure,that_omission,1,coded,0,,1
reassure,comp_inf,1,coded,0,,1
reassure,ecm,0,coded,0,,1
reassure,comp_interrog,0,coded,0,,1
reassure,comp_gerund,0,coded,0,,1
reassure,comp_small_clause,0,coded,0,,1
reassure,np_comp_alt,0,coded,0,,1
reassure,direct_speech,0,coded,0,,1
reassure,subjunctive_comp,0,coded,0,,1
reassure,comp_for_to,0,coded,0,,1
reassure,comp_bare_inf,0,coded,0,,1
reassure,comp_exclamative,0,coded,0,,1
reassure,comp_poss_ing,0,coded,0,,1
reassure,extraposition,0,coded,0,,1
reassure,raising,0,coded,0,,1
reassure,ditransitive,1,coded,0,,1
reassure,factive_passive,1,coded,0,,1
reassure,neg_raising,0,coded,0,,1
reassure,weak_island,0,coded,0,,1
reassure,pro_complement,0,coded,0,,1
reassure,npi_licenser,0,coded,0,,1
reassure,stative,1,coded,0,,1
reassure,content_noun_fact,0,coded,0,,1
reassure,derived_nominal,0,coded,0,,1
reassure,phrasal,0,lexical,0,,
reassure,be_copula,0,lexical,0,,
recall,that_omission,1,coded,0,,1
recall,comp_inf,1,coded,0,,1
recall,ecm,0,coded,0,,1
recall,comp_interrog,0,coded,0,,1
recall,comp_gerund,1,coded,0,,1
recall,comp_small_clause,0,coded,0,,1
recall,np_comp_alt,0,coded,0,,1
recall,direct_speech,0,coded,0,,1
recall,subjunctive_comp,0,coded,0,,1
recall,comp_for_to,0,coded,0,,1
recall,comp_bare_inf,0,coded,0,,1
recall,comp_exclamative,0,coded,0,,1
recall,comp_poss_ing,1,coded,0,,1
recall,extraposition,0,coded,0,,1
recall,raising,0,coded,0,,1
recall,ditransitive,0,coded,0,,1
recall,factive_passive,0,coded,0,,1
recall,neg_raising,0,coded,0,,1
recall,weak_island,0,coded,0,,1
recall,pro_complement,0,coded,0,,1
recall,npi_licenser,0,coded,0,,1
recall,stative,1,coded,0,,1
recall,content_noun_fact,0,coded,0,,1
recall,derived_nominal,1,coded,0,,1
recall,phrasal,0,lexical,0,,
recall,be_copula,0,lexical,0,,
recap,that_omission,1,coded,0,,1
recap,comp_inf,0,coded,0,,1
recap,ecm,0,coded,0,,1
recap,comp_interrog,0,coded,0,,1
recap,comp_gerund,0,coded,0,,1
recap,comp_small_clause,0,coded,0,,1
recap,np_comp_alt,0,coded,0,,1
recap,direct_speech,1,coded,0,,1
recap,subjunctive_comp,0,coded,0,,1
recap,comp_for_to,0,coded,0,,1
recap,comp_bare_inf,0,coded,0,,1
recap,comp_exclamative,0,coded,0,,1
recap,comp_poss_ing,0,coded,0,,1
recap,extraposition,0,coded,0,,1
recap,raising,0,coded,0,,1
recap,ditransitive,0,coded,0,,1
recap,factive_passive,0,coded,0,,1
recap,neg_raising,0,coded,0,,1
recap,weak_island,0,coded,0,,1
recap,pro_complement,0,coded,0,,1
recap,npi_licenser,0,coded,0,,1
recap,stative,1,coded,0,,1
recap,content_noun_fact,0,coded,0,,1
recap,derived_nominal,0,coded,0,,1
recap,phrasal,0,lexical,0,,
recap,be_copula,0,lexical,0,,
reckon,that_omission,1,coded,0,,1
reckon,comp_inf,0,coded,0,,1
reckon,ecm,0,coded,0,,1
reckon,comp_interrog,0,coded,0,,1
reckon,comp_gerund,0,coded,0,,1
reckon,comp_small_clause,0,coded,0,,1
reckon,np_comp_alt,0,coded,0,,1
reckon,direct_speech,0,coded,0,,1
reckon,subjunctive_comp,0,coded,0,,1
reckon,comp_for_to,0,coded,0,,1
reckon,comp_bare_inf,0,coded,0,,1
reckon,comp_exclamative,0,coded,0,,1
reckon,comp_poss_ing,0,coded,0,,1
reckon,extraposition,0,coded,0,,1
reckon,raising,0,coded,0,,1
reckon,ditransitive,0,coded,0,,1
reckon,factive_passive,0,coded,0,,1
reckon,neg_raising,1,coded,0,,1
reckon,weak_island,0,coded,0,,1
reckon,pro_complement,1,coded,0,,1
reckon,npi_licenser,0,coded,0,,1
reckon,stative,1,coded,0,,1
reckon,content_noun_fact,0,coded,0,,1
reckon,derived_nominal,0,coded,0,,1
reckon,phrasal,0,lexical,0,,
reckon,be_copula,0,lexical,0,,
recollect,that_omission,1,coded,0,,1
recollect,comp_inf,0,coded,0,,1
recollect,ecm,0,coded,0,,1
recollect,comp_interrog,1,coded,0,,1
recollect,comp_gerund,1,coded,0,,1
recollect,comp_small_clause,0,coded,0,,1
recollect,np_comp_alt,0,coded,0,,1
recollect,direct_speech,0,coded,0,,1
recollect,subjunctive_comp,0,coded,0,,1
recollect,comp_for_to,0,coded,0,,1
recollect,comp_bare_inf,0,coded,0,,1
recollect,comp_exclamative,0,coded,0,,1
recollect,comp_poss_ing,1,coded,0,,1
recollect,extraposition,0,coded,0,,1
recollect,raising,0,coded,0,,1
recollect,ditransitive,0,coded,0,,1
recollect,factive_passive,0,coded,0,,1
recollect,neg_raising,0,coded,0,,1
recollect,weak_island,0,coded,0,,1
recollect,pro_complement,1,coded,0,,1
recollect,npi_licenser,0,coded,0,,1
recollect,stative,1,coded,0,,1
recollect,content_noun_fact,0,coded,0,,1
recollect,derived_nominal,0,coded,0,,1
recollect,phrasal,0,lexical,0,,
recollect,be_copula,0,lexical,0,,
reconsider,that_omission,1,coded,0,,1
reconsider,comp_inf,0,coded,0,,1
reconsider,ecm,0,coded,0,,1
reconsider,comp_interrog,0,coded,0,,1
reconsider,comp_gerund,1,coded,0,,1
reconsider,comp_small_clause,0,coded,0,,1
reconsider,np_comp_alt,0,coded,0,,1
reconsider,direct_speech,0,coded,0,,1
reconsider,subjunctive_comp,0,coded,0,,1
reconsider,comp_for_to,0,coded,0,,1
reconsider,comp_bare_inf,0,coded,0,,1
reconsider,comp_exclamative,0,coded,0,,1
reconsider,comp_poss_ing,1,coded,0,,1
reconsider,extraposition,0,coded,0,,1
reconsider,raising,0,coded,0,,1
reconsider,ditransitive,0,coded,0,,1
reconsider,factive_passive,0,coded,0,,1
reconsider,neg_raising,0,coded,0,,1
reconsider,weak_island,0,coded,0,,1
reconsider,pro_complement,1,coded,0,,1
reconsider,npi_licenser,0,coded,0,,1
reconsider,stative,1,coded,0,,1
reconsider,content_noun_fact,0,coded,0,,1
reconsider,derived_nominal,0,coded,0,,1
reconsider,phrasal,0,lexical,0,,
reconsider,be_copula,0,lexical,0,,
record,that_omission,1,coded,0,,1
record,comp_inf,0,coded,0,,1
record,ecm,0,coded,0,,1
record,comp_interrog,0,coded,0,,1
record,comp_gerund,0,coded,0,,1
record,comp_small_clause,0,coded,0,,1
record,np_comp_alt,0,coded,0,,1
record,direct_speech,0,coded,0,,1
record,subjunctive_comp,0,coded,0,,1
record,comp_for_to,0,coded,0,,1
record,comp_bare_inf,0,coded,0,,1
record,comp_exclamative,0,coded,0,,1
record,comp_poss_ing,0,coded,0,,1
record,extraposition,0,coded,0,,1
record,raising,0,coded,0,,1
record,ditransitive,0,coded,0,,1
record,factive_passive,0,coded,0,,1
record,neg_raising,0,coded,0,,1
record,weak_island,0,coded,0,,1
record,pro_complement,0,coded,0,,1
record,npi_licenser,0,coded,0,,1
record,stative,1,coded,0,,1
record,content_noun_fact,1,coded,0,,1
record,derived_nominal,0,coded,0,,1
record,phrasal,0,lexical,0,,
record,be_copula,0,lexical,0,,
rediscover,that_omission,1,coded,0,,1
rediscover,comp_inf,0,coded,0,,1
rediscover,ecm,0,coded,0,,1
rediscover,comp_interrog,0,coded,0,,1
rediscover,comp_gerund,0,coded,0,,1
rediscover,comp_small_clause,0,coded,0,,1
rediscover,np_comp_alt,0,coded,0,,1
rediscover,direct_speech,0,coded,0,,1
rediscover,subjunctive_comp,0,coded,0,,1
rediscover,comp_for_to,0,coded,0,,1
rediscover,comp_bare_inf,0,coded,0,,1
rediscover,comp_exclamative,0,coded,0,,1
rediscover,comp_poss_ing,0,coded,0,,1
rediscover,extraposition,0,coded,0,,1
rediscover,raising,0,coded,0,,1
rediscover,ditransitive,0,coded,0,,1
rediscover,factive_passive,0,coded,0,,1
rediscover,neg_raising,0,coded,0,,1
rediscover,weak_island,0,coded,0,,1
rediscover,pro_complement,1,coded,0,,1
rediscover,npi_licenser,0,coded,0,,1
rediscover,stative,1,coded,0,,1
rediscover,content_noun_fact,0,coded,0,,1
rediscover,derived_nominal,0,coded,0,,1
rediscover,phrasal,0,lexical,0,,
rediscover,be_copula,0,lexical,0,,
reiterate,that_omission,1,coded,0,,1
reiterate,comp_inf,0,coded,0,,1
reiterate,ecm,0,coded,0,,1
reiterate,comp_interrog,0,coded,0,,1
reiterate,comp_gerund,0,coded,0,,1
reiterate,comp_small_clause,0,coded,0,,1
reiterate,np_comp_alt,0,coded,0,,1
reiterate,direct_speech,1,coded,0,,1
reiterate,subjunctive_comp,0,coded,0,,1
reiterate,comp_for_to,0,coded,0,,1
reiterate,comp_bare_inf,0,coded,0,,1
reiterate,comp_exclamative,0,coded,0,,1
reiterate,comp_poss_ing,0,coded,0,,1
reiterate,extraposition,0,coded,0,,1
reiterate,raising,0,coded,0,,1
reiterate,ditransitive,0,coded,0,,1
reiterate,factive_passive,0,coded,0,,1
reiterate,neg_raising,0,coded,0,,1
reiterate,weak_island,0,coded,0,,1
reiterate,pro_complement,0,coded,0,,1
reiterate,npi_licenser,0,coded,0,,1
reiterate,stative,1,coded,0,,1
reiterate,content_noun_fact,0,coded,0,,1
reiterate,derived_nominal,0,coded,0,,1
reiterate,phrasal,0,lexical,0,,
reiterate,be_copula,0,lexical,0,,
relate,that_omission,1,coded,0,,1
relate,comp_inf,0,coded,0,,1
relate,ecm,0,coded,0,,1
relate,comp_interrog,0,coded,0,,1
relate,comp_gerund,0,coded,0,,1
relate,comp_small_clause,0,coded,0,,1
relate,np_comp_alt,0,coded,0,,1
relate,direct_speech,0,coded,0,,1
relate,subjunctive_comp,0,coded,0,,1
relate,comp_for_to,0,coded,0,,1
relate,comp_bare_inf,0,coded,0,,1
relate,comp_exclamative,0,coded,0,,1
relate,comp_poss_ing,0,coded,0,,1
relate,extraposition,0,coded,0,,1
relate,raising,0,coded,0,,1
relate,ditransitive,0,coded,0,,1
relate,factive_passive,0,coded,0,,1
relate,neg_raising,0,coded,0,,1
relate,weak_island,0,coded,0,,1
relate,pro_complement,0,coded,0,,1
relate,npi_licenser,0,coded,0,,1
relate,stative,1,coded,0,,1
relate,content_noun_fact,0,coded,0,,1
relate,derived_nominal,0,coded,0,,1
relate,phrasal,0,lexical,0,,
relate,be_copula,0,lexical,0,,
relieve,that_omission,1,coded,0,,1
relieve,comp_inf,1,coded,0,,1
relieve,ecm,0,coded,0,,1
relieve,comp_interrog,0,coded,0,,1
relieve,comp_gerund,0,coded,0,,1
relieve,comp_small_clause,0,coded,0,,1
relieve,np_comp_alt,0,coded,0,,1
relieve,direct_speech,0,coded,0,,1
relieve,subjunctive_comp,0,coded,0,,1
relieve,comp_for_to,0,coded,0,,1
relieve,comp_bare_inf,0,coded,0,,1
relieve,comp_exclamative,0,coded,0,,1
relieve,comp_poss_ing,0,coded,0,,1
relieve,extraposition,0,coded,0,,1
relieve,raising,0,coded,0,,1
relieve,ditransitive,0,coded,0,,1
relieve,factive_passive,0,coded,0,,1
relieve,neg_raising,0,coded,0,,1
relieve,weak_island,1,coded,0,,1
relieve,pro_complement,0,coded,0,,1
relieve,npi_licenser,0,coded,0,,1
relieve,stative,1,coded,0,,1
relieve,content_noun_fact,1,coded,0,,1
relieve,derived_nominal,0,coded,0,,1
relieve,phrasal,0,lexical,0,,
relieve,be_copula,0,lexical,0,,
relish,that_omission,0,coded,0,,1
relish,comp_inf,0,coded,0,,1
relish,ecm,0,coded,0,,1
relish,comp_interrog,0,coded,0,,1
relish,comp_gerund,1,coded,0,,1
relish,comp_small_clause,0,coded,0,,1
relish,np_comp_alt,0,coded,0,,1
relish,direct_speech,0,coded,0,,1
relish,subjunctive_comp,0,coded,0,,1
relish,comp_for_to,0,coded,0,,1
relish,comp_bare_inf,0,coded,0,,1
relish,comp_exclamative,0,coded,0,,1
relish,comp_poss_ing,1,coded,0,,1
relish,extraposition,0,coded,0,,1
relish,raising,0,coded,0,,1
relish,ditransitive,0,coded,0,,1
relish,factive_passive,0,coded,0,,1
relish,neg_raising,0,coded,0,,1
relish,weak_island,1,coded,0,,1
relish,pro_complement,0,coded,0,,1
relish,npi_licenser,0,coded,0,,1
relish,stative,1,coded,0,,1
relish,content_noun_fact,1,coded,0,,1
relish,derived_nominal,0,coded,0,,1
relish,phrasal,0,lexical,0,,
relish,be_copula,0,lexical,0,,
remark,that_omission,1,coded,0,,1
remark,comp_inf,0,coded,0,,1
remark,ecm,0,coded,0,,1
remark,comp_interrog,0,coded,0,,1
remark,comp_gerund,0,coded,0,,1
remark,comp_small_clause,0,coded,0,,1
remark,np_comp_alt,0,coded,0,,1
remark,direct_speech,1,coded,0,,1
remark,subjunctive_comp,0,coded,0,,1
remark,comp_for_to,0,coded,0,,1
remark,comp_bare_inf,0,coded,0,,1
remark,comp_exclamative,0,coded,0,,1
remark,comp_poss_ing,0,coded,0,,1
remark,extraposition,0,coded,0,,1
remark,raising,0,coded,0,,1
remark,ditransitive,0,coded,0,,1
remark,factive_passive,0,coded,0,,1
remark,neg_raising,0,coded,0,,1
remark,weak_island,0,coded,0,,1
remark,pro_complement,0,coded,0,,1
remark,npi_licenser,0,coded,0,,1
remark,stative,1,coded,0,,1
remark,content_noun_fact,0,coded,0,,1
remark,derived_nominal,0,coded,0,,1
remark,phrasal,0,lexical,0,,
remark,be_copula,0,lexical,0,,
remind,that_omission,1,coded,0,,1
remind,comp_inf,1,coded,0,,1
remind,ecm,0,coded,0,,1
remind,comp_interrog,0,coded,0,,1
remind,comp_gerund,0,coded,0,,1
remind,comp_small_clause,1,coded,0,,1
remind,np_comp_alt,0,coded,0,,1
remind,direct_speech,0,coded,0,,1
remind,subjunctive_comp,0,coded,0,,1
remind,comp_for_to,0,coded,0,,1
remind,comp_bare_inf,0,coded,0,,1
remind,comp_exclamative,0,coded,0,,1
remind,comp_poss_ing,0,coded,0,,1
remind,extraposition,0,coded,0,,1
remind,raising,0,coded,0,,1
remind,ditransitive,1,coded,0,,1
remind,factive_passive,1,coded,0,,1
remind,neg_raising,0,coded,0,,1
remind,weak_island,0,coded,0,,1
remind,pro_complement,0,coded,0,,1
remind,npi_licenser,0,coded,0,,1
remind,stative,1,coded,0,,1
remind,content_noun_fact,0,coded,0,,1
remind,derived_nominal,0,coded,0,,1
remind,phrasal,0,lexical,0,,
remind,be_copula,0,lexical,0,,
reminisce,that_omission,1,coded,0,,1
reminisce,comp_inf,0,coded,0,,1
reminisce,ecm,0,coded,0,,1
reminisce,comp_interrog,0,coded,0,,1
reminisce,comp_gerund,0,coded,0,,1
reminisce,comp_small_clause,0,coded,0,,1
reminisce,np_comp_alt,0,coded,0,,1
reminisce,direct_speech,0,coded,0,,1
reminisce,subjunctive_comp,0,coded,0,,1
reminisce,comp_for_to,0,coded,0,,1
reminisce,comp_bare_inf,0,coded,0,,1
reminisce,comp_exclamative,0,coded,0,,1
reminisce,comp_poss_ing,0,coded,0,,1
reminisce,extraposition,0,coded,0,,1
reminisce,raising,0,coded,0,,1
reminisce,ditransitive,0,coded,0,,1
reminisce,factive_passive,0,coded,0,,1
reminisce,neg_raising,0,coded,0,,1
reminisce,weak_island,0,coded,0,,1
reminisce,pro_complement,0,coded,0,,1
reminisce,npi_licenser,0,coded,0,,1
reminisce,stative,1,coded,0,,1
reminisce,content_noun_fact,0,coded,0,,1
reminisce,derived_nominal,0,coded,0,,1
reminisce,phrasal,0,lexical,0,,
reminisce,be_copula,0,lexical,0,,
repeat,that_omission,1,coded,0,,1
repeat,comp_inf,0,coded,0,,1
repeat,ecm,0,coded,0,,1
repeat,comp_interrog,0,coded,0,,1
repeat,comp_gerund,0,coded,0,,1
repeat,comp_small_clause,0,coded,0,,1
repeat,np_comp_alt,0,coded,0,,1
repeat,direct_speech,0,coded,0,,1
repeat,subjunctive_comp,0,coded,0,,1
repeat,comp_for_to,0,coded,0,,1
repeat,comp_bare_inf,0,coded,0,,1
repeat,comp_exclamative,0,coded,0,,1
repeat,comp_poss_ing,0,coded,0,,1
repeat,extraposition,0,coded,0,,1
repeat,raising,0,coded,0,,1
repeat,ditransitive,0,coded,0,,1
repeat,factive_passive,0,coded,0,,1
repeat,neg_raising,0,coded,0,,1
repeat,weak_island,0,coded,0,,1
repeat,pro_complement,0,coded,0,,1
repeat,npi_licenser,0,coded,0,,1
repeat,stative,1,coded,0,,1
repeat,content_noun_fact,0,coded,0,,1
repeat,derived_nominal,0,coded,0,,1
repeat,phrasal,0,lexical,0,,
repeat,be_copula,0,lexical,0,,
reply,that_omission,1,coded,0,,1
reply,comp_inf,0,coded,0,,1
reply,ecm,0,coded,0,,1
reply,comp_interrog,0,coded,0,,1
reply,comp_gerund,0,coded,0,,1
reply,comp_small_clause,0,coded,0,,1
reply,np_comp_alt,0,coded,0,,1
reply,direct_speech,1,coded,0,,1
reply,subjunctive_comp,0,coded,0,,1
reply,comp_for_to,0,coded,0,,1
reply,comp_bare_inf,0,coded,0,,1
reply,comp_exclamative,0,coded,0,,1
reply,comp_poss_ing,0,coded,0,,1
reply,extraposition,0,coded,0,,1
reply,raising,0,coded,0,,1
reply,ditransitive,0,coded,0,,1
reply,factive_passive,0,coded,0,,1
reply,neg_raising,0,coded,0,,1
reply,weak_island,0,coded,0,,1
reply,pro_complement,0,coded,0,,1
reply,npi_licenser,0,coded,0,,1
reply,stative,1,coded,0,,1
reply,content_noun_fact,0,coded,0,,1
reply,derived_nominal,0,coded,0,,1
reply,phrasal,0,lexical,0,,
reply,be_copula,0,lexical,0,,
repress,that_omission,1,coded,0,,1
repress,comp_inf,0,coded,0,,1
repress,ecm,0,coded,0,,1
repress,comp_interrog,0,coded,0,,1
repress,comp_gerund,0,coded,0,,1
repress,comp_small_clause,0,coded,0,,1
repress,np_comp_alt,0,coded,0,,1
repress,direct_speech,0,coded,0,,1
repress,subjunctive_comp,0,coded,0,,1
repress,comp_for_to,0,coded,0,,1
repress,comp_bare_inf,0,coded,0,,1
repress,comp_exclamative,0,coded,0,,1
repress,comp_poss_ing,0,coded,0,,1
repress,extraposition,0,coded,0,,1
repress,raising,0,coded,0,,1
repress,ditransitive,0,coded,0,,1
repress,factive_passive,0,coded,0,,1
repress,neg_raising,0,coded,0,,1
repress,weak_island,0,coded,0,,1
repress,pro_complement,0,coded,0,,1
repress,npi_licenser,0,coded,0,,1
repress,stative,1,coded,0,,1
repress,content_noun_fact,0,coded,0,,1
repress,derived_nominal,0,coded,0,,1
repress,phrasal,0,lexical,0,,
repress,be_copula,0,lexical,0,,
resolve,that_omission,1,coded,0,,1
resolve,comp_inf,1,coded,0,,1
resolve,ecm,0,coded,0,,1
resolve,comp_interrog,0,coded,0,,1
resolve,comp_gerund,0,coded,0,,1
resolve,comp_small_clause,0,coded,0,,1
resolve,np_comp_alt,0,coded,0,,1
resolve,direct_speech,0,coded,0,,1
resolve,subjunctive_comp,0,coded,0,,1
resolve,comp_for_to,1,coded,0,,1
resolve,comp_bare_inf,0,coded,0,,1
resolve,comp_exclamative,0,coded,0,,1
resolve,comp_poss_ing,0,coded,0,,1
resolve,extraposition,0,coded,0,,1
resolve,raising,0,coded,0,,1
resolve,ditransitive,0,coded,0,,1
resolve,factive_passive,0,coded,0,,1
resolve,neg_raising,0,coded,0,,1
resolve,weak_island,0,coded,0,,1
resolve,pro_complement,0,coded,0,,1
resolve,npi_licenser,0,coded,0,,1
resolve,stative,1,coded,0,,1
resolve,content_noun_fact,0,coded,0,,1
resolve,derived_nominal,0,coded,0,,1
resolve,phrasal,0,lexical,0,,
resolve,be_copula,0,lexical,0,,
respond,that_omission,1,coded,0,,1
respond,comp_inf,0,coded,0,,1
respond,ecm,0,coded,0,,1
respond,comp_interrog,0,coded,0,,1
respond,comp_gerund,0,coded,0,,1
respond,comp_small_clause,0,coded,0,,1
respond,np_comp_alt,0,coded,0,,1
respond,direct_speech,1,coded,0,,1
respond,subjunctive_comp,0,coded,0,,1
respond,comp_for_to,0,coded,0,,1
respond,comp_bare_inf,0,coded,0,,1
respond,comp_exclamative,0,coded,0,,1
respond,comp_poss_ing,0,coded,0,,1
respond,extraposition,0,coded,0,,1
respond,raising,0,coded,0,,1
respond,ditransitive,0,coded,0,,1
respond,factive_passive,0,coded,0,,1
respond,neg_raising,0,coded,0,,1
respond,weak_island,0,coded,0,,1
respond,pro_complement,0,coded,0,,1
respond,npi_licenser,0,coded,0,,1
respond,stative,1,coded,0,,1
respond,content_noun_fact,0,coded,0,,1
respond,derived_nominal,0,coded,0,,1
respond,phrasal,0,lexical,0,,
respond,be_copula,0,lexical,0,,
restate,that_omission,1,coded,0,,1
restate,comp_inf,0,coded,0,,1
restate,ecm,0,coded,0,,1
restate,comp_interrog,0,coded,0,,1
restate,comp_gerund,0,coded,0,,1
restate,comp_small_clause,0,coded,0,,1
restate,np_comp_alt,0,coded,0,,1
restate,direct_speech,1,coded,0,,1
restate,subjunctive_comp,0,coded,0,,1
restate,comp_for_to,0,coded,0,,1
restate,comp_bare_inf,0,coded,0,,1
restate,comp_exclamative,0,coded,0,,1
restate,comp_poss_ing,0,coded,0,,1
restate,extraposition,0,coded,0,,1
restate,raising,0,coded,0,,1
restate,ditransitive,0,coded,0,,1
restate,factive_passive,0,coded,0,,1
restate,neg_raising,0,coded,0,,1
restate,weak_island,0,coded,0,,1
restate,pro_complement,0,coded,0,,1
restate,npi_licenser,0,coded,0,,1
restate,stative,1,coded,0,,1
restate,content_noun_fact,0,coded,0,,1
restate,derived_nominal,0,coded,0,,1
restate,phrasal,0,lexical,0,,
restate,be_copula,0,lexical,0,,
retort,that_omission,1,coded,0,,1
retort,comp_inf,0,coded,0,,1
retort,ecm,0,coded,0,,1
retort,comp_interrog,0,coded,0,,1
retort,comp_gerund,0,coded,0,,1
retort,comp_small_clause,0,coded,0,,1
retort,np_comp_alt,0,coded,0,,1
retort,direct_speech,1,coded,0,,1
retort,subjunctive_comp,0,coded,0,,1
retort,comp_for_to,0,coded,0,,1
retort,comp_bare_inf,0,coded,0,,1
retort,comp_exclamative,0,coded,0,,1
retort,comp_poss_ing,0,coded,0,,1
retort,extraposition,0,coded,0,,1
retort,raising,0,coded,0,,1
retort,ditransitive,0,coded,0,,1
retort,factive_passive,0,coded,0,,1
retort,neg_raising,0,coded,0,,1
retort,weak_island,0,coded,0,,1
retort,pro_complement,0,coded,0,,1
retort,npi_licenser,0,coded,0,,1
retort,stative,1,coded,0,,1
retort,content_noun_fact,0,coded,0,,1
retort,derived_nominal,0,coded,0,,1
retort,phrasal,0,lexical,0,,
retort,be_copula,0,lexical,0,,
retract,that_omission,1,coded,0,,1
retract,comp_inf,0,coded,0,,1
retract,ecm,0,coded,0,,1
retract,comp_interrog,0,coded,0,,1
retract,comp_gerund,0,coded,0,,1
retract,comp_small_clause,0,coded,0,,1
retract,np_comp_alt,1,coded,0,,1
retract,direct_speech,0,coded,0,,1
retract,subjunctive_comp,0,coded,0,,1
retract,comp_for_to,0,coded,0,,1
retract,comp_bare_inf,0,coded,0,,1
retract,comp_exclamative,0,coded,0,,1
retract,comp_poss_ing,0,coded,0,,1
retract,extraposition,0,coded,0,,1
retract,raising,0,coded,0,,1
retract,ditransitive,0,coded,0,,1
retract,factive_passive,0,coded,0,,1
retract,neg_raising,0,coded,0,,1
retract,weak_island,0,coded,0,,1
retract,pro_complement,0,coded,0,,1
retract,npi_licenser,1,coded,0,,1
retract,stative,1,coded,0,,1
retract,content_noun_fact,0,coded,0,,1
retract,derived_nominal,0,coded,0,,1
retract,phrasal,0,lexical,0,,
retract,be_copula,0,lexical,0,,
revolt,that_omission,1,coded,0,,1
revolt,comp_inf,1,coded,0,,1
revolt,ecm,0,coded,0,,1
revolt,comp_interrog,0,coded,0,,1
revolt,comp_gerund,0,coded,0,,1
revolt,comp_small_clause,0,coded,0,,1
revolt,np_comp_alt,0,coded,0,,1
revolt,direct_speech,0,coded,0,,1
revolt,subjunctive_comp,0,coded,0,,1
revolt,comp_for_to,0,coded,0,,1
revolt,comp_bare_inf,0,coded,0,,1
revolt,comp_exclamative,0,coded,0,,1
revolt,comp_poss_ing,0,coded,0,,1
revolt,extraposition,1,coded,0,,1
revolt,raising,0,coded,0,,1
revolt,ditransitive,0,coded,0,,1
revolt,factive_passive,1,coded,0,,1
revolt,neg_raising,0,coded,0,,1
revolt,weak_island,1,coded,0,,1
revolt,pro_complement,0,coded,0,,1
revolt,npi_licenser,0,coded,0,,1
revolt,stative,1,coded,0,,1
revolt,content_noun_fact,0,coded,0,,1
revolt,derived_nominal,0,coded,0,,1
revolt,phrasal,0,lexical,0,,
revolt,be_copula,0,lexical,0,,
rule,that_omission,1,coded,0,,1
rule,comp_inf,1,coded,0,,1
rule,ecm,0,coded,0,,1
rule,comp_interrog,0,coded,0,,1
rule,comp_gerund,0,coded,0,,1
rule,comp_small_clause,0,coded,0,,1
rule,np_comp_alt,0,coded,0,,1
rule,direct_speech,0,coded,0,,1
rule,subjunctive_comp,1,coded,0,,1
rule,comp_for_to,0,coded,0,,1
rule,comp_bare_inf,0,coded,0,,1
rule,comp_exclamative,0,coded,0,,1
rule,comp_poss_ing,0,coded,0,,1
rule,extraposition,0,coded,0,,1
rule,raising,0,coded,0,,1
rule,ditransitive,0,coded,0,,1
rule,factive_passive,0,coded,0,,1
rule,neg_raising,0,coded,0,,1
rule,weak_island,0,coded,0,,1
rule,pro_complement,0,coded,0,,1
rule,npi_licenser,0,coded,0,,1
rule,stative,1,coded,0,,1
rule,content_noun_fact,0,coded,0,,1
rule,derived_nominal,0,coded,0,,1
rule,phrasal,0,lexical,0,,
rule,be_copula,0,lexical,0,,
ruminate,that_omission,1,coded,0,,1
ruminate,comp_inf,0,coded,0,,1
ruminate,ecm,0,coded,0,,1
ruminate,comp_interrog,0,coded,0,,1
ruminate,comp_gerund,0,coded,0,,1
ruminate,comp_small_clause,0,coded,0,,1
ruminate,np_comp_alt,0,coded,0,,1
ruminate,direct_speech,0,coded,0,,1
ruminate,subjunctive_comp,0,coded,0,,1
ruminate,comp_for_to,0,coded,0,,1
ruminate,comp_bare_inf,0,coded,0,,1
ruminate,comp_exclamative,0,coded,0,,1
ruminate,comp_poss_ing,0,coded,0,,1
ruminate,extraposition,0,coded,0,,1
ruminate,raising,0,coded,0,,1
ruminate,ditransitive,0,coded,0,,1
ruminate,factive_passive,0,coded,0,,1
ruminate,neg_raising,0,coded,0,,1
ruminate,weak_island,0,coded,0,,1
ruminate,pro_complement,1,coded,0,,1
ruminate,npi_licenser,0,coded,0,,1
ruminate,stative,1,coded,0,,1
ruminate,content_noun_fact,0,coded,0,,1
ruminate,derived_nominal,0,coded,0,,1
ruminate,phrasal,0,lexical,0,,
ruminate,be_copula,0,lexical,0,,
sadden,that_omission,1,coded,0,,1
sadden,comp_inf,0,coded,0,,1
sadden,ecm,0,coded,0,,1
sadden,comp_interrog,0,coded,0,,1
sadden,comp_gerund,0,coded,0,,1
sadden,comp_small_clause,0,coded,0,,1
sadden,np_comp_alt,0,coded,0,,1
sadden,direct_speech,0,coded,0,,1
sadden,subjunctive_comp,0,coded,0,,1
sadden,comp_for_to,0,coded,0,,1
sadden,comp_bare_inf,0,coded,0,,1
sadden,comp_exclamative,0,coded,0,,1
sadden,comp_poss_ing,0,coded,0,,1
sadden,extraposition,1,coded,0,,1
sadden,raising,0,coded,0,,1
sadden,ditransitive,0,coded,0,,1
sadden,factive_passive,1,coded,0,,1
sadden,neg_raising,0,coded,0,,1
sadden,weak_island,1,coded,0,,1
sadden,pro_complement,0,coded,0,,1
sadden,npi_licenser,0,coded,0,,1
sadden,stative,1,coded,0,,1
sadden,content_noun_fact,0,coded,0,,1
sadden,derived_nominal,0,coded,0,,1
sadden,phrasal,0,lexical,0,,
sadden,be_copula,0,lexical,0,,
satisfy,that_omission,1,coded,0,,1
satisfy,comp_inf,1,coded,0,,1
satisfy,ecm,0,coded,0,,1
satisfy,comp_interrog,0,coded,0,,1
satisfy,comp_gerund,0,coded,0,,1
satisfy,comp_small_clause,0,coded,0,,1
satisfy,np_comp_alt,0,coded,0,,1
satisfy,direct_speech,0,coded,0,,1
satisfy,subjunctive_comp,0,coded,0,,1
satisfy,comp_for_to,0,coded,0,,1
satisfy,comp_bare_inf,0,coded,0,,1
satisfy,comp_exclamative,0,coded,0,,1
satisfy,comp_poss_ing,0,coded,0,,1
satisfy,extraposition,1,coded,0,,1
satisfy,raising,0,coded,0,,1
satisfy,ditransitive,0,coded,0,,1
satisfy,factive_passive,1,coded,0,,1
satisfy,neg_raising,0,coded,0,,1
satisfy,weak_island,1,coded,0,,1
satisfy,pro_complement,0,coded,0,,1
satisfy,npi_licenser,0,coded,0,,1
satisfy,stative,1,coded,0,,1
satisfy,content_noun_fact,0,coded,0,,1
satisfy,derived_nominal,0,coded,0,,1
satisfy,phrasal,0,lexical,0,,
satisfy,be_copula,0,lexical,0,,
scare,that_omission,1,coded,0,,1
scare,comp_inf,1,coded,0,,1
scare,ecm,0,coded,0,,1
scare,comp_interrog,0,coded,0,,1
scare,comp_gerund,0,coded,0,,1
scare,comp_small_clause,1,coded,0,,1
scare,np_comp_alt,0,coded,0,,1
scare,direct_speech,0,coded,0,,1
scare,subjunctive_comp,0,coded,0,,1
scare,comp_for_to,0,coded,0,,1
scare,comp_bare_inf,0,coded,0,,1
scare,comp_exclamative,0,coded,0,,1
scare,comp_poss_ing,0,coded,0,,1
scare,extraposition,1,coded,0,,1
scare,raising,0,coded,0,,1
scare,ditransitive,0,coded,0,,1
scare,factive_passive,1,coded,0,,1
scare,neg_raising,0,coded,0,,1
scare,weak_island,1,coded,0,,1
scare,pro_complement,0,coded,0,,1
scare,npi_licenser,0,coded,0,,1
scare,stative,1,coded,0,,1
scare,content_noun_fact,0,coded,0,,1
scare,derived_nominal,0,coded,0,,1
scare,phrasal,0,lexical,0,,
scare,be_copula,0,lexical,0,,
scoff,that_omission,1,coded,0,,1
scoff,comp_inf,0,coded,0,,1
scoff,ecm,0,coded,0,,1
scoff,comp_interrog,0,coded,0,,1
scoff,comp_gerund,0,coded,0,,1
scoff,comp_small_clause,0,coded,0,,1
scoff,np_comp_alt,0,coded,0,,1
scoff,direct_speech,0,coded,0,,1
scoff,subjunctive_comp,0,coded,0,,1
scoff,comp_for_to,0,coded,0,,1
scoff,comp_bare_inf,0,coded,0,,1
scoff,comp_exclamative,0,coded,0,,1
scoff,comp_poss_ing,0,coded,0,,1
scoff,extraposition,0,coded,0,,1
scoff,raising,0,coded,0,,1
scoff,ditransitive,0,coded,0,,1
scoff,factive_passive,0,coded,0,,1
scoff,neg_raising,0,coded,0,,1
scoff,weak_island,0,coded,0,,1
scoff,pro_complement,0,coded,0,,1
scoff,npi_licenser,0,coded,0,,1
scoff,stative,1,coded,0,,1
scoff,content_noun_fact,0,coded,0,,1
scoff,derived_nominal,0,coded,0,,1
scoff,phrasal,0,lexical,0,,
scoff,be_copula,0,lexical,0,,
scream,that_omission,1,coded,0,,1
scream,comp_inf,1,coded,0,,1
scream,ecm,0,coded,0,,1
scream,comp_interrog,0,coded,0,,1
scream,comp_gerund,0,coded,0,,1
scream,comp_small_clause,0,coded,0,,1
scream,np_comp_alt,0,coded,0,,1
scream,direct_speech,1,coded,0,,1
scream,subjunctive_comp,0,coded,0,,1
scream,comp_for_to,0,coded,0,,1
scream,comp_bare_inf,0,coded,0,,1
scream,comp_exclamative,0,coded,0,,1
scream,comp_poss_ing,0,coded,0,,1
scream,extraposition,0,coded,0,,1
scream,raising,0,coded,0,,1
scream,ditransitive,0,coded,0,,1
scream,factive_passive,0,coded,0,,1
scream,neg_raising,0,coded,0,,1
scream,weak_island,0,coded,0,,1
scream,pro_complement,0,coded,0,,1
scream,npi_licenser,0,coded,0,,1
scream,stative,1,coded,0,,1
scream,content_noun_fact,0,coded,0,,1
scream,derived_nominal,0,coded,0,,1
scream,phrasal,0,lexical,0,,
scream,be_copula,0,lexical,0,,
scribble,that_omission,1,coded,0,,1
scribble,comp_inf,0,coded,0,,1
scribble,ecm,0,coded,0,,1
scribble,comp_interrog,0,coded,0,,1
scribble,comp_gerund,0,coded,0,,1
scribble,comp_small_clause,0,coded,0,,1
scribble,np_comp_alt,0,coded,0,,1
scribble,direct_speech,0,coded,0,,1
scribble,subjunctive_comp,0,coded,0,,1
scribble,comp_for_to,0,coded,0,,1
scribble,comp_bare_inf,0,coded,0,,1
scribble,comp_exclamative,0,coded,0,,1
scribble,comp_poss_ing,0,coded,0,,1
scribble,extraposition,0,coded,0,,1
scribble,raising,0,coded,0,,1
scribble,ditransitive,0,coded,0,,1
scribble,factive_passive,0,coded,0,,1
scribble,neg_raising,0,coded,0,,1
scribble,weak_island,0,coded,0,,1
scribble,pro_complement,0,coded,0,,1
scribble,npi_licenser,0,coded,0,,1
scribble,stative,1,coded,0,,1
scribble,content_noun_fact,0,coded,0,,1
scribble,derived_nominal,0,coded,0,,1
scribble,phrasal,0,lexical,0,,
scribble,be_copula,0,lexical,0,,
shame,that_omission,1,coded,0,,1
shame,comp_inf,1,coded,0,,1
shame,ecm,0,coded,0,,1
shame,comp_interrog,0,coded,0,,1
shame,comp_gerund,0,coded,0,,1
shame,comp_small_clause,0,coded,0,,1
shame,np_comp_alt,0,coded,0,,1
shame,direct_speech,0,coded,0,,1
shame,subjunctive_comp,0,coded,0,,1
shame,comp_for_to,0,coded,0,,1
shame,comp_bare_inf,0,coded,0,,1
shame,comp_exclamative,0,coded,0,,1
shame,comp_poss_ing,0,coded,0,,1
shame,extraposition,1,coded,0,,1
shame,raising,0,coded,0,,1
shame,ditransitive,0,coded,0,,1
shame,factive_passive,1,coded,0,,1
shame,neg_raising,0,coded,0,,1
shame,weak_island,1,coded,0,,1
shame,pro_complement,0,coded,0,,1
shame,npi_licenser,0,coded,0,,1
shame,stative,1,coded,0,,1
shame,content_noun_fact,0,coded,0,,1
shame,derived_nominal,0,coded,0,,1
shame,phrasal,0,lexical,0,,
shame,be_copula,0,lexical,0,,
share,that_omission,1,coded,0,,1
share,comp_inf,0,coded,0,,1
share,ecm,0,coded,0,,1
share,comp_interrog,0,coded,0,,1
share,comp_gerund,0,coded,0,,1
share,comp_small_clause,0,coded,0,,1
share,np_comp_alt,0,coded,0,,1
share,direct_speech,0,coded,0,,1
share,subjunctive_comp,0,coded,0,,1
share,comp_for_to,0,coded,0,,1
share,comp_bare_inf,0,coded,0,,1
share,comp_exclamative,0,coded,0,,1
share,comp_poss_ing,0,coded,0,,1
share,extraposition,0,coded,0,,1
share,raising,0,coded,0,,1
share,ditransitive,0,coded,0,,1
share,factive_passive,0,coded,0,,1
share,neg_raising,0,coded,0,,1
share,weak_island,1,coded,0,,1
share,pro_complement,0,coded,0,,1
share,npi_licenser,0,coded,0,,1
share,stative,1,coded,0,,1
share,content_noun_fact,1,coded,0,,1
share,derived_nominal,0,coded,0,,1
share,phrasal,0,lexical,0,,
share,be_copula,0,lexical,0,,
shock,that_omission,1,coded,0,,1
shock,comp_inf,1,coded,0,,1
shock,ecm,0,coded,0,,1
shock,comp_interrog,0,coded,0,,1
shock,comp_gerund,0,coded,0,,1
shock,comp_small_clause,1,coded,0,,1
shock,np_comp_alt,0,coded,0,,1
shock,direct_speech,0,coded,0,,1
shock,subjunctive_comp,0,coded,0,,1
shock,comp_for_to,0,coded,0,,1
shock,comp_bare_inf,0,coded,0,,1
shock,comp_exclamative,0,coded,0,,1
shock,comp_poss_ing,0,coded,0,,1
shock,extraposition,1,coded,0,,1
shock,raising,0,coded,0,,1
shock,ditransitive,0,coded,0,,1
shock,factive_passive,1,coded,0,,1
shock,neg_raising,0,coded,0,,1
shock,weak_island,1,coded,0,,1
shock,pro_complement,0,coded,0,,1
shock,npi_licenser,0,coded,0,,1
shock,stative,1,coded,0,,1
shock,content_noun_fact,0,coded,0,,1
shock,derived_nominal,0,coded,0,,1
shock,phrasal,0,lexical,0,,
shock,be_copula,0,lexical,0,,
shout,that_omission,1,coded,0,,1
shout,comp_inf,1,coded,0,,1
shout,ecm,0,coded,0,,1
shout,comp_interrog,0,coded,0,,1
shout,comp_gerund,0,coded,0,,1
shout,comp_small_clause,0,coded,0,,1
shout,np_comp_alt,0,coded,0,,1
shout,direct_speech,1,coded,0,,1
shout,subjunctive_comp,0,coded,0,,1
shout,comp_for_to,0,coded,0,,1
shout,comp_bare_inf,0,coded,0,,1
shout,comp_exclamative,0,coded,0,,1
shout,comp_poss_ing,0,coded,0,,1
shout,extraposition,0,coded,0,,1
shout,raising,0,coded,0,,1
shout,ditransitive,0,coded,0,,1
shout,factive_passive,0,coded,0,,1
shout,neg_raising,0,coded,0,,1
shout,weak_island,0,coded,0,,1
shout,pro_complement,0,coded,0,,1
shout,npi_licenser,0,coded,0,,1
shout,stative,1,coded,0,,1
shout,content_noun_fact,0,coded,0,,1
shout,derived_nominal,0,coded,0,,1
shout,phrasal,0,lexical,0,,
shout,be_copula,0,lexical,0,,
showcase,that_omission,1,coded,0,,1
showcase,comp_inf,0,coded,0,,1
showcase,ecm,0,coded,0,,1
showcase,comp_interrog,0,coded,0,,1
showcase,comp_gerund,0,coded,0,,1
showcase,comp_small_clause,0,coded,0,,1
showcase,np_comp_alt,0,coded,0,,1
showcase,direct_speech,0,coded,0,,1
showcase,subjunctive_comp,0,coded,0,,1
showcase,comp_for_to,0,coded,0,,1
showcase,comp_bare_inf,0,coded,0,,1
showcase,comp_exclamative,0,coded,0,,1
showcase,comp_poss_ing,0,coded,0,,1
showcase,extraposition,0,coded,0,,1
showcase,raising,0,coded,0,,1
showcase,ditransitive,0,coded,0,,1
showcase,factive_passive,0,coded,0,,1
showcase,neg_raising,0,coded,0,,1
showcase,weak_island,0,coded,0,,1
showcase,pro_complement,0,coded,0,,1
showcase,npi_licenser,0,coded,0,,1
showcase,stative,1,coded,0,,1
showcase,content_noun_fact,0,coded,0,,1
showcase,derived_nominal,0,coded,0,,1
showcase,phrasal,0,lexical,0,,
showcase,be_copula,0,lexical,0,,
shriek,that_omission,1,coded,0,,1
shriek,comp_inf,0,coded,0,,1
shriek,ecm,0,coded,0,,1
shriek,comp_interrog,0,coded,0,,1
shriek,comp_gerund,0,coded,0,,1
shriek,comp_small_clause,0,coded,0,,1
shriek,np_comp_alt,0,coded,0,,1
shriek,direct_speech,1,coded,0,,1
shriek,subjunctive_comp,0,coded,0,,1
shriek,comp_for_to,0,coded,0,,1
shriek,comp_bare_inf,0,coded,0,,1
shriek,comp_exclamative,0,coded,0,,1
shriek,comp_poss_ing,0,coded,0,,1
shriek,extraposition,0,coded,0,,1
shriek,raising,0,coded,0,,1
shriek,ditransitive,0,coded,0,,1
shriek,factive_passive,0,coded,0,,1
shriek,neg_raising,0,coded,0,,1
shriek,weak_island,0,coded,0,,1
shriek,pro_complement,0,coded,0,,1
shriek,npi_licenser,0,coded,0,,1
shriek,stative,1,coded,0,,1
shriek,content_noun_fact,0,coded,0,,1
shriek,derived_nominal,0,coded,0,,1
shriek,phrasal,0,lexical,0,,
shriek,be_copula,0,lexical,0,,
sicken,that_omission,1,coded,0,,1
sicken,comp_inf,1,coded,0,,1
sicken,ecm,0,coded,0,,1
sicken,comp_interrog,0,coded,0,,1
sicken,comp_gerund,0,coded,0,,1
sicken,comp_small_clause,0,coded,0,,1
sicken,np_comp_alt,0,coded,0,,1
sicken,direct_speech,0,coded,0,,1
sicken,subjunctive_comp,0,coded,0,,1
sicken,comp_for_to,0,coded,0,,1
sicken,comp_bare_inf,0,coded,0,,1
sicken,comp_exclamative,0,coded,0,,1
sicken,comp_poss_ing,0,coded,0,,1
sicken,extraposition,1,coded,0,,1
sicken,raising,0,coded,0,,1
sicken,ditransitive,0,coded,0,,1
sicken,factive_passive,1,coded,0,,1
sicken,neg_raising,0,coded,0,,1
sicken,weak_island,1,coded,0,,1
sicken,pro_complement,0,coded,0,,1
sicken,npi_licenser,0,coded,0,,1
sicken,stative,1,coded,0,,1
sicken,content_noun_fact,0,coded,0,,1
sicken,derived_nominal,0,coded,0,,1
sicken,phrasal,0,lexical,0,,
sicken,be_copula,0,lexical,0,,
sigh,that_omission,1,coded,0,,1
sigh,comp_inf,0,coded,0,,1
sigh,ecm,0,coded,0,,1
sigh,comp_interrog,0,coded,0,,1
sigh,comp_gerund,0,coded,0,,1
sigh,comp_small_clause,0,coded,0,,1
sigh,np_comp_alt,0,coded,0,,1
sigh,direct_speech,0,coded,0,,1
sigh,subjunctive_comp,0,coded,0,,1
sigh,comp_for_to,0,coded,0,,1
sigh,comp_bare_inf,0,coded,0,,1
sigh,comp_exclamative,0,coded,0,,1
sigh,comp_poss_ing,0,coded,0,,1
sigh,extraposition,0,coded,0,,1
sigh,raising,0,coded,0,,1
sigh,ditransitive,0,coded,0,,1
sigh,factive_passive,0,coded,0,,1
sigh,neg_raising,0,coded,0,,1
sigh,weak_island,0,coded,0,,1
sigh,pro_complement,0,coded,0,,1
sigh,npi_licenser,0,coded,0,,1
sigh,stative,1,coded,0,,1
sigh,content_noun_fact,0,coded,0,,1
sigh,derived_nominal,0,coded,0,,1
sigh,phrasal,0,lexical,0,,
sigh,be_copula,0,lexical,0,,
signal,that_omission,1,coded,0,,1
signal,comp_inf,1,coded,0,,1
signal,ecm,0,coded,0,,1
signal,comp_interrog,1,coded,0,,1
signal,comp_gerund,0,coded,0,,1
signal,comp_small_clause,1,coded,0,,1
signal,np_comp_alt,0,coded,0,,1
signal,direct_speech,0,coded,0,,1
signal,subjunctive_comp,0,coded,0,,1
signal,comp_for_to,0,coded,0,,1
signal,comp_bare_inf,0,coded,0,,1
signal,comp_exclamative,0,coded,0,,1
signal,comp_poss_ing,0,coded,0,,1
signal,extraposition,0,coded,0,,1
signal,raising,0,coded,0,,1
signal,ditransitive,1,coded,0,,1
signal,factive_passive,0,coded,0,,1
signal,neg_raising,0,coded,0,,1
signal,weak_island,0,coded,0,,1
signal,pro_complement,0,coded,0,,1
signal,npi_licenser,0,coded,0,,1
signal,stative,1,coded,0,,1
signal,content_noun_fact,0,coded,0,,1
signal,derived_nominal,0,coded,0,,1
signal,phrasal,0,lexical,0,,
signal,be_copula,0,lexical,0,,
signify,that_omission,1,coded,0,,1
signify,comp_inf,1,coded,0,,1
signify,ecm,0,coded,0,,1
signify,comp_interrog,1,coded,0,,1
signify,comp_gerund,0,coded,0,,1
signify,comp_small_clause,0,coded,0,,1
signify,np_comp_alt,0,coded,0,,1
signify,direct_speech,0,coded,0,,1
signify,subjunctive_comp,0,coded,0,,1
signify,comp_for_to,0,coded,0,,1
signify,comp_bare_inf,0,coded,0,,1
signify,comp_exclamative,0,coded,0,,1
signify,comp_poss_ing,0,coded,0,,1
signify,extraposition,0,coded,0,,1
signify,raising,0,coded,0,,1
signify,ditransitive,0,coded,0,,1
signify,factive_passive,0,coded,0,,1
signify,neg_raising,0,coded,0,,1
signify,weak_island,0,coded,0,,1
signify,pro_complement,0,coded,0,,1
signify,npi_licenser,0,coded,0,,1
signify,stative,1,coded,0,,1
signify,content_noun_fact,0,coded,0,,1
signify,derived_nominal,0,coded,0,,1
signify,phrasal,0,lexical,0,,
signify,be_copula,0,lexical,0,,
sing,that_omission,1,coded,0,,1
sing,comp_inf,0,coded,0,,1
sing,ecm,0,coded,0,,1
sing,comp_interrog,0,coded,0,,1
sing,comp_gerund,0,coded,0,,1
sing,comp_small_clause,0,coded,0,,1
sing,np_comp_alt,0,coded,0,,1
sing,direct_speech,1,coded,0,,1
sing,subjunctive_comp,0,coded,0,,1
sing,comp_for_to,0,coded,0,,1
sing,comp_bare_inf,0,coded,0,,1
sing,comp_exclamative,0,coded,0,,1
sing,comp_poss_ing,0,coded,0,,1
sing,extraposition,0,coded,0,,1
sing,raising,0,coded,0,,1
sing,ditransitive,0,coded,0,,1
sing,factive_passive,0,coded,0,,1
sing,neg_raising,0,coded,0,,1
sing,weak_island,0,coded,0,,1
sing,pro_complement,0,coded,0,,1
sing,npi_licenser,0,coded,0,,1
sing,stative,1,coded,0,,1
sing,content_noun_fact,0,coded,0,,1
sing,derived_nominal,0,coded,0,,1
sing,phrasal,0,lexical,0,,
sing,be_copula,0,lexical,0,,
sketch,that_omission,1,coded,0,,1
sketch,comp_inf,0,coded,0,,1
sketch,ecm,0,coded,0,,1
sketch,comp_interrog,0,coded,0,,1
sketch,comp_gerund,0,coded,0,,1
sketch,comp_small_clause,0,coded,0,,1
sketch,np_comp_alt,0,coded,0,,1
sketch,direct_speech,0,coded,0,,1
sketch,subjunctive_comp,0,coded,0,,1
sketch,comp_for_to,0,coded,0,,1
sketch,comp_bare_inf,0,coded,0,,1
sketch,comp_exclamative,0,coded,0,,1
sketch,comp_poss_ing,0,coded,0,,1
sketch,extraposition,0,coded,0,,1
sketch,raising,0,coded,0,,1
sketch,ditransitive,0,coded,0,,1
sketch,factive_passive,0,coded,0,,1
sketch,neg_raising,0,coded,0,,1
sketch,weak_island,0,coded,0,,1
sketch,pro_complement,0,coded,0,,1
sketch,npi_licenser,0,coded,0,,1
sketch,stative,1,coded,0,,1
sketch,content_noun_fact,0,coded,0,,1
sketch,derived_nominal,0,coded,0,,1
sketch,phrasal,0,lexical,0,,
sketch,be_copula,0,lexical,0,,
snap,that_omission,0,coded,0,,1
snap,comp_inf,0,coded,0,,1
snap,ecm,0,coded,0,,1
snap,comp_interrog,0,coded,0,,1
snap,comp_gerund,0,coded,0,,1
snap,comp_small_clause,0,coded,0,,1
snap,np_comp_alt,0,coded,0,,1
snap,direct_speech,1,coded,0,,1
snap,subjunctive_comp,0,coded,0,,1
snap,comp_for_to,0,coded,0,,1
snap,comp_bare_inf,0,coded,0,,1
snap,comp_exclamative,0,coded,0,,1
snap,comp_poss_ing,0,coded,0,,1
snap,extraposition,0,coded,0,,1
snap,raising,0,coded,0,,1
snap,ditransitive,0,coded,0,,1
snap,factive_passive,0,coded,0,,1
snap,neg_raising,0,coded,0,,1
snap,weak_island,0,coded,0,,1
snap,pro_complement,0,coded,0,,1
snap,npi_licenser,0,coded,0,,1
snap,stative,1,coded,0,,1
snap,content_noun_fact,0,coded,0,,1
snap,derived_nominal,0,coded,0,,1
snap,phrasal,0,lexical,0,,
snap,be_copula,0,lexical,0,,
snitch,that_omission,1,coded,0,,1
snitch,comp_inf,0,coded,0,,1
snitch,ecm,0,coded,0,,1
snitch,comp_interrog,0,coded,0,,1
snitch,comp_gerund,0,coded,0,,1
snitch,comp_small_clause,0,coded,0,,1
snitch,np_comp_alt,0,coded,0,,1
snitch,direct_speech,0,coded,0,,1
snitch,subjunctive_comp,0,coded,0,,1
snitch,comp_for_to,0,coded,0,,1
snitch,comp_bare_inf,0,coded,0,,1
snitch,comp_exclamative,0,coded,0,,1
snitch,comp_poss_ing,0,coded,0,,1
snitch,extraposition,0,coded,0,,1
snitch,raising,0,coded,0,,1
snitch,ditransitive,0,coded,0,,1
snitch,factive_passive,0,coded,0,,1
snitch,neg_raising,0,coded,0,,1
snitch,weak_island,0,coded,0,,1
snitch,pro_complement,0,coded,0,,1
snitch,npi_licenser,0,coded,0,,1
snitch,stative,1,coded,0,,1
snitch,content_noun_fact,0,coded,0,,1
snitch,derived_nominal,0,coded,0,,1
snitch,phrasal,0,lexical,0,,
snitch,be_copula,0,lexical,0,,
sob,that_omission,1,coded,0,,1
sob,comp_inf,0,coded,0,,1
sob,ecm,0,coded,0,,1
sob,comp_interrog,0,coded,0,,1
sob,comp_gerund,0,coded,0,,1
sob,comp_small_clause,0,coded,0,,1
sob,np_comp_alt,0,coded,0,,1
sob,direct_speech,1,coded,0,,1
sob,subjunctive_comp,0,coded,0,,1
sob,comp_for_to,0,coded,0,,1
sob,comp_bare_inf,0,coded,0,,1
sob,comp_exclamative,0,coded,0,,1
sob,comp_poss_ing,0,coded,0,,1
sob,extraposition,0,coded,0,,1
sob,raising,0,coded,0,,1
sob,ditransitive,0,coded,0,,1
sob,factive_passive,0,coded,0,,1
sob,neg_raising,0,coded,0,,1
sob,weak_island,0,coded,0,,1
sob,pro_complement,0,coded,0,,1
sob,npi_licenser,0,coded,0,,1
sob,stative,1,coded,0,,1
sob,content_noun_fact,0,coded,0,,1
sob,derived_nominal,0,coded,0,,1
sob,phrasal,0,lexical,0,,
sob,be_copula,0,lexical,0,,
specify,that_omission,1,coded,0,,1
specify,comp_inf,1,coded,0,,1
specify,ecm,0,coded,0,,1
specify,comp_interrog,1,coded,0,,1
specify,comp_gerund,0,coded,0,,1
specify,comp_small_clause,1,coded,0,,1
specify,np_comp_alt,0,coded,0,,1
specify,direct_speech,1,coded,0,,1
specify,subjunctive_comp,1,coded,0,,1
specify,comp_for_to,0,coded,0,,1
specify,comp_bare_inf,0,coded,0,,1
specify,comp_exclamative,0,coded,0,,1
specify,comp_poss_ing,0,coded,0,,1
specify,extraposition,0,coded,0,,1
specify,raising,0,coded,0,,1
specify,ditransitive,0,coded,0,,1
specify,factive_passive,0,coded,0,,1
specify,neg_raising,0,coded,0,,1
specify,weak_island,0,coded,0,,1
specify,pro_complement,0,coded,0,,1
specify,npi_licenser,0,coded,0,,1
specify,stative,1,coded,0,,1
specify,content_noun_fact,0,coded,0,,1
specify,derived_nominal,0,coded,0,,1
specify,phrasal,0,lexical,0,,
specify,be_copula,0,lexical,0,,
spellbind,that_omission,1,coded,0,,1
spellbind,comp_inf,0,coded,0,,1
spellbind,ecm,0,coded,0,,1
spellbind,comp_interrog,0,coded,0,,1
spellbind,comp_gerund,0,coded,0,,1
spellbind,comp_small_clause,0,coded,0,,1
spellbind,np_comp_alt,0,coded,0,,1
spellbind,direct_speech,0,coded,0,,1
spellbind,subjunctive_comp,0,coded,0,,1
spellbind,comp_for_to,0,coded,0,,1
spellbind,comp_bare_inf,0,coded,0,,1
spellbind,comp_exclamative,0,coded,0,,1
spellbind,comp_poss_ing,0,coded,0,,1
spellbind,extraposition,1,coded,0,,1
spellbind,raising,0,coded,0,,1
spellbind,ditransitive,0,coded,0,,1
spellbind,factive_passive,1,coded,0,,1
spellbind,neg_raising,0,coded,0,,1
spellbind,weak_island,1,coded,0,,1
spellbind,pro_complement,0,coded,0,,1
spellbind,npi_licenser,0,coded,0,,1
spellbind,stative,1,coded,0,,1
spellbind,content_noun_fact,0,coded,0,,1
spellbind,derived_nominal,0,coded,0,,1
spellbind,phrasal,0,lexical,0,,
spellbind,be_copula,0,lexical,0,,
spook,that_omission,1,coded,0,,1
spook,comp_inf,1,coded,0,,1
spook,ecm,0,coded,0,,1
spook,comp_interrog,0,coded,0,,1
spook,comp_gerund,0,coded,0,,1
spook,comp_small_clause,0,coded,0,,1
spook,np_comp_alt,0,coded,0,,1
spook,direct_speech,0,coded,0,,1
spook,subjunctive_comp,0,coded,0,,1
spook,comp_for_to,0,coded,0,,1
spook,comp_bare_inf,0,coded,0,,1
spook,comp_exclamative,0,coded,0,,1
spook,comp_poss_ing,0,coded,0,,1
spook,extraposition,1,coded,0,,1
spook,raising,0,coded,0,,1
spook,ditransitive,0,coded,0,,1
spook,factive_passive,1,coded,0,,1
spook,neg_raising,0,coded,0,,1
spook,weak_island,1,coded,0,,1
spook,pro_complement,0,coded,0,,1
spook,npi_licenser,0,coded,0,,1
spook,stative,1,coded,0,,1
spook,content_noun_fact,0,coded,0,,1
spook,derived_nominal,0,coded,0,,1
spook,phrasal,0,lexical,0,,
spook,be_copula,0,lexical,0,,
spot,that_omission,1,coded,0,,1
spot,comp_inf,0,coded,0,,1
spot,ecm,1,coded,0,,1
spot,comp_interrog,1,coded,0,,1
spot,comp_gerund,0,coded,0,,1
spot,comp_small_clause,0,coded,0,,1
spot,np_comp_alt,0,coded,0,,1
spot,direct_speech,0,coded,0,,1
spot,subjunctive_comp,0,coded,0,,1
spot,comp_for_to,0,coded,0,,1
spot,comp_bare_inf,0,coded,0,,1
spot,comp_exclamative,1,coded,0,,1
spot,comp_poss_ing,0,coded,0,,1
spot,extraposition,0,coded,0,,1
spot,raising,0,coded,0,,1
spot,ditransitive,0,coded,0,,1
spot,factive_passive,0,coded,0,,1
spot,neg_raising,0,coded,0,,1
spot,weak_island,1,coded,0,,1
spot,pro_complement,0,coded,0,,1
spot,npi_licenser,0,coded,0,,1
spot,stative,0,coded,0,,1
spot,content_noun_fact,1,coded,0,,1
spot,derived_nominal,0,coded,0,,1
spot,phrasal,0,lexical,0,,
spot,be_copula,0,lexical,0,,
spout,that_omission,1,coded,0,,1
spout,comp_inf,0,coded,0,,1
spout,ecm,0,coded,0,,1
spout,comp_interrog,0,coded,0,,1
spout,comp_gerund,0,coded,0,,1
spout,comp_small_clause,0,coded,0,,1
spout,np_comp_alt,0,coded,0,,1
spout,direct_speech,1,coded,0,,1
spout,subjunctive_comp,0,coded,0,,1
spout,comp_for_to,0,coded,0,,1
spout,comp_bare_inf,0,coded,0,,1
spout,comp_exclamative,0,coded,0,,1
spout,comp_poss_ing,0,coded,0,,1
spout,extraposition,0,coded,0,,1
spout,raising,0,coded,0,,1
spout,ditransitive,0,coded,0,,1
spout,factive_passive,0,coded,0,,1
spout,neg_raising,0,coded,0,,1
spout,weak_island,0,coded,0,,1
spout,pro_complement,0,coded,0,,1
spout,npi_licenser,0,coded,0,,1
spout,stative,1,coded,0,,1
spout,content_noun_fact,0,coded,0,,1
spout,derived_nominal,0,coded,0,,1
spout,phrasal,0,lexical,0,,
spout,be_copula,0,lexical,0,,
squeal,that_omission,1,coded,0,,1
squeal,comp_inf,0,coded,0,,1
squeal,ecm,0,coded,0,,1
squeal,comp_interrog,0,coded,0,,1
squeal,comp_gerund,0,coded,0,,1
squeal,comp_small_clause,0,coded,0,,1
squeal,np_comp_alt,0,coded,0,,1
squeal,direct_speech,1,coded,0,,1
squeal,subjunctive_comp,0,coded,0,,1
squeal,comp_for_to,0,coded,0,,1
squeal,comp_bare_inf,0,coded,0,,1
squeal,comp_exclamative,0,coded,0,,1
squeal,comp_poss_ing,0,coded,0,,1
squeal,extraposition,0,coded,0,,1
squeal,raising,0,coded,0,,1
squeal,ditransitive,0,coded,0,,1
squeal,factive_passive,0,coded,0,,1
squeal,neg_raising,0,coded,0,,1
squeal,weak_island,0,coded,0,,1
squeal,pro_complement,0,coded,0,,1
squeal,npi_licenser,0,coded,0,,1
squeal,stative,1,coded,0,,1
squeal,content_noun_fact,0,coded,0,,1
squeal,derived_nominal,0,coded,0,,1
squeal,phrasal,0,lexical,0,,
squeal,be_copula,0,lexical,0,,
stammer,that_omission,1,coded,0,,1
stammer,comp_inf,0,coded,0,,1
stammer,ecm,0,coded,0,,1
stammer,comp_interrog,0,coded,0,,1
stammer,comp_gerund,0,coded,0,,1
stammer,comp_small_clause,0,coded,0,,1
stammer,np_comp_alt,0,coded,0,,1
stammer,direct_speech,1,coded,0,,1
stammer,subjunctive_comp,0,coded,0,,1
stammer,comp_for_to,0,coded,0,,1
stammer,comp_bare_inf,0,coded,0,,1
stammer,comp_exclamative,0,coded,0,,1
stammer,comp_poss_ing,0,coded,0,,1
stammer,extraposition,0,coded,0,,1
stammer,raising,0,coded,0,,1
stammer,ditransitive,0,coded,0,,1
stammer,factive_passive,0,coded,0,,1
stammer,neg_raising,0,coded,0,,1
stammer,weak_island,0,coded,0,,1
stammer,pro_complement,0,coded,0,,1
stammer,npi_licenser,0,coded,0,,1
stammer,stative,1,coded,0,,1
stammer,content_noun_fact,0,coded,0,,1
stammer,derived_nominal,0,coded,0,,1
stammer,phrasal,0,lexical,0,,
stammer,be_copula,0,lexical,0,,
startle,that_omission,1,coded,0,,1
startle,comp_inf,1,coded,0,,1
startle,ecm,0,coded,0,,1
startle,comp_interrog,0,coded,0,,1
startle,comp_gerund,0,coded,0,,1
startle,comp_small_clause,0,coded,0,,1
startle,np_comp_alt,0,coded,0,,1
startle,direct_speech,0,coded,0,,1
startle,subjunctive_comp,0,coded,0,,1
startle,comp_for_to,0,coded,0,,1
startle,comp_bare_inf,0,coded,0,,1
startle,comp_exclamative,0,coded,0,,1
startle,comp_poss_ing,0,coded,0,,1
startle,extraposition,1,coded,0,,1
startle,raising,0,coded,0,,1
startle,ditransitive,0,coded,0,,1
startle,factive_passive,1,coded,0,,1
startle,neg_raising,0,coded,0,,1
startle,weak_island,1,coded,0,,1
startle,pro_complement,0,coded,0,,1
startle,npi_licenser,0,coded,0,,1
startle,stative,1,coded,0,,1
startle,content_noun_fact,0,coded,0,,1
startle,derived_nominal,0,coded,0,,1
startle,phrasal,0,lexical,0,,
startle,be_copula,0,lexical,0,,
state,that_omission,1,coded,0,,1
state,comp_inf,1,coded,0,,1
state,ecm,0,coded,0,,1
state,comp_interrog,0,coded,0,,1
state,comp_gerund,0,coded,0,,1
state,comp_small_clause,0,coded,0,,1
state,np_comp_alt,1,coded,0,,1
state,direct_speech,1,coded,0,,1
state,subjunctive_comp,0,coded,0,,1
state,comp_for_to,0,coded,0,,1
state,comp_bare_inf,0,coded,0,,1
state,comp_exclamative,0,coded,0,,1
state,comp_poss_ing,0,coded,0,,1
state,extraposition,0,coded,0,,1
state,raising,0,coded,0,,1
state,ditransitive,0,coded,0,,1
state,factive_passive,0,coded,0,,1
state,neg_raising,0,coded,0,,1
state,weak_island,0,coded,0,,1
state,pro_complement,0,coded,0,,1
state,npi_licenser,0,coded,0,,1
state,stative,1,coded,0,,1
state,content_noun_fact,1,coded,0,,1
state,derived_nominal,1,coded,0,,1
state,phrasal,0,lexical,0,,
state,be_copula,0,lexical,0,,
stimulate,that_omission,0,coded,0,,1
stimulate,comp_inf,1,coded,0,,1
stimulate,ecm,0,coded,0,,1
stimulate,comp_interrog,0,coded,0,,1
stimulate,comp_gerund,0,coded,0,,1
stimulate,comp_small_clause,1,coded,0,,1
stimulate,np_comp_alt,0,coded,0,,1
stimulate,direct_speech,0,coded,0,,1
stimulate,subjunctive_comp,0,coded,0,,1
stimulate,comp_for_to,0,coded,0,,1
stimulate,comp_bare_inf,0,coded,0,,1
stimulate,comp_exclamative,0,coded,0,,1
stimulate,comp_poss_ing,0,coded,0,,1
stimulate,extraposition,1,coded,0,,1
stimulate,raising,0,coded,0,,1
stimulate,ditransitive,0,coded,0,,1
stimulate,factive_passive,1,coded,0,,1
stimulate,neg_raising,0,coded,0,,1
stimulate,weak_island,1,coded,0,,1
stimulate,pro_complement,0,coded,0,,1
stimulate,npi_licenser,0,coded,0,,1
stimulate,stative,1,coded,0,,1
stimulate,content_noun_fact,0,coded,0,,1
stimulate,derived_nominal,0,coded,0,,1
stimulate,phrasal,0,lexical,0,,
stimulate,be_copula,0,lexical,0,,
stipulate,that_omission,1,coded,0,,1
stipulate,comp_inf,1,coded,0,,1
stipulate,ecm,0,coded,0,,1
stipulate,comp_interrog,0,coded,0,,1
stipulate,comp_gerund,0,coded,0,,1
stipulate,comp_small_clause,0,coded,0,,1
stipulate,np_comp_alt,0,coded,0,,1
stipulate,direct_speech,0,coded,0,,1
stipulate,subjunctive_comp,1,coded,0,,1
stipulate,comp_for_to,0,coded,0,,1
stipulate,comp_bare_inf,0,coded,0,,1
stipulate,comp_exclamative,0,coded,0,,1
stipulate,comp_poss_ing,0,coded,0,,1
stipulate,extraposition,0,coded,0,,1
stipulate,raising,0,coded,0,,1
stipulate,ditransitive,0,coded,0,,1
stipulate,factive_passive,0,coded,0,,1
stipulate,neg_raising,0,coded,0,,1
stipulate,weak_island,0,coded,0,,1
stipulate,pro_complement,0,coded,0,,1
stipulate,npi_licenser,0,coded,0,,1
stipulate,stative,1,coded,0,,1
stipulate,content_noun_fact,0,coded,0,,1
stipulate,derived_nominal,0,coded,0,,1
stipulate,phrasal,0,lexical,0,,
stipulate,be_copula,0,lexical,0,,
stress,that_omission,1,coded,0,,1
stress,comp_inf,1,coded,0,,1
stress,ecm,0,coded,0,,1
stress,comp_interrog,0,coded,0,,1
stress,comp_gerund,0,coded,0,,1
stress,comp_small_clause,1,coded,0,,1
stress,np_comp_alt,0,coded,0,,1
stress,direct_speech,1,coded,0,,1
stress,subjunctive_comp,0,coded,0,,1
stress,comp_for_to,0,coded,0,,1
stress,comp_bare_inf,0,coded,0,,1
stress,comp_exclamative,0,coded,0,,1
stress,comp_poss_ing,0,coded,0,,1
stress,extraposition,0,coded,0,,1
stress,raising,0,coded,0,,1
stress,ditransitive,0,coded,0,,1
stress,factive_passive,0,coded,0,,1
stress,neg_raising,0,coded,0,,1
stress,weak_island,1,coded,0,,1
stress,pro_complement,0,coded,0,,1
stress,npi_licenser,0,coded,0,,1
stress,stative,1,coded,0,,1
stress,content_noun_fact,1,coded,0,,1
stress,derived_nominal,0,coded,0,,1
stress,phrasal,0,lexical,0,,
stress,be_copula,0,lexical,0,,
stun,that_omission,1,coded,0,,1
stun,comp_inf,1,coded,0,,1
stun,ecm,0,coded,0,,1
stun,comp_interrog,0,coded,0,,1
stun,comp_gerund,0,coded,0,,1
stun,comp_small_clause,0,coded,0,,1
stun,np_comp_alt,0,coded,0,,1
stun,direct_speech,0,coded,0,,1
stun,subjunctive_comp,0,coded,0,,1
stun,comp_for_to,0,coded,0,,1
stun,comp_bare_inf,0,coded,0,,1
stun,comp_exclamative,0,coded,0,,1
stun,comp_poss_ing,0,coded,0,,1
stun,extraposition,1,coded,0,,1
stun,raising,0,coded,0,,1
stun,ditransitive,0,coded,0,,1
stun,factive_passive,1,coded,0,,1
stun,neg_raising,0,coded,0,,1
stun,weak_island,1,coded,0,,1
stun,pro_complement,0,coded,0,,1
stun,npi_licenser,0,coded,0,,1
stun,stative,1,coded,0,,1
stun,content_noun_fact,0,coded,0,,1
stun,derived_nominal,0,coded,0,,1
stun,phrasal,0,lexical,0,,
stun,be_copula,0,lexical,0,,
stupefy,that_omission,1,coded,0,,1
stupefy,comp_inf,0,coded,0,,1
stupefy,ecm,0,coded,0,,1
stupefy,comp_interrog,0,coded,0,,1
stupefy,comp_gerund,0,coded,0,,1
stupefy,comp_small_clause,0,coded,0,,1
stupefy,np_comp_alt,0,coded,0,,1
stupefy,direct_speech,0,coded,0,,1
stupefy,subjunctive_comp,0,coded,0,,1
stupefy,comp_for_to,0,coded,0,,1
stupefy,comp_bare_inf,0,coded,0,,1
stupefy,comp_exclamative,0,coded,0,,1
stupefy,comp_poss_ing,0,coded,0,,1
stupefy,extraposition,1,coded,0,,1
stupefy,raising,0,coded,0,,1
stupefy,ditransitive,0,coded,0,,1
stupefy,factive_passive,1,coded,0,,1
stupefy,neg_raising,0,coded,0,,1
stupefy,weak_island,1,coded,0,,1
stupefy,pro_complement,0,coded,0,,1
stupefy,npi_licenser,0,coded,0,,1
stupefy,stative,1,coded,0,,1
stupefy,content_noun_fact,0,coded,0,,1
stupefy,derived_nominal,0,coded,0,,1
stupefy,phrasal,0,lexical,0,,
stupefy,be_copula,0,lexical,0,,
stutter,that_omission,0,coded,0,,1
stutter,comp_inf,0,coded,0,,1
stutter,ecm,0,coded,0,,1
stutter,comp_interrog,0,coded,0,,1
stutter,comp_gerund,0,coded,0,,1
stutter,comp_small_clause,0,coded,0,,1
stutter,np_comp_alt,0,coded,0,,1
stutter,direct_speech,1,coded,0,,1
stutter,subjunctive_comp,0,coded,0,,1
stutter,comp_for_to,0,coded,0,,1
stutter,comp_bare_inf,0,coded,0,,1
stutter,comp_exclamative,0,coded,0,,1
stutter,comp_poss_ing,0,coded,0,,1
stutter,extraposition,0,coded,0,,1
stutter,raising,0,coded,0,,1
stutter,ditransitive,0,coded,0,,1
stutter,factive_passive,0,coded,0,,1
stutter,neg_raising,0,coded,0,,1
stutter,weak_island,0,coded,0,,1
stutter,pro_complement,0,coded,0,,1
stutter,npi_licenser,0,coded,0,,1
stutter,stative,1,coded,0,,1
stutter,content_noun_fact,0,coded,0,,1
stutter,derived_nominal,0,coded,0,,1
stutter,phrasal,0,lexical,0,,
stutter,be_copula,0,lexical,0,,
submit,that_omission,1,coded,0,,1
submit,comp_inf,0,coded,0,,1
submit,ecm,0,coded,0,,1
submit,comp_interrog,0,coded,0,,1
submit,comp_gerund,0,coded,0,,1
submit,comp_small_clause,0,coded,0,,1
submit,np_comp_alt,0,coded,0,,1
submit,direct_speech,0,coded,0,,1
submit,subjunctive_comp,0,coded,0,,1
submit,comp_for_to,0,coded,0,,1
submit,comp_bare_inf,0,coded,0,,1
submit,comp_exclamative,0,coded,0,,1
submit,comp_poss_ing,0,coded,0,,1
submit,extraposition,0,coded,0,,1
submit,raising,0,coded,0,,1
submit,ditransitive,0,coded,0,,1
submit,factive_passive,0,coded,0,,1
submit,neg_raising,0,coded,0,,1
submit,weak_island,0,coded,0,,1
submit,pro_complement,0,coded,0,,1
submit,npi_licenser,0,coded,0,,1
submit,stative,1,coded,0,,1
submit,content_noun_fact,0,coded,0,,1
submit,derived_nominal,0,coded,0,,1
submit,phrasal,0,lexical,0,,
submit,be_copula,0,lexical,0,,
summarize,that_omission,1,coded,0,,1
summarize,comp_inf,0,coded,0,,1
summarize,ecm,0,coded,0,,1
summarize,comp_interrog,0,coded,0,,1
summarize,comp_gerund,0,coded,0,,1
summarize,comp_small_clause,0,coded,0,,1
summarize,np_comp_alt,0,coded,0,,1
summarize,direct_speech,1,coded,0,,1
summarize,subjunctive_comp,0,coded,0,,1
summarize,comp_for_to,0,coded,0,,1
summarize,comp_bare_inf,0,coded,0,,1
summarize,comp_exclamative,0,coded,0,,1
summarize,comp_poss_ing,0,coded,0,,1
summarize,extraposition,0,coded,0,,1
summarize,raising,0,coded,0,,1
summarize,ditransitive,0,coded,0,,1
summarize,factive_passive,0,coded,0,,1
summarize,neg_raising,0,coded,0,,1
summarize,weak_island,0,coded,0,,1
summarize,pro_complement,0,coded,0,,1
summarize,npi_licenser,0,coded,0,,1
summarize,stative,1,coded,0,,1
summarize,content_noun_fact,0,coded,0,,1
summarize,derived_nominal,0,coded,0,,1
summarize,phrasal,0,lexical,0,,
summarize,be_copula,0,lexical,0,,
surmise,that_omission,1,coded,0,,1
surmise,comp_inf,0,coded,0,,1
surmise,ecm,0,coded,0,,1
surmise,comp_interrog,0,coded,0,,1
surmise,comp_gerund,0,coded,0,,1
surmise,comp_small_clause,0,coded,0,,1
surmise,np_comp_alt,0,coded,0,,1
surmise,direct_speech,0,coded,0,,1
surmise,subjunctive_comp,0,coded,0,,1
surmise,comp_for_to,0,coded,0,,1
surmise,comp_bare_inf,0,coded,0,,1
surmise,comp_exclamative,0,coded,0,,1
surmise,comp_poss_ing,0,coded,0,,1
surmise,extraposition,0,coded,0,,1
surmise,raising,0,coded,0,,1
surmise,ditransitive,0,coded,0,,1
surmise,factive_passive,0,coded,0,,1
surmise,neg_raising,1,coded,0,,1
surmise,weak_island,0,coded,0,,1
surmise,pro_complement,1,coded,0,,1
surmise,npi_licenser,0,coded,0,,1
surmise,stative,1,coded,0,,1
surmise,content_noun_fact,0,coded,0,,1
surmise,derived_nominal,0,coded,0,,1
surmise,phrasal,0,lexical,0,,
surmise,be_copula,0,lexical,0,,
surprise,that_omission,1,coded,0,,1
surprise,comp_inf,1,coded,0,,1
surprise,ecm,0,coded,0,,1
surprise,comp_interrog,0,coded,0,,1
surprise,comp_gerund,0,coded,0,,1
surprise,comp_small_clause,0,coded,0,,1
surprise,np_comp_alt,0,coded,0,,1
surprise,direct_speech,0,coded,0,,1
surprise,subjunctive_comp,0,coded,0,,1
surprise,comp_for_to,0,coded,0,,1
surprise,comp_bare_inf,0,coded,0,,1
surprise,comp_exclamative,0,coded,0,,1
surprise,comp_poss_ing,0,coded,0,,1
surprise,extraposition,1,coded,0,,1
surprise,raising,0,coded,0,,1
surprise,ditransitive,0,coded,0,,1
surprise,factive_passive,1,coded,0,,1
surprise,neg_raising,0,coded,0,,1
surprise,weak_island,1,coded,0,,1
surprise,pro_complement,0,coded,0,,1
surprise,npi_licenser,0,coded,0,,1
surprise,stative,1,coded,0,,1
surprise,content_noun_fact,0,coded,0,,1
surprise,derived_nominal,0,coded,0,,1
surprise,phrasal,0,lexical,0,,
surprise,be_copula,0,lexical,0,,
swear,that_omission,1,coded,0,,1
swear,comp_inf,1,coded,0,,1
swear,ecm,0,coded,0,,1
swear,comp_interrog,0,coded,0,,1
swear,comp_gerund,0,coded,0,,1
swear,comp_small_clause,0,coded,0,,1
swear,np_comp_alt,1,coded,0,,1
swear,direct_speech,1,coded,0,,1
swear,subjunctive_comp,0,coded,0,,1
swear,comp_for_to,0,coded,0,,1
swear,comp_bare_inf,0,coded,0,,1
swear,comp_exclamative,0,coded,0,,1
swear,comp_poss_ing,0,coded,0,,1
swear,extraposition,0,coded,0,,1
swear,raising,0,coded,0,,1
swear,ditransitive,1,coded,0,,1
swear,factive_passive,0,coded,0,,1
swear,neg_raising,0,coded,0,,1
swear,weak_island,0,coded,0,,1
swear,pro_complement,0,coded,0,,1
swear,npi_licenser,0,coded,0,,1
swear,stative,1,coded,0,,1
swear,content_noun_fact,0,coded,0,,1
swear,derived_nominal,1,coded,0,,1
swear,phrasal,0,lexical,0,,
swear,be_copula,0,lexical,0,,
tantalize,that_omission,1,coded,0,,1
tantalize,comp_inf,1,coded,0,,1
tantalize,ecm,0,coded,0,,1
tantalize,comp_interrog,0,coded,0,,1
tantalize,comp_gerund,0,coded,0,,1
tantalize,comp_small_clause,0,coded,0,,1
tantalize,np_comp_alt,0,coded,0,,1
tantalize,direct_speech,0,coded,0,,1
tantalize,subjunctive_comp,0,coded,0,,1
tantalize,comp_for_to,0,coded,0,,1
tantalize,comp_bare_inf,0,coded,0,,1
tantalize,comp_exclamative,0,coded,0,,1
tantalize,comp_poss_ing,0,coded,0,,1
tantalize,extraposition,1,coded,0,,1
tantalize,raising,0,coded,0,,1
tantalize,ditransitive,0,coded,0,,1
tantalize,factive_passive,1,coded,0,,1
tantalize,neg_raising,0,coded,0,,1
tantalize,weak_island,1,coded,0,,1
tantalize,pro_complement,0,coded,0,,1
tantalize,npi_licenser,0,coded,0,,1
tantalize,stative,1,coded,0,,1
tantalize,content_noun_fact,0,coded,0,,1
tantalize,derived_nominal,0,coded,0,,1
tantalize,phrasal,0,lexical,0,,
tantalize,be_copula,0,lexical,0,,
tease,that_omission,1,coded,0,,1
tease,comp_inf,1,coded,0,,1
tease,ecm,0,coded,0,,1
tease,comp_interrog,0,coded,0,,1
tease,comp_gerund,0,coded,0,,1
tease,comp_small_clause,1,coded,0,,1
tease,np_comp_alt,0,coded,0,,1
tease,direct_speech,1,coded,0,,1
tease,subjunctive_comp,0,coded,0,,1
tease,comp_for_to,0,coded,0,,1
tease,comp_bare_inf,0,coded,0,,1
tease,comp_exclamative,0,coded,0,,1
tease,comp_poss_ing,0,coded,0,,1
tease,extraposition,0,coded,0,,1
tease,raising,0,coded,0,,1
tease,ditransitive,0,coded,0,,1
tease,factive_passive,0,coded,0,,1
tease,neg_raising,0,coded,0,,1
tease,weak_island,0,coded,0,,1
tease,pro_complement,0,coded,0,,1
tease,npi_licenser,0,coded,0,,1
tease,stative,1,coded,0,,1
tease,content_noun_fact,0,coded,0,,1
tease,derived_nominal,0,coded,0,,1
tease,phrasal,0,lexical,0,,
tease,be_copula,0,lexical,0,,
terrify,that_omission,1,coded,0,,1
terrify,comp_inf,1,coded,0,,1
terrify,ecm,0,coded,0,,1
terrify,comp_interrog,0,coded,0,,1
terrify,comp_gerund,0,coded,0,,1
terrify,comp_small_clause,0,coded,0,,1
terrify,np_comp_alt,0,coded,0,,1
terrify,direct_speech,0,coded,0,,1
terrify,subjunctive_comp,0,coded,0,,1
terrify,comp_for_to,0,coded,0,,1
terrify,comp_bare_inf,0,coded,0,,1
terrify,comp_exclamative,0,coded,0,,1
terrify,comp_poss_ing,0,coded,0,,1
terrify,extraposition,1,coded,0,,1
terrify,raising,0,coded,0,,1
terrify,ditransitive,0,coded,0,,1
terrify,factive_passive,1,coded,0,,1
terrify,neg_raising,0,coded,0,,1
terrify,weak_island,1,coded,0,,1
terrify,pro_complement,0,coded,0,,1
terrify,npi_licenser,0,coded,0,,1
terrify,stative,1,coded,0,,1
terrify,content_noun_fact,0,coded,0,,1
terrify,derived_nominal,0,coded,0,,1
terrify,phrasal,0,lexical,0,,
terrify,be_copula,0,lexical,0,,
test,that_omission,0,coded,0,,1
test,comp_inf,1,coded,0,,1
test,ecm,0,coded,0,,1
test,comp_interrog,0,coded,0,,1
test,comp_gerund,0,coded,0,,1
test,comp_small_clause,0,coded,0,,1
test,np_comp_alt,0,coded,0,,1
test,direct_speech,0,coded,0,,1
test,subjunctive_comp,0,coded,0,,1
test,comp_for_to,0,coded,0,,1
test,comp_bare_inf,0,coded,0,,1
test,comp_exclamative,0,coded,0,,1
test,comp_poss_ing,0,coded,0,,1
test,extraposition,0,coded,0,,1
test,raising,0,coded,0,,1
test,ditransitive,0,coded,0,,1
test,factive_passive,0,coded,0,,1
test,neg_raising,0,coded,0,,1
test,weak_island,0,coded,0,,1
test,pro_complement,0,coded,0,,1
test,npi_licenser,0,coded,0,,1
test,stative,1,coded,0,,1
test,content_noun_fact,0,coded,0,,1
test,derived_nominal,0,coded,0,,1
test,phrasal,0,lexical,0,,
test,be_copula,0,lexical,0,,
testify,that_omission,1,coded,0,,1
testify,comp_inf,1,coded,0,,1
testify,ecm,0,coded,0,,1
testify,comp_interrog,0,coded,0,,1
testify,comp_gerund,0,coded,0,,1
testify,comp_small_clause,0,coded,0,,1
testify,np_comp_alt,1,coded,0,,1
testify,direct_speech,1,coded,0,,1
testify,subjunctive_comp,0,coded,0,,1
testify,comp_for_to,0,coded,0,,1
testify,comp_bare_inf,0,coded,0,,1
testify,comp_exclamative,0,coded,0,,1
testify,comp_poss_ing,0,coded,0,,1
testify,extraposition,0,coded,0,,1
testify,raising,0,coded,0,,1
testify,ditransitive,0,coded,0,,1
testify,factive_passive,0,coded,0,,1
testify,neg_raising,0,coded,0,,1
testify,weak_island,0,coded,0,,1
testify,pro_complement,0,coded,0,,1
testify,npi_licenser,0,coded,0,,1
testify,stative,1,coded,0,,1
testify,content_noun_fact,0,coded,0,,1
testify,derived_nominal,0,coded,0,,1
testify,phrasal,0,lexical,0,,
testify,be_copula,0,lexical,0,,
theorize,that_omission,1,coded,0,,1
theorize,comp_inf,1,coded,0,,1
theorize,ecm,0,coded,0,,1
theorize,comp_interrog,0,coded,0,,1
theorize,comp_gerund,0,coded,0,,1
theorize,comp_small_clause,0,coded,0,,1
theorize,np_comp_alt,0,coded,0,,1
theorize,direct_speech,0,coded,0,,1
theorize,subjunctive_comp,0,coded,0,,1
theorize,comp_for_to,0,coded,0,,1
theorize,comp_bare_inf,0,coded,0,,1
theorize,comp_exclamative,0,coded,0,,1
theorize,comp_poss_ing,0,coded,0,,1
theorize,extraposition,0,coded,0,,1
theorize,raising,0,coded,0,,1
theorize,ditransitive,0,coded,0,,1
theorize,factive_passive,0,coded,0,,1
theorize,neg_raising,0,coded,0,,1
theorize,weak_island,0,coded,0,,1
theorize,pro_complement,1,coded,0,,1
theorize,npi_licenser,0,coded,0,,1
theorize,stative,1,coded,0,,1
theorize,content_noun_fact,0,coded,0,,1
theorize,derived_nominal,0,coded,0,,1
theorize,phrasal,0,lexical,0,,
theorize,be_copula,0,lexical,0,,
thrill,that_omission,1,coded,0,,1
thrill,comp_inf,1,coded,0,,1
thrill,ecm,0,coded,0,,1
thrill,comp_interrog,0,coded,0,,1
thrill,comp_gerund,0,coded,0,,1
thrill,comp_small_clause,0,coded,0,,1
thrill,np_comp_alt,0,coded,0,,1
thrill,direct_speech,0,coded,0,,1
thrill,subjunctive_comp,0,coded,0,,1
thrill,comp_for_to,0,coded,0,,1
thrill,comp_bare_inf,0,coded,0,,1
thrill,comp_exclamative,0,coded,0,,1
thrill,comp_poss_ing,0,coded,0,,1
thrill,extraposition,1,coded,0,,1
thrill,raising,0,coded,0,,1
thrill,ditransitive,0,coded,0,,1
thrill,factive_passive,1,coded,0,,1
thrill,neg_raising,0,coded,0,,1
thrill,weak_island,1,coded,0,,1
thrill,pro_complement,0,coded,0,,1
thrill,npi_licenser,0,coded,0,,1
thrill,stative,1,coded,0,,1
thrill,content_noun_fact,0,coded,0,,1
thrill,derived_nominal,0,coded,0,,1
thrill,phrasal,0,lexical,0,,
thrill,be_copula,0,lexical,0,,
torture,that_omission,1,coded,0,,1
torture,comp_inf,1,coded,0,,1
torture,ecm,0,coded,0,,1
torture,comp_interrog,0,coded,0,,1
torture,comp_gerund,0,coded,0,,1
torture,comp_small_clause,1,coded,0,,1
torture,np_comp_alt,0,coded,0,,1
torture,direct_speech,0,coded,0,,1
torture,subjunctive_comp,0,coded,0,,1
torture,comp_for_to,0,coded,0,,1
torture,comp_bare_inf,0,coded,0,,1
torture,comp_exclamative,0,coded,0,,1
torture,comp_poss_ing,0,coded,0,,1
torture,extraposition,1,coded,0,,1
torture,raising,0,coded,0,,1
torture,ditransitive,0,coded,0,,1
torture,factive_passive,1,coded,0,,1
torture,neg_raising,0,coded,0,,1
torture,weak_island,1,coded,0,,1
torture,pro_complement,0,coded,0,,1
torture,npi_licenser,0,coded,0,,1
torture,stative,1,coded,0,,1
torture,content_noun_fact,0,coded,0,,1
torture,derived_nominal,0,coded,0,,1
torture,phrasal,0,lexical,0,,
torture,be_copula,0,lexical,0,,
traumatize,that_omission,1,coded,0,,1
traumatize,comp_inf,1,coded,0,,1
traumatize,ecm,0,coded,0,,1
traumatize,comp_interrog,0,coded,0,,1
traumatize,comp_gerund,0,coded,0,,1
traumatize,comp_small_clause,0,coded,0,,1
traumatize,np_comp_alt,0,coded,0,,1
traumatize,direct_speech,0,coded,0,,1
traumatize,subjunctive_comp,0,coded,0,,1
traumatize,comp_for_to,0,coded,0,,1
traumatize,comp_bare_inf,0,coded,0,,1
traumatize,comp_exclamative,0,coded,0,,1
traumatize,comp_poss_ing,0,coded,0,,1
traumatize,extraposition,1,coded,0,,1
traumatize,raising,0,coded,0,,1
traumatize,ditransitive,0,coded,0,,1
traumatize,factive_passive,1,coded,0,,1
traumatize,neg_raising,0,coded,0,,1
traumatize,weak_island,1,coded,0,,1
traumatize,pro_complement,0,coded,0,,1
traumatize,npi_licenser,0,coded,0,,1
traumatize,stative,1,coded,0,,1
traumatize,content_noun_fact,0,coded,0,,1
traumatize,derived_nominal,0,coded,0,,1
traumatize,phrasal,0,lexical,0,,
traumatize,be_copula,0,lexical,0,,
trick,that_omission,0,coded,0,,1
trick,comp_inf,1,coded,0,,1
trick,ecm,0,coded,0,,1
trick,comp_interrog,0,coded,0,,1
trick,comp_gerund,0,coded,0,,1
trick,comp_small_clause,1,coded,0,,1
trick,np_comp_alt,0,coded,0,,1
trick,direct_speech,0,coded,0,,1
trick,subjunctive_comp,0,coded,0,,1
trick,comp_for_to,0,coded,0,,1
trick,comp_bare_inf,0,coded,0,,1
trick,comp_exclamative,0,coded,0,,1
trick,comp_poss_ing,0,coded,0,,1
trick,extraposition,0,coded,0,,1
trick,raising,0,coded,0,,1
trick,ditransitive,0,coded,0,,1
trick,factive_passive,0,coded,0,,1
trick,neg_raising,0,coded,0,,1
trick,weak_island,0,coded,0,,1
trick,pro_complement,0,coded,0,,1
trick,npi_licenser,0,coded,0,,1
trick,stative,1,coded,0,,1
trick,content_noun_fact,0,coded,0,,1
trick,derived_nominal,0,coded,0,,1
trick,phrasal,0,lexical,0,,
trick,be_copula,0,lexical,0,,
trouble,that_omission,1,coded,0,,1
trouble,comp_inf,1,coded,0,,1
trouble,ecm,0,coded,0,,1
trouble,comp_interrog,0,coded,0,,1
trouble,comp_gerund,0,coded,0,,1
trouble,comp_small_clause,0,coded,0,,1
trouble,np_comp_alt,0,coded,0,,1
trouble,direct_speech,0,coded,0,,1
trouble,subjunctive_comp,0,coded,0,,1
trouble,comp_for_to,0,coded,0,,1
trouble,comp_bare_inf,0,coded,0,,1
trouble,comp_exclamative,0,coded,0,,1
trouble,comp_poss_ing,0,coded,0,,1
trouble,extraposition,1,coded,0,,1
trouble,raising,0,coded,0,,1
trouble,ditransitive,0,coded,0,,1
trouble,factive_passive,1,coded,0,,1
trouble,neg_raising,0,coded,0,,1
trouble,weak_island,1,coded,0,,1
trouble,pro_complement,0,coded,0,,1
trouble,npi_licenser,0,coded,0,,1
trouble,stative,1,coded,0,,1
trouble,content_noun_fact,0,coded,0,,1
trouble,derived_nominal,0,coded,0,,1
trouble,phrasal,0,lexical,0,,
trouble,be_copula,0,lexical,0,,
trust,that_omission,1,coded,0,,1
trust,comp_inf,1,coded,0,,1
trust,ecm,0,coded,0,,1
trust,comp_interrog,0,coded,0,,1
trust,comp_gerund,0,coded,0,,1
trust,comp_small_clause,1,coded,0,,1
trust,np_comp_alt,0,coded,0,,1
trust,direct_speech,0,coded,0,,1
trust,subjunctive_comp,0,coded,0,,1
trust,comp_for_to,0,coded,0,,1
trust,comp_bare_inf,0,coded,0,,1
trust,comp_exclamative,0,coded,0,,1
trust,comp_poss_ing,0,coded,0,,1
trust,extraposition,0,coded,0,,1
trust,raising,0,coded,0,,1
trust,ditransitive,0,coded,0,,1
trust,factive_passive,0,coded,0,,1
trust,neg_raising,0,coded,0,,1
trust,weak_island,0,coded,0,,1
trust,pro_complement,1,coded,0,,1
trust,npi_licenser,0,coded,0,,1
trust,stative,1,coded,0,,1
trust,content_noun_fact,0,coded,0,,1
trust,derived_nominal,1,coded,0,,1
trust,phrasal,0,lexical,0,,
trust,be_copula,0,lexical,0,,
tweet,that_omission,1,coded,0,,1
tweet,comp_inf,1,coded,0,,1
tweet,ecm,0,coded,0,,1
tweet,comp_interrog,0,coded,0,,1
tweet,comp_gerund,0,coded,0,,1
tweet,comp_small_clause,1,coded,0,,1
tweet,np_comp_alt,0,coded,0,,1
tweet,direct_speech,0,coded,0,,1
tweet,subjunctive_comp,0,coded,0,,1
tweet,comp_for_to,0,coded,0,,1
tweet,comp_bare_inf,0,coded,0,,1
tweet,comp_exclamative,0,coded,0,,1
tweet,comp_poss_ing,0,coded,0,,1
tweet,extraposition,0,coded,0,,1
tweet,raising,0,coded,0,,1
tweet,ditransitive,0,coded,0,,1
tweet,factive_passive,0,coded,0,,1
tweet,neg_raising,0,coded,0,,1
tweet,weak_island,0,coded,0,,1
tweet,pro_complement,0,coded,0,,1
tweet,npi_licenser,0,coded,0,,1
tweet,stative,1,coded,0,,1
tweet,content_noun_fact,0,coded,0,,1
tweet,derived_nominal,0,coded,0,,1
tweet,phrasal,0,lexical,0,,
tweet,be_copula,0,lexical,0,,
type,that_omission,1,coded,0,,1
type,comp_inf,0,coded,0,,1
type,ecm,0,coded,0,,1
type,comp_interrog,0,coded,0,,1
type,comp_gerund,0,coded,0,,1
type,comp_small_clause,0,coded,0,,1
type,np_comp_alt,0,coded,0,,1
type,direct_speech,0,coded,0,,1
type,subjunctive_comp,0,coded,0,,1
type,comp_for_to,0,coded,0,,1
type,comp_bare_inf,0,coded,0,,1
type,comp_exclamative,0,coded,0,,1
type,comp_poss_ing,0,coded,0,,1
type,extraposition,0,coded,0,,1
type,raising,0,coded,0,,1
type,ditransitive,0,coded,0,,1
type,factive_passive,0,coded,0,,1
type,neg_raising,0,coded,0,,1
type,weak_island,0,coded,0,,1
type,pro_complement,0,coded,0,,1
type,npi_licenser,0,coded,0,,1
type,stative,1,coded,0,,1
type,content_noun_fact,0,coded,0,,1
type,derived_nominal,0,coded,0,,1
type,phrasal,0,lexical,0,,
type,be_copula,0,lexical,0,,
uncover,that_omission,1,coded,0,,1
uncover,comp_inf,0,coded,0,,1
uncover,ecm,0,coded,0,,1
uncover,comp_interrog,0,coded,0,,1
uncover,comp_gerund,0,coded,0,,1
uncover,comp_small_clause,0,coded,0,,1
uncover,np_comp_alt,0,coded,0,,1
uncover,direct_speech,0,coded,0,,1
uncover,subjunctive_comp,0,coded,0,,1
uncover,comp_for_to,0,coded,0,,1
uncover,comp_bare_inf,0,coded,0,,1
uncover,comp_exclamative,0,coded,0,,1
uncover,comp_poss_ing,0,coded,0,,1
uncover,extraposition,0,coded,0,,1
uncover,raising,0,coded,0,,1
uncover,ditransitive,0,coded,0,,1
uncover,factive_passive,0,coded,0,,1
uncover,neg_raising,0,coded,0,,1
uncover,weak_island,0,coded,0,,1
uncover,pro_complement,0,coded,0,,1
uncover,npi_licenser,0,coded,0,,1
uncover,stative,1,coded,0,,1
uncover,content_noun_fact,0,coded,0,,1
uncover,derived_nominal,0,coded,0,,1
uncover,phrasal,0,lexical,0,,
uncover,be_copula,0,lexical,0,,
underestimate,that_omission,0,coded,0,,1
underestimate,comp_inf,0,coded,0,,1
underestimate,ecm,0,coded,0,,1
underestimate,comp_interrog,0,coded,0,,1
underestimate,comp_gerund,0,coded,0,,1
underestimate,comp_small_clause,0,coded,0,,1
underestimate,np_comp_alt,0,coded,0,,1
underestimate,direct_speech,0,coded,0,,1
underestimate,subjunctive_comp,0,coded,0,,1
underestimate,comp_for_to,0,coded,0,,1
underestimate,comp_bare_inf,0,coded,0,,1
underestimate,comp_exclamative,0,coded,0,,1
underestimate,comp_poss_ing,0,coded,0,,1
underestimate,extraposition,0,coded,0,,1
underestimate,raising,0,coded,0,,1
underestimate,ditransitive,0,coded,0,,1
underestimate,factive_passive,0,coded,0,,1
underestimate,neg_raising,0,coded,0,,1
underestimate,weak_island,0,coded,0,,1
underestimate,pro_complement,0,coded,0,,1
underestimate,npi_licenser,0,coded,0,,1
underestimate,stative,1,coded,0,,1
underestimate,content_noun_fact,0,coded,0,,1
underestimate,derived_nominal,0,coded,0,,1
underestimate,phrasal,0,lexical,0,,
underestimate,be_copula,0,lexical,0,,
underline,that_omission,1,coded,0,,1
underline,comp_inf,0,coded,0,,1
underline,ecm,0,coded,0,,1
underline,comp_interrog,0,coded,0,,1
underline,comp_gerund,0,coded,0,,1
underline,comp_small_clause,0,coded,0,,1
underline,np_comp_alt,0,coded,0,,1
underline,direct_speech,1,coded,0,,1
underline,subjunctive_comp,0,coded,0,,1
underline,comp_for_to,0,coded,0,,1
underline,comp_bare_inf,0,coded,0,,1
underline,comp_exclamative,0,coded,0,,1
underline,comp_poss_ing,0,coded,0,,1
underline,extraposition,0,coded,0,,1
underline,raising,0,coded,0,,1
underline,ditransitive,0,coded,0,,1
underline,factive_passive,0,coded,0,,1
underline,neg_raising,0,coded,0,,1
underline,weak_island,0,coded,0,,1
underline,pro_complement,0,coded,0,,1
underline,npi_licenser,0,coded,0,,1
underline,stative,1,coded,0,,1
underline,content_noun_fact,1,coded,0,,1
underline,derived_nominal,0,coded,0,,1
underline,phrasal,0,lexical,0,,
underline,be_copula,0,lexical,0,,
underscore,that_omission,1,coded,0,,1
underscore,comp_inf,0,coded,0,,1
underscore,ecm,0,coded,0,,1
underscore,comp_interrog,0,coded,0,,1
underscore,comp_gerund,0,coded,0,,1
underscore,comp_small_clause,0,coded,0,,1
underscore,np_comp_alt,0,coded,0,,1
underscore,direct_speech,1,coded,0,,1
underscore,subjunctive_comp,0,coded,0,,1
underscore,comp_for_to,0,coded,0,,1
underscore,comp_bare_inf,0,coded,0,,1
underscore,comp_exclamative,0,coded,0,,1
underscore,comp_poss_ing,0,coded,0,,1
underscore,extraposition,0,coded,0,,1
underscore,raising,0,coded,0,,1
underscore,ditransitive,0,coded,0,,1
underscore,factive_passive,0,coded,0,,1
underscore,neg_raising,0,coded,0,,1
underscore,weak_island,0,coded,0,,1
underscore,pro_complement,0,coded,0,,1
underscore,npi_licenser,0,coded,0,,1
underscore,stative,1,coded,0,,1
underscore,content_noun_fact,1,coded,0,,1
underscore,derived_nominal,0,coded,0,,1
underscore,phrasal,0,lexical,0,,
underscore,be_copula,0,lexical,0,,
unnerve,that_omission,1,coded,0,,1
unnerve,comp_inf,0,coded,0,,1
unnerve,ecm,0,coded,0,,1
unnerve,comp_interrog,0,coded,0,,1
unnerve,comp_gerund,0,coded,0,,1
unnerve,comp_small_clause,0,coded,0,,1
unnerve,np_comp_alt,0,coded,0,,1
unnerve,direct_speech,0,coded,0,,1
unnerve,subjunctive_comp,0,coded,0,,1
unnerve,comp_for_to,0,coded,0,,1
unnerve,comp_bare_inf,0,coded,0,,1
unnerve,comp_exclamative,0,coded,0,,1
unnerve,comp_poss_ing,0,coded,0,,1
unnerve,extraposition,1,coded,0,,1
unnerve,raising,0,coded,0,,1
unnerve,ditransitive,0,coded,0,,1
unnerve,factive_passive,1,coded,0,,1
unnerve,neg_raising,0,coded,0,,1
unnerve,weak_island,1,coded,0,,1
unnerve,pro_complement,0,coded,0,,1
unnerve,npi_licenser,0,coded,0,,1
unnerve,stative,1,coded,0,,1
unnerve,content_noun_fact,0,coded,0,,1
unnerve,derived_nominal,0,coded,0,,1
unnerve,phrasal,0,lexical,0,,
unnerve,be_copula,0,lexical,0,,
unsettle,that_omission,1,coded,0,,1
unsettle,comp_inf,1,coded,0,,1
unsettle,ecm,0,coded,0,,1
unsettle,comp_interrog,0,coded,0,,1
unsettle,comp_gerund,0,coded,0,,1
unsettle,comp_small_clause,0,coded,0,,1
unsettle,np_comp_alt,0,coded,0,,1
unsettle,direct_speech,0,coded,0,,1
unsettle,subjunctive_comp,0,coded,0,,1
unsettle,comp_for_to,0,coded,0,,1
unsettle,comp_bare_inf,0,coded,0,,1
unsettle,comp_exclamative,0,coded,0,,1
unsettle,comp_poss_ing,0,coded,0,,1
unsettle,extraposition,1,coded,0,,1
unsettle,raising,0,coded,0,,1
unsettle,ditransitive,0,coded,0,,1
unsettle,factive_passive,1,coded,0,,1
unsettle,neg_raising,0,coded,0,,1
unsettle,weak_island,1,coded,0,,1
unsettle,pro_complement,0,coded,0,,1
unsettle,npi_licenser,0,coded,0,,1
unsettle,stative,1,coded,0,,1
unsettle,content_noun_fact,0,coded,0,,1
unsettle,derived_nominal,0,coded,0,,1
unsettle,phrasal,0,lexical,0,,
unsettle,be_copula,0,lexical,0,,
update,that_omission,1,coded,0,,1
update,comp_inf,0,coded,0,,1
update,ecm,0,coded,0,,1
update,comp_interrog,0,coded,0,,1
update,comp_gerund,0,coded,0,,1
update,comp_small_clause,0,coded,0,,1
update,np_comp_alt,0,coded,0,,1
update,direct_speech,0,coded,0,,1
update,subjunctive_comp,0,coded,0,,1
update,comp_for_to,0,coded,0,,1
update,comp_bare_inf,0,coded,0,,1
update,comp_exclamative,0,coded,0,,1
update,comp_poss_ing,0,coded,0,,1
update,extraposition,0,coded,0,,1
update,raising,0,coded,0,,1
update,ditransitive,0,coded,0,,1
update,factive_passive,0,coded,0,,1
update,neg_raising,0,coded,0,,1
update,weak_island,0,coded,0,,1
update,pro_complement,0,coded,0,,1
update,npi_licenser,0,coded,0,,1
update,stative,1,coded,0,,1
update,content_noun_fact,0,coded,0,,1
update,derived_nominal,0,coded,0,,1
update,phrasal,0,lexical,0,,
update,be_copula,0,lexical,0,,
uphold,that_omission,1,coded,0,,1
uphold,comp_inf,1,coded,0,,1
uphold,ecm,0,coded,0,,1
uphold,comp_interrog,0,coded,0,,1
uphold,comp_gerund,0,coded,0,,1
uphold,comp_small_clause,0,coded,0,,1
uphold,np_comp_alt,0,coded,0,,1
uphold,direct_speech,0,coded,0,,1
uphold,subjunctive_comp,0,coded,0,,1
uphold,comp_for_to,0,coded,0,,1
uphold,comp_bare_inf,0,coded,0,,1
uphold,comp_exclamative,0,coded,0,,1
uphold,comp_poss_ing,0,coded,0,,1
uphold,extraposition,0,coded,0,,1
uphold,raising,0,coded,0,,1
uphold,ditransitive,0,coded,0,,1
uphold,factive_passive,0,coded,0,,1
uphold,neg_raising,0,coded,0,,1
uphold,weak_island,0,coded,0,,1
uphold,pro_complement,0,coded,0,,1
uphold,npi_licenser,0,coded,0,,1
uphold,stative,1,coded,0,,1
uphold,content_noun_fact,0,coded,0,,1
uphold,derived_nominal,0,coded,0,,1
uphold,phrasal,0,lexical,0,,
uphold,be_copula,0,lexical,0,,
upset,that_omission,1,coded,0,,1
upset,comp_inf,1,coded,0,,1
upset,ecm,0,coded,0,,1
upset,comp_interrog,0,coded,0,,1
upset,comp_gerund,0,coded,0,,1
upset,comp_small_clause,0,coded,0,,1
upset,np_comp_alt,0,coded,0,,1
upset,direct_speech,0,coded,0,,1
upset,subjunctive_comp,0,coded,0,,1
upset,comp_for_to,0,coded,0,,1
upset,comp_bare_inf,0,coded,0,,1
upset,comp_exclamative,0,coded,0,,1
upset,comp_poss_ing,0,coded,0,,1
upset,extraposition,1,coded,0,,1
upset,raising,0,coded,0,,1
upset,ditransitive,0,coded,0,,1
upset,factive_passive,1,coded,0,,1
upset,neg_raising,0,coded,0,,1
upset,weak_island,1,coded,0,,1
upset,pro_complement,0,coded,0,,1
upset,npi_licenser,0,coded,0,,1
upset,stative,1,coded,0,,1
upset,content_noun_fact,0,coded,0,,1
upset,derived_nominal,0,coded,0,,1
upset,phrasal,0,lexical,0,,
upset,be_copula,0,lexical,0,,
utter,that_omission,1,coded,0,,1
utter,comp_inf,0,coded,0,,1
utter,ecm,0,coded,0,,1
utter,comp_interrog,0,coded,0,,1
utter,comp_gerund,0,coded,0,,1
utter,comp_small_clause,0,coded,0,,1
utter,np_comp_alt,0,coded,0,,1
utter,direct_speech,1,coded,0,,1
utter,subjunctive_comp,0,coded,0,,1
utter,comp_for_to,0,coded,0,,1
utter,comp_bare_inf,0,coded,0,,1
utter,comp_exclamative,0,coded,0,,1
utter,comp_poss_ing,0,coded,0,,1
utter,extraposition,0,coded,0,,1
utter,raising,0,coded,0,,1
utter,ditransitive,0,coded,0,,1
utter,factive_passive,0,coded,0,,1
utter,neg_raising,0,coded,0,,1
utter,weak_island,0,coded,0,,1
utter,pro_complement,0,coded,0,,1
utter,npi_licenser,0,coded,0,,1
utter,stative,1,coded,0,,1
utter,content_noun_fact,0,coded,0,,1
utter,derived_nominal,0,coded,0,,1
utter,phrasal,0,lexical,0,,
utter,be_copula,0,lexical,0,,
verify,that_omission,1,coded,0,,1
verify,comp_inf,1,coded,0,,1
verify,ecm,0,coded,0,,1
verify,comp_interrog,1,coded,0,,1
verify,comp_gerund,0,coded,0,,1
verify,comp_small_clause,0,coded,0,,1
verify,np_comp_alt,1,coded,0,,1
verify,direct_speech,0,coded,0,,1
verify,subjunctive_comp,0,coded,0,,1
verify,comp_for_to,0,coded,0,,1
verify,comp_bare_inf,0,coded,0,,1
verify,comp_exclamative,0,coded,0,,1
verify,comp_poss_ing,0,coded,0,,1
verify,extraposition,0,coded,0,,1
verify,raising,0,coded,0,,1
verify,ditransitive,0,coded,0,,1
verify,factive_passive,0,coded,0,,1
verify,neg_raising,0,coded,0,,1
verify,weak_island,1,coded,0,,1
verify,pro_complement,0,coded,0,,1
verify,npi_licenser,0,coded,0,,1
verify,stative,0,coded,0,,1
verify,content_noun_fact,1,coded,0,,1
verify,derived_nominal,1,coded,0,,1
verify,phrasal,0,lexical,0,,
verify,be_copula,0,lexical,0,,
vex,that_omission,1,coded,0,,1
vex,comp_inf,0,coded,0,,1
vex,ecm,0,coded,0,,1
vex,comp_interrog,0,coded,0,,1
vex,comp_gerund,0,coded,0,,1
vex,comp_small_clause,0,coded,0,,1
vex,np_comp_alt,0,coded,0,,1
vex,direct_speech,0,coded,0,,1
vex,subjunctive_comp,0,coded,0,,1
vex,comp_for_to,0,coded,0,,1
vex,comp_bare_inf,0,coded,0,,1
vex,comp_exclamative,0,coded,0,,1
vex,comp_poss_ing,0,coded,0,,1
vex,extraposition,1,coded,0,,1
vex,raising,0,coded,0,,1
vex,ditransitive,0,coded,0,,1
vex,factive_passive,1,coded,0,,1
vex,neg_raising,0,coded,0,,1
vex,weak_island,1,coded,0,,1
vex,pro_complement,0,coded,0,,1
vex,npi_licenser,0,coded,0,,1
vex,stative,1,coded,0,,1
vex,content_noun_fact,0,coded,0,,1
vex,derived_nominal,0,coded,0,,1
vex,phrasal,0,lexical,0,,
vex,be_copula,0,lexical,0,,
visualize,that_omission,1,coded,0,,1
visualize,comp_inf,0,coded,0,,1
visualize,ecm,0,coded,0,,1
visualize,comp_interrog,0,coded,0,,1
visualize,comp_gerund,1,coded,0,,1
visualize,comp_small_clause,0,coded,0,,1
visualize,np_comp_alt,0,coded,0,,1
visualize,direct_speech,0,coded,0,,1
visualize,subjunctive_comp,0,coded,0,,1
visualize,comp_for_to,0,coded,0,,1
visualize,comp_bare_inf,0,coded,0,,1
visualize,comp_exclamative,0,coded,0,,1
visualize,comp_poss_ing,1,coded,0,,1
visualize,extraposition,0,coded,0,,1
visualize,raising,0,coded,0,,1
visualize,ditransitive,0,coded,0,,1
visualize,factive_passive,0,coded,0,,1
visualize,neg_raising,0,coded,0,,1
visualize,weak_island,0,coded,0,,1
visualize,pro_complement,1,coded,0,,1
visualize,npi_licenser,0,coded,0,,1
visualize,stative,1,coded,0,,1
visualize,content_noun_fact,0,coded,0,,1
visualize,derived_nominal,0,coded,0,,1
visualize,phrasal,0,lexical,0,,
visualize,be_copula,0,lexical,0,,
voice,that_omission,1,coded,0,,1
voice,comp_inf,0,coded,0,,1
voice,ecm,0,coded,0,,1
voice,comp_interrog,0,coded,0,,1
voice,comp_gerund,0,coded,0,,1
voice,comp_small_clause,0,coded,0,,1
voice,np_comp_alt,0,coded,0,,1
voice,direct_speech,0,coded,0,,1
voice,subjunctive_comp,0,coded,0,,1
voice,comp_for_to,0,coded,0,,1
voice,comp_bare_inf,0,coded,0,,1
voice,comp_exclamative,0,coded,0,,1
voice,comp_poss_ing,0,coded,0,,1
voice,extraposition,0,coded,0,,1
voice,raising,0,coded,0,,1
voice,ditransitive,0,coded,0,,1
voice,factive_passive,0,coded,0,,1
voice,neg_raising,0,coded,0,,1
voice,weak_island,0,coded,0,,1
voice,pro_complement,0,coded,0,,1
voice,npi_licenser,0,coded,0,,1
voice,stative,1,coded,0,,1
voice,content_noun_fact,0,coded,0,,1
voice,derived_nominal,0,coded,0,,1
voice,phrasal,0,lexical,0,,
voice,be_copula,0,lexical,0,,
volunteer,that_omission,0,coded,0,,1
volunteer,comp_inf,1,coded,0,,1
volunteer,ecm,0,coded,0,,1
volunteer,comp_interrog,0,coded,0,,1
volunteer,comp_gerund,0,coded,0,,1
volunteer,comp_small_clause,1,coded,0,,1
volunteer,np_comp_alt,0,coded,0,,1
volunteer,direct_speech,0,coded,0,,1
volunteer,subjunctive_comp,0,coded,0,,1
volunteer,comp_for_to,0,coded,0,,1
volunteer,comp_bare_inf,0,coded,0,,1
volunteer,comp_exclamative,0,coded,0,,1
volunteer,comp_poss_ing,0,coded,0,,1
volunteer,extraposition,0,coded,0,,1
volunteer,raising,0,coded,0,,1
volunteer,ditransitive,0,coded,0,,1
volunteer,factive_passive,0,coded,0,,1
volunteer,neg_raising,0,coded,0,,1
volunteer,weak_island,0,coded,0,,1
volunteer,pro_complement,0,coded,0,,1
volunteer,npi_licenser,0,coded,0,,1
volunteer,stative,1,coded,0,,1
volunteer,content_noun_fact,0,coded,0,,1
volunteer,derived_nominal,0,coded,0,,1
volunteer,phrasal,0,lexical,0,,
volunteer,be_copula,0,lexical,0,,
vote,that_omission,1,coded,0,,1
vote,comp_inf,1,coded,0,,1
vote,ecm,0,coded,0,,1
vote,comp_interrog,0,coded,0,,1
vote,comp_gerund,0,coded,0,,1
vote,comp_small_clause,1,coded,0,,1
vote,np_comp_alt,0,coded,0,,1
vote,direct_speech,0,coded,0,,1
vote,subjunctive_comp,0,coded,0,,1
vote,comp_for_to,0,coded,0,,1
vote,comp_bare_inf,0,coded,0,,1
vote,comp_exclamative,0,coded,0,,1
vote,comp_poss_ing,0,coded,0,,1
vote,extraposition,0,coded,0,,1
vote,raising,0,coded,0,,1
vote,ditransitive,0,coded,0,,1
vote,factive_passive,0,coded,0,,1
vote,neg_raising,0,coded,0,,1
vote,weak_island,0,coded,0,,1
vote,pro_complement,0,coded,0,,1
vote,npi_licenser,0,coded,0,,1
vote,stative,1,coded,0,,1
vote,content_noun_fact,0,coded,0,,1
vote,derived_nominal,0,coded,0,,1
vote,phrasal,0,lexical,0,,
vote,be_copula,0,lexical,0,,
vow,that_omission,1,coded,0,,1
vow,comp_inf,1,coded,0,,1
vow,ecm,0,coded,0,,1
vow,comp_interrog,0,coded,0,,1
vow,comp_gerund,0,coded,0,,1
vow,comp_small_clause,0,coded,0,,1
vow,np_comp_alt,1,coded,0,,1
vow,direct_speech,1,coded,0,,1
vow,subjunctive_comp,0,coded,0,,1
vow,comp_for_to,0,coded,0,,1
vow,comp_bare_inf,0,coded,0,,1
vow,comp_exclamative,0,coded,0,,1
vow,comp_poss_ing,0,coded,0,,1
vow,extraposition,0,coded,0,,1
vow,raising,0,coded,0,,1
vow,ditransitive,1,coded,0,,1
vow,factive_passive,0,coded,0,,1
vow,neg_raising,0,coded,0,,1
vow,weak_island,0,coded,0,,1
vow,pro_complement,0,coded,0,,1
vow,npi_licenser,0,coded,0,,1
vow,stative,1,coded,0,,1
vow,content_noun_fact,0,coded,0,,1
vow,derived_nominal,1,coded,0,,1
vow,phrasal,0,lexical,0,,
vow,be_copula,0,lexical,0,,
wager,that_omission,1,coded,0,,1
wager,comp_inf,1,coded,0,,1
wager,ecm,0,coded,0,,1
wager,comp_interrog,0,coded,0,,1
wager,comp_gerund,0,coded,0,,1
wager,comp_small_clause,1,coded,0,,1
wager,np_comp_alt,0,coded,0,,1
wager,direct_speech,0,coded,0,,1
wager,subjunctive_comp,0,coded,0,,1
wager,comp_for_to,0,coded,0,,1
wager,comp_bare_inf,0,coded,0,,1
wager,comp_exclamative,0,coded,0,,1
wager,comp_poss_ing,0,coded,0,,1
wager,extraposition,0,coded,0,,1
wager,raising,0,coded,0,,1
wager,ditransitive,0,coded,0,,1
wager,factive_passive,0,coded,0,,1
wager,neg_raising,0,coded,0,,1
wager,weak_island,0,coded,0,,1
wager,pro_complement,0,coded,0,,1
wager,npi_licenser,0,coded,0,,1
wager,stative,1,coded,0,,1
wager,content_noun_fact,0,coded,0,,1
wager,derived_nominal,0,coded,0,,1
wager,phrasal,0,lexical,0,,
wager,be_copula,0,lexical,0,,
warrant,that_omission,1,coded,0,,1
warrant,comp_inf,0,coded,0,,1
warrant,ecm,0,coded,0,,1
warrant,comp_interrog,0,coded,0,,1
warrant,comp_gerund,0,coded,0,,1
warrant,comp_small_clause,0,coded,0,,1
warrant,np_comp_alt,0,coded,0,,1
warrant,direct_speech,0,coded,0,,1
warrant,subjunctive_comp,0,coded,0,,1
warrant,comp_for_to,0,coded,0,,1
warrant,comp_bare_inf,0,coded,0,,1
warrant,comp_exclamative,0,coded,0,,1
warrant,comp_poss_ing,0,coded,0,,1
warrant,extraposition,0,coded,0,,1
warrant,raising,0,coded,0,,1
warrant,ditransitive,0,coded,0,,1
warrant,factive_passive,0,coded,0,,1
warrant,neg_raising,0,coded,0,,1
warrant,weak_island,0,coded,0,,1
warrant,pro_complement,0,coded,0,,1
warrant,npi_licenser,0,coded,0,,1
warrant,stative,1,coded,0,,1
warrant,content_noun_fact,0,coded,0,,1
warrant,derived_nominal,0,coded,0,,1
warrant,phrasal,0,lexical,0,,
warrant,be_copula,0,lexical,0,,
weep,that_omission,1,coded,0,,1
weep,comp_inf,1,coded,0,,1
weep,ecm,0,coded,0,,1
weep,comp_interrog,0,coded,0,,1
weep,comp_gerund,0,coded,0,,1
weep,comp_small_clause,0,coded,0,,1
weep,np_comp_alt,0,coded,0,,1
weep,direct_speech,0,coded,0,,1
weep,subjunctive_comp,0,coded,0,,1
weep,comp_for_to,0,coded,0,,1
weep,comp_bare_inf,0,coded,0,,1
weep,comp_exclamative,0,coded,0,,1
weep,comp_poss_ing,0,coded,0,,1
weep,extraposition,0,coded,0,,1
weep,raising,0,coded,0,,1
weep,ditransitive,0,coded,0,,1
weep,factive_passive,0,coded,0,,1
weep,neg_raising,0,coded,0,,1
weep,weak_island,1,coded,0,,1
weep,pro_complement,0,coded,0,,1
weep,npi_licenser,0,coded,0,,1
weep,stative,1,coded,0,,1
weep,content_noun_fact,1,coded,0,,1
weep,derived_nominal,0,coded,0,,1
weep,phrasal,0,lexical,0,,
weep,be_copula,0,lexical,0,,
whimper,that_omission,1,coded,0,,1
whimper,comp_inf,0,coded,0,,1
whimper,ecm,0,coded,0,,1
whimper,comp_interrog,0,coded,0,,1
whimper,comp_gerund,0,coded,0,,1
whimper,comp_small_clause,0,coded,0,,1
whimper,np_comp_alt,0,coded,0,,1
whimper,direct_speech,1,coded,0,,1
whimper,subjunctive_comp,0,coded,0,,1
whimper,comp_for_to,0,coded,0,,1
whimper,comp_bare_inf,0,coded,0,,1
whimper,comp_exclamative,0,coded,0,,1
whimper,comp_poss_ing,0,coded,0,,1
whimper,extraposition,0,coded,0,,1
whimper,raising,0,coded,0,,1
whimper,ditransitive,0,coded,0,,1
whimper,factive_passive,0,coded,0,,1
whimper,neg_raising,0,coded,0,,1
whimper,weak_island,0,coded,0,,1
whimper,pro_complement,0,coded,0,,1
whimper,npi_licenser,0,coded,0,,1
whimper,stative,1,coded,0,,1
whimper,content_noun_fact,0,coded,0,,1
whimper,derived_nominal,0,coded,0,,1
whimper,phrasal,0,lexical,0,,
whimper,be_copula,0,lexical,0,,
whine,that_omission,1,coded,0,,1
whine,comp_inf,1,coded,0,,1
whine,ecm,0,coded,0,,1
whine,comp_interrog,0,coded,0,,1
whine,comp_gerund,0,coded,0,,1
whine,comp_small_clause,0,coded,0,,1
whine,np_comp_alt,0,coded,0,,1
whine,direct_speech,1,coded,0,,1
whine,subjunctive_comp,0,coded,0,,1
whine,comp_for_to,0,coded,0,,1
whine,comp_bare_inf,0,coded,0,,1
whine,comp_exclamative,0,coded,0,,1
whine,comp_poss_ing,0,coded,0,,1
whine,extraposition,0,coded,0,,1
whine,raising,0,coded,0,,1
whine,ditransitive,0,coded,0,,1
whine,factive_passive,0,coded,0,,1
whine,neg_raising,0,coded,0,,1
whine,weak_island,1,coded,0,,1
whine,pro_complement,0,coded,0,,1
whine,npi_licenser,0,coded,0,,1
whine,stative,1,coded,0,,1
whine,content_noun_fact,1,coded,0,,1
whine,derived_nominal,0,coded,0,,1
whine,phrasal,0,lexical,0,,
whine,be_copula,0,lexical,0,,
whisper,that_omission,1,coded,0,,1
whisper,comp_inf,0,coded,0,,1
whisper,ecm,0,coded,0,,1
whisper,comp_interrog,0,coded,0,,1
whisper,comp_gerund,0,coded,0,,1
whisper,comp_small_clause,0,coded,0,,1
whisper,np_comp_alt,0,coded,0,,1
whisper,direct_speech,1,coded,0,,1
whisper,subjunctive_comp,0,coded,0,,1
whisper,comp_for_to,0,coded,0,,1
whisper,comp_bare_inf,0,coded,0,,1
whisper,comp_exclamative,0,coded,0,,1
whisper,comp_poss_ing,0,coded,0,,1
whisper,extraposition,0,coded,0,,1
whisper,raising,0,coded,0,,1
whisper,ditransitive,0,coded,0,,1
whisper,factive_passive,0,coded,0,,1
whisper,neg_raising,0,coded,0,,1
whisper,weak_island,0,coded,0,,1
whisper,pro_complement,0,coded,0,,1
whisper,npi_licenser,0,coded,0,,1
whisper,stative,1,coded,0,,1
whisper,content_noun_fact,0,coded,0,,1
whisper,derived_nominal,0,coded,0,,1
whisper,phrasal,0,lexical,0,,
whisper,be_copula,0,lexical,0,,
will,that_omission,1,coded,0,,1
will,comp_inf,1,coded,0,,1
will,ecm,0,coded,0,,1
will,comp_interrog,0,coded,0,,1
will,comp_gerund,0,coded,0,,1
will,comp_small_clause,1,coded,0,,1
will,np_comp_alt,0,coded,0,,1
will,direct_speech,0,coded,0,,1
will,subjunctive_comp,0,coded,0,,1
will,comp_for_to,0,coded,0,,1
will,comp_bare_inf,0,coded,0,,1
will,comp_exclamative,0,coded,0,,1
will,comp_poss_ing,0,coded,0,,1
will,extraposition,0,coded,0,,1
will,raising,0,coded,0,,1
will,ditransitive,0,coded,0,,1
will,factive_passive,0,coded,0,,1
will,neg_raising,0,coded,0,,1
will,weak_island,0,coded,0,,1
will,pro_complement,0,coded,0,,1
will,npi_licenser,0,coded,0,,1
will,stative,1,coded,0,,1
will,content_noun_fact,0,coded,0,,1
will,derived_nominal,0,coded,0,,1
will,phrasal,0,lexical,0,,
will,be_copula,0,lexical,0,,
witness,that_omission,1,coded,0,,1
witness,comp_inf,1,coded,0,,1
witness,ecm,1,coded,0,,1
witness,comp_interrog,1,coded,0,,1
witness,comp_gerund,0,coded,0,,1
witness,comp_small_clause,0,coded,0,,1
witness,np_comp_alt,0,coded,0,,1
witness,direct_speech,0,coded,0,,1
witness,subjunctive_comp,0,coded,0,,1
witness,comp_for_to,0,coded,0,,1
witness,comp_bare_inf,0,coded,0,,1
witness,comp_exclamative,0,coded,0,,1
witness,comp_poss_ing,0,coded,0,,1
witness,extraposition,0,coded,0,,1
witness,raising,0,coded,0,,1
witness,ditransitive,0,coded,0,,1
witness,factive_passive,0,coded,0,,1
witness,neg_raising,0,coded,0,,1
witness,weak_island,1,coded,0,,1
witness,pro_complement,0,coded,0,,1
witness,npi_licenser,0,coded,0,,1
witness,stative,0,coded,0,,1
witness,content_noun_fact,1,coded,0,,1
witness,derived_nominal,0,coded,0,,1
witness,phrasal,0,lexical,0,,
witness,be_copula,0,lexical,0,,
worry,that_omission,1,coded,0,,1
worry,comp_inf,0,coded,0,,1
worry,ecm,0,coded,0,,1
worry,comp_interrog,0,coded,0,,1
worry,comp_gerund,0,coded,0,,1
worry,comp_small_clause,0,coded,0,,1
worry,np_comp_alt,0,coded,0,,1
worry,direct_speech,0,coded,0,,1
worry,subjunctive_comp,0,coded,0,,1
worry,comp_for_to,0,coded,0,,1
worry,comp_bare_inf,0,coded,0,,1
worry,comp_exclamative,0,coded,0,,1
worry,comp_poss_ing,0,coded,0,,1
worry,extraposition,0,coded,0,,1
worry,raising,0,coded,0,,1
worry,ditransitive,0,coded,0,,1
worry,factive_passive,0,coded,0,,1
worry,neg_raising,0,coded,0,,1
worry,weak_island,0,coded,0,,1
worry,pro_complement,0,coded,0,,1
worry,npi_licenser,0,coded,0,,1
worry,stative,1,coded,0,,1
worry,content_noun_fact,0,coded,0,,1
worry,derived_nominal,1,coded,0,,1
worry,phrasal,0,lexical,0,,
worry,be_copula,0,lexical,0,,
wow,that_omission,1,coded,0,,1
wow,comp_inf,0,coded,0,,1
wow,ecm,0,coded,0,,1
wow,comp_interrog,0,coded,0,,1
wow,comp_gerund,0,coded,0,,1
wow,comp_small_clause,0,coded,0,,1
wow,np_comp_alt,0,coded,0,,1
wow,direct_speech,0,coded,0,,1
wow,subjunctive_comp,0,coded,0,,1
wow,comp_for_to,0,coded,0,,1
wow,comp_bare_inf,0,coded,0,,1
wow,comp_exclamative,0,coded,0,,1
wow,comp_poss_ing,0,coded,0,,1
wow,extraposition,1,coded,0,,1
wow,raising,0,coded,0,,1
wow,ditransitive,0,coded,0,,1
wow,factive_passive,1,coded,0,,1
wow,neg_raising,0,coded,0,,1
wow,weak_island,1,coded,0,,1
wow,pro_complement,0,coded,0,,1
wow,npi_licenser,0,coded,0,,1
wow,stative,1,coded,0,,1
wow,content_noun_fact,0,coded,0,,1
wow,derived_nominal,0,coded,0,,1
wow,phrasal,0,lexical,0,,
wow,be_copula,0,lexical,0,,
write,that_omission,1,coded,0,,1
write,comp_inf,0,coded,0,,1
write,ecm,0,coded,0,,1
write,comp_interrog,0,coded,0,,1
write,comp_gerund,0,coded,0,,1
write,comp_small_clause,0,coded,0,,1
write,np_comp_alt,0,coded,0,,1
write,direct_speech,0,coded,0,,1
write,subjunctive_comp,0,coded,0,,1
write,comp_for_to,0,coded,0,,1
write,comp_bare_inf,0,coded,0,,1
write,comp_exclamative,0,coded,0,,1
write,comp_poss_ing,0,coded,0,,1
write,extraposition,0,coded,0,,1
write,raising,0,coded,0,,1
write,ditransitive,0,coded,0,,1
write,factive_passive,0,coded,0,,1
write,neg_raising,0,coded,0,,1
write,weak_island,0,coded,0,,1
write,pro_complement,0,coded,0,,1
write,npi_licenser,0,coded,0,,1
write,stative,1,coded,0,,1
write,content_noun_fact,0,coded,0,,1
write,derived_nominal,0,coded,0,,1
write,phrasal,0,lexical,0,,
write,be_copula,0,lexical,0,,
yell,that_omission,1,coded,0,,1
yell,comp_inf,1,coded,0,,1
yell,ecm,0,coded,0,,1
yell,comp_interrog,0,coded,0,,1
yell,comp_gerund,0,coded,0,,1
yell,comp_small_clause,0,coded,0,,1
yell,np_comp_alt,0,coded,0,,1
yell,direct_speech,1,coded,0,,1
yell,subjunctive_comp,0,coded,0,,1
yell,comp_for_to,0,coded,0,,1
yell,comp_bare_inf,0,coded,0,,1
yell,comp_exclamative,0,coded,0,,1
yell,comp_poss_ing,0,coded,0,,1
yell,extraposition,0,coded,0,,1
yell,raising,0,coded,0,,1
yell,ditransitive,0,coded,0,,1
yell,factive_passive,0,coded,0,,1
yell,neg_raising,0,coded,0,,1
yell,weak_island,0,coded,0,,1
yell,pro_complement,0,coded,0,,1
yell,npi_licenser,0,coded,0,,1
yell,stative,1,coded,0,,1
yell,content_noun_fact,0,coded,0,,1
yell,derived_nominal,0,coded,0,,1
yell,phrasal,0,lexical,0,,
yell,be_copula,0,lexical,0,,
be_afraid,that_omission,1,coded,0,,1
be_afraid,comp_inf,0,coded,0,,1
be_afraid,ecm,0,coded,0,,1
be_afraid,comp_interrog,0,coded,0,,1
be_afraid,comp_gerund,0,coded,0,,1
be_afraid,comp_small_clause,0,coded,0,,1
be_afraid,np_comp_alt,0,coded,0,,1
be_afraid,direct_speech,0,coded,0,,1
be_afraid,subjunctive_comp,0,coded,0,,1
be_afraid,comp_for_to,0,coded,0,,1
be_afraid,comp_bare_inf,0,coded,0,,1
be_afraid,comp_exclamative,0,coded,0,,1
be_afraid,comp_poss_ing,0,coded,0,,1
be_afraid,extraposition,0,coded,0,,1
be_afraid,raising,0,coded,0,,1
be_afraid,ditransitive,0,na,0,,
be_afraid,factive_passive,0,na,0,,
be_afraid,neg_raising,0,coded,0,,1
be_afraid,weak_island,0,coded,0,,1
be_afraid,pro_complement,0,coded,0,,1
be_afraid,npi_licenser,0,coded,0,,1
be_afraid,stative,1,coded,0,,1
be_afraid,content_noun_fact,0,coded,0,,1
be_afraid,derived_nominal,1,coded,0,,1
be_afraid,phrasal,0,lexical,0,,
be_afraid,be_copula,1,lexical,0,,
be_angry,that_omission,1,coded,0,,1
be_angry,comp_inf,0,coded,0,,1
be_angry,ecm,0,coded,0,,1
be_angry,comp_interrog,0,coded,0,,1
be_angry,comp_gerund,0,coded,0,,1
be_angry,comp_small_clause,0,coded,0,,1
be_angry,np_comp_alt,0,coded,0,,1
be_angry,direct_speech,0,coded,0,,1
be_angry,subjunctive_comp,0,coded,0,,1
be_angry,comp_for_to,0,coded,0,,1
be_angry,comp_bare_inf,0,coded,0,,1
be_angry,comp_exclamative,0,coded,0,,1
be_angry,comp_poss_ing,0,coded,0,,1
be_angry,extraposition,0,coded,0,,1
be_angry,raising,0,coded,0,,1
be_angry,ditransitive,0,na,0,,
be_angry,factive_passive,0,na,0,,
be_angry,neg_raising,0,coded,0,,1
be_angry,weak_island,0,coded,0,,1
be_angry,pro_complement,0,coded,0,,1
be_angry,npi_licenser,0,coded,0,,1
be_angry,stative,1,coded,0,,1
be_angry,content_noun_fact,0,coded,0,,1
be_angry,derived_nominal,0,coded,0,,1
be_angry,phrasal,0,lexical,0,,
be_angry,be_copula,1,lexical,0,,
be_aware,that_omission,1,coded,0,,1
be_aware,comp_inf,0,coded,0,,1
be_aware,ecm,0,coded,0,,1
be_aware,comp_interrog,1,coded,0,,1
be_aware,comp_gerund,0,coded,0,,1
be_aware,comp_small_clause,0,coded,0,,1
be_aware,np_comp_alt,0,coded,0,,1
be_aware,direct_speech,0,coded,0,,1
be_aware,subjunctive_comp,0,coded,0,,1
be_aware,comp_for_to,0,coded,0,,1
be_aware,comp_bare_inf,0,coded,0,,1
be_aware,comp_exclamative,1,coded,0,,1
be_aware,comp_poss_ing,0,coded,0,,1
be_aware,extraposition,0,coded,0,,1
be_aware,raising,0,coded,0,,1
be_aware,ditransitive,0,na,0,,
be_aware,factive_passive,0,na,0,,
be_aware,neg_raising,0,coded,0,,1
be_aware,weak_island,1,coded,0,,1
be_aware,pro_complement,0,coded,0,,1
be_aware,npi_licenser,0,coded,0,,1
be_aware,stative,1,coded,0,,1
be_aware,content_noun_fact,1,coded,0,,1
be_aware,derived_nominal,1,coded,0,,1
be_aware,phrasal,0,lexical,0,,
be_aware,be_copula,1,lexical,0,,
be_certain,that_omission,1,coded,0,,1
be_certain,comp_inf,0,coded,0,,1
be_certain,ecm,0,coded,0,,1
be_certain,comp_interrog,1,coded,0,,1
be_certain,comp_gerund,0,coded,0,,1
be_certain,comp_small_clause,0,coded,0,,1
be_certain,np_comp_alt,0,coded,0,,1
be_certain,direct_speech,0,coded,0,,1
be_certain,subjunctive_comp,0,coded,0,,1
be_certain,comp_for_to,0,coded,0,,1
be_certain,comp_bare_inf,0,coded,0,,1
be_certain,comp_exclamative,1,coded,0,,1
be_certain,comp_poss_ing,0,coded,0,,1
be_certain,extraposition,1,coded,0,,1
be_certain,raising,1,coded,0,,1
be_certain,ditransitive,0,na,0,,
be_certain,factive_passive,0,na,0,,
be_certain,neg_raising,0,coded,0,,1
be_certain,weak_island,1,coded,0,,1
be_certain,pro_complement,0,coded,0,,1
be_certain,npi_licenser,0,coded,0,,1
be_certain,stative,1,coded,0,,1
be_certain,content_noun_fact,1,coded,0,,1
be_certain,derived_nominal,1,coded,0,,1
be_certain,phrasal,0,lexical,0,,
be_certain,be_copula,1,lexical,0,,
be_confident,that_omission,1,coded,0,,1
be_confident,comp_inf,1,coded,0,,1
be_confident,ecm,0,coded,0,,1
be_confident,comp_interrog,0,coded,0,,1
be_confident,comp_gerund,0,coded,0,,1
be_confident,comp_small_clause,0,coded,0,,1
be_confident,np_comp_alt,0,coded,0,,1
be_confident,direct_speech,0,coded,0,,1
be_confident,subjunctive_comp,0,coded,0,,1
be_confident,comp_for_to,0,coded,0,,1
be_confident,comp_bare_inf,0,coded,0,,1
be_confident,comp_exclamative,0,coded,0,,1
be_confident,comp_poss_ing,0,coded,0,,1
be_confident,extraposition,0,coded,0,,1
be_confident,raising,0,coded,0,,1
be_confident,ditransitive,0,na,0,,
be_confident,factive_passive,0,na,0,,
be_confident,neg_raising,0,coded,0,,1
be_confident,weak_island,0,coded,0,,1
be_confident,pro_complement,1,coded,0,,1
be_confident,npi_licenser,0,coded,0,,1
be_confident,stative,1,coded,0,,1
be_confident,content_noun_fact,0,coded,0,,1
be_confident,derived_nominal,1,coded,0,,1
be_confident,phrasal,0,lexical,0,,
be_confident,be_copula,1,lexical,0,,
be_conscious,that_omission,1,coded,0,,1
be_conscious,comp_inf,0,coded,0,,1
be_conscious,ecm,0,coded,0,,1
be_conscious,comp_interrog,1,coded,0,,1
be_conscious,comp_gerund,0,coded,0,,1
be_conscious,comp_small_clause,0,coded,0,,1
be_conscious,np_comp_alt,0,coded,0,,1
be_conscious,direct_speech,0,coded,0,,1
be_conscious,subjunctive_comp,0,coded,0,,1
be_conscious,comp_for_to,0,coded,0,,1
be_conscious,comp_bare_inf,0,coded,0,,1
be_conscious,comp_exclamative,1,coded,0,,1
be_conscious,comp_poss_ing,0,coded,0,,1
be_conscious,extraposition,0,coded,0,,1
be_conscious,raising,0,coded,0,,1
be_conscious,ditransitive,0,na,0,,
be_conscious,factive_passive,0,na,0,,
be_conscious,neg_raising,0,coded,0,,1
be_conscious,weak_island,1,coded,0,,1
be_conscious,pro_complement,0,coded,0,,1
be_conscious,npi_licenser,0,coded,0,,1
be_conscious,stative,1,coded,0,,1
be_conscious,content_noun_fact,1,coded,0,,1
be_conscious,derived_nominal,1,coded,0,,1
be_conscious,phrasal,0,lexical,0,,
be_conscious,be_copula,1,lexical,0,,
be_convinced,that_omission,1,coded,0,,1
be_convinced,comp_inf,0,coded,0,,1
be_convinced,ecm,0,coded,0,,1
be_convinced,comp_interrog,1,coded,0,,1
be_convinced,comp_gerund,0,coded,0,,1
be_convinced,comp_small_clause,0,coded,0,,1
be_convinced,np_comp_alt,0,coded,0,,1
be_convinced,direct_speech,0,coded,0,,1
be_convinced,subjunctive_comp,0,coded,0,,1
be_convinced,comp_for_to,0,coded,0,,1
be_convinced,comp_bare_inf,0,coded,0,,1
be_convinced,comp_exclamative,1,coded,0,,1
be_convinced,comp_poss_ing,0,coded,0,,1
be_convinced,extraposition,0,coded,0,,1
be_convinced,raising,0,coded,0,,1
be_convinced,ditransitive,0,na,0,,
be_convinced,factive_passive,0,na,0,,
be_convinced,neg_raising,0,coded,0,,1
be_convinced,weak_island,1,coded,0,,1
be_convinced,pro_complement,0,coded,0,,1
be_convinced,npi_licenser,0,coded,0,,1
be_convinced,stative,1,coded,0,,1
be_convinced,content_noun_fact,1,coded,0,,1
be_convinced,derived_nominal,1,coded,0,,1
be_convinced,phrasal,0,lexical,0,,
be_convinced,be_copula,1,lexical,0,,
be_delighted,that_omission,0,coded,0,,1
be_delighted,comp_inf,0,coded,0,,1
be_delighted,ecm,0,coded,0,,1
be_delighted,comp_interrog,0,coded,0,,1
be_delighted,comp_gerund,0,coded,0,,1
be_delighted,comp_small_clause,0,coded,0,,1
be_delighted,np_comp_alt,0,coded,0,,1
be_delighted,direct_speech,0,coded,0,,1
be_delighted,subjunctive_comp,0,coded,0,,1
be_delighted,comp_for_to,0,coded,0,,1
be_delighted,comp_bare_inf,0,coded,0,,1
be_delighted,comp_exclamative,0,coded,0,,1
be_delighted,comp_poss_ing,0,coded,0,,1
be_delighted,extraposition,0,coded,0,,1
be_delighted,raising,0,coded,0,,1
be_delighted,ditransitive,0,na,0,,
be_delighted,factive_passive,0,na,0,,
be_delighted,neg_raising,0,coded,0,,1
be_delighted,weak_island,1,coded,0,,1
be_delighted,pro_complement,0,coded,0,,1
be_delighted,npi_licenser,0,coded,0,,1
be_delighted,stative,1,coded,0,,1
be_delighted,content_noun_fact,1,coded,0,,1
be_delighted,derived_nominal,0,coded,0,,1
be_delighted,phrasal,0,lexical,0,,
be_delighted,be_copula,1,lexical,0,,
be_disappointed,that_omission,0,coded,0,,1
be_disappointed,comp_inf,0,coded,0,,1
be_disappointed,ecm,0,coded,0,,1
be_disappointed,comp_interrog,0,coded,0,,1
be_disappointed,comp_gerund,0,coded,0,,1
be_disappointed,comp_small_clause,0,coded,0,,1
be_disappointed,np_comp_alt,0,coded,0,,1
be_disappointed,direct_speech,0,coded,0,,1
be_disappointed,subjunctive_comp,0,coded,0,,1
be_disappointed,comp_for_to,0,coded,0,,1
be_disappointed,comp_bare_inf,0,coded,0,,1
be_disappointed,comp_exclamative,0,coded,0,,1
be_disappointed,comp_poss_ing,0,coded,0,,1
be_disappointed,extraposition,0,coded,0,,1
be_disappointed,raising,0,coded,0,,1
be_disappointed,ditransitive,0,na,0,,
be_disappointed,factive_passive,0,na,0,,
be_disappointed,neg_raising,0,coded,0,,1
be_disappointed,weak_island,1,coded,0,,1
be_disappointed,pro_complement,0,coded,0,,1
be_disappointed,npi_licenser,0,coded,0,,1
be_disappointed,stative,1,coded,0,,1
be_disappointed,content_noun_fact,1,coded,0,,1
be_disappointed,derived_nominal,0,coded,0,,1
be_disappointed,phrasal,0,lexical,0,,
be_disappointed,be_copula,1,lexical,0,,
be_excited,that_omission,0,coded,0,,1
be_excited,comp_inf,0,coded,0,,1
be_excited,ecm,0,coded,0,,1
be_excited,comp_interrog,0,coded,0,,1
be_excited,comp_gerund,0,coded,0,,1
be_excited,comp_small_clause,0,coded,0,,1
be_excited,np_comp_alt,0,coded,0,,1
be_excited,direct_speech,0,coded,0,,1
be_excited,subjunctive_comp,0,coded,0,,1
be_excited,comp_for_to,0,coded,0,,1
be_excited,comp_bare_inf,0,coded,0,,1
be_excited,comp_exclamative,0,coded,0,,1
be_excited,comp_poss_ing,0,coded,0,,1
be_excited,extraposition,0,coded,0,,1
be_excited,raising,0,coded,0,,1
be_excited,ditransitive,0,na,0,,
be_excited,factive_passive,0,na,0,,
be_excited,neg_raising,0,coded,0,,1
be_excited,weak_island,1,coded,0,,1
be_excited,pro_complement,0,coded,0,,1
be_excited,npi_licenser,0,coded,0,,1
be_excited,stative,1,coded,0,,1
be_excited,content_noun_fact,1,coded,0,,1
be_excited,derived_nominal,0,coded,0,,1
be_excited,phrasal,0,lexical,0,,
be_excited,be_copula,1,lexical,0,,
be_furious,that_omission,1,coded,0,,1
be_furious,comp_inf,0,coded,0,,1
be_furious,ecm,0,coded,0,,1
be_furious,comp_interrog,0,coded,0,,1
be_furious,comp_gerund,0,coded,0,,1
be_furious,comp_small_clause,0,coded,0,,1
be_furious,np_comp_alt,0,coded,0,,1
be_furious,direct_speech,0,coded,0,,1
be_furious,subjunctive_comp,0,coded,0,,1
be_furious,comp_for_to,0,coded,0,,1
be_furious,comp_bare_inf,0,coded,0,,1
be_furious,comp_exclamative,0,coded,0,,1
be_furious,comp_poss_ing,0,coded,0,,1
be_furious,extraposition,0,coded,0,,1
be_furious,raising,0,coded,0,,1
be_furious,ditransitive,0,na,0,,
be_furious,factive_passive,0,na,0,,
be_furious,neg_raising,0,coded,0,,1
be_furious,weak_island,0,coded,0,,1
be_furious,pro_complement,0,coded,0,,1
be_furious,npi_licenser,0,coded,0,,1
be_furious,stative,1,coded,0,,1
be_furious,content_noun_fact,0,coded,0,,1
be_furious,derived_nominal,0,coded,0,,1
be_furious,phrasal,0,lexical,0,,
be_furious,be_copula,1,lexical,0,,
be_happy,that_omission,0,coded,0,,1
be_happy,comp_inf,0,coded,0,,1
be_happy,ecm,0,coded,0,,1
be_happy,comp_interrog,0,coded,0,,1
be_happy,comp_gerund,0,coded,0,,1
be_happy,comp_small_clause,0,coded,0,,1
be_happy,np_comp_alt,0,coded,0,,1
be_happy,direct_speech,0,coded,0,,1
be_happy,subjunctive_comp,0,coded,0,,1
be_happy,comp_for_to,0,coded,0,,1
be_happy,comp_bare_inf,0,coded,0,,1
be_happy,comp_exclamative,0,coded,0,,1
be_happy,comp_poss_ing,0,coded,0,,1
be_happy,extraposition,0,coded,0,,1
be_happy,raising,0,coded,0,,1
be_happy,ditransitive,0,na,0,,
be_happy,factive_passive,0,na,0,,
be_happy,neg_raising,0,coded,0,,1
be_happy,weak_island,1,coded,0,,1
be_happy,pro_complement,0,coded,0,,1
be_happy,npi_licenser,0,coded,0,,1
be_happy,stative,1,coded,0,,1
be_happy,content_noun_fact,1,coded,0,,1
be_happy,derived_nominal,1,coded,0,,1
be_happy,phrasal,0,lexical,0,,
be_happy,be_copula,1,lexical,0,,
be_horrified,that_omission,0,coded,0,,1
be_horrified,comp_inf,0,coded,0,,1
be_horrified,ecm,0,coded,0,,1
be_horrified,comp_interrog,0,coded,0,,1
be_horrified,comp_gerund,0,coded,0,,1
be_horrified,comp_small_clause,0,coded,0,,1
be_horrified,np_comp_alt,0,coded,0,,1
be_horrified,direct_speech,0,coded,0,,1
be_horrified,subjunctive_comp,0,coded,0,,1
be_horrified,comp_for_to,0,coded,0,,1
be_horrified,comp_bare_inf,0,coded,0,,1
be_horrified,comp_exclamative,0,coded,0,,1
be_horrified,comp_poss_ing,0,coded,0,,1
be_horrified,extraposition,0,coded,0,,1
be_horrified,raising,0,coded,0,,1
be_horrified,ditransitive,0,na,0,,
be_horrified,factive_passive,0,na,0,,
be_horrified,neg_raising,0,coded,0,,1
be_horrified,weak_island,1,coded,0,,1
be_horrified,pro_complement,0,coded,0,,1
be_horrified,npi_licenser,0,coded,0,,1
be_horrified,stative,1,coded,0,,1
be_horrified,content_noun_fact,1,coded,0,,1
be_horrified,derived_nominal,0,coded,0,,1
be_horrified,phrasal,0,lexical,0,,
be_horrified,be_copula,1,lexical,0,,
be_hurt,that_omission,0,coded,0,,1
be_hurt,comp_inf,0,coded,0,,1
be_hurt,ecm,0,coded,0,,1
be_hurt,comp_interrog,0,coded,0,,1
be_hurt,comp_gerund,0,coded,0,,1
be_hurt,comp_small_clause,0,coded,0,,1
be_hurt,np_comp_alt,0,coded,0,,1
be_hurt,direct_speech,0,coded,0,,1
be_hurt,subjunctive_comp,0,coded,0,,1
be_hurt,comp_for_to,0,coded,0,,1
be_hurt,comp_bare_inf,0,coded,0,,1
be_hurt,comp_exclamative,0,coded,0,,1
be_hurt,comp_poss_ing,0,coded,0,,1
be_hurt,extraposition,0,coded,0,,1
be_hurt,raising,0,coded,0,,1
be_hurt,ditransitive,0,na,0,,
be_hurt,factive_passive,0,na,0,,
be_hurt,neg_raising,0,coded,0,,1
be_hurt,weak_island,1,coded,0,,1
be_hurt,pro_complement,0,coded,0,,1
be_hurt,npi_licenser,0,coded,0,,1
be_hurt,stative,1,coded,0,,1
be_hurt,content_noun_fact,1,coded,0,,1
be_hurt,derived_nominal,0,coded,0,,1
be_hurt,phrasal,0,lexical,0,,
be_hurt,be_copula,1,lexical,0,,
be_irritated,that_omission,0,coded,0,,1
be_irritated,comp_inf,0,coded,0,,1
be_irritated,ecm,0,coded,0,,1
be_irritated,comp_interrog,0,coded,0,,1
be_irritated,comp_gerund,0,coded,0,,1
be_irritated,comp_small_clause,0,coded,0,,1
be_irritated,np_comp_alt,0,coded,0,,1
be_irritated,direct_speech,0,coded,0,,1
be_irritated,subjunctive_comp,0,coded,0,,1
be_irritated,comp_for_to,0,coded,0,,1
be_irritated,comp_bare_inf,0,coded,0,,1
be_irritated,comp_exclamative,0,coded,0,,1
be_irritated,comp_poss_ing,0,coded,0,,1
be_irritated,extraposition,0,coded,0,,1
be_irritated,raising,0,coded,0,,1
be_irritated,ditransitive,0,na,0,,
be_irritated,factive_passive,0,na,0,,
be_irritated,neg_raising,0,coded,0,,1
be_irritated,weak_island,1,coded,0,,1
be_irritated,pro_complement,0,coded,0,,1
be_irritated,npi_licenser,0,coded,0,,1
be_irritated,stative,1,coded,0,,1
be_irritated,content_noun_fact,1,coded,0,,1
be_irritated,derived_nominal,0,coded,0,,1
be_irritated,phrasal,0,lexical,0,,
be_irritated,be_copula,1,lexical,0,,
be_jealous,that_omission,1,coded,0,,1
be_jealous,comp_inf,0,coded,0,,1
be_jealous,ecm,0,coded,0,,1
be_jealous,comp_interrog,0,coded,0,,1
be_jealous,comp_gerund,0,coded,0,,1
be_jealous,comp_small_clause,0,coded,0,,1
be_jealous,np_comp_alt,0,coded,0,,1
be_jealous,direct_speech,0,coded,0,,1
be_jealous,subjunctive_comp,0,coded,0,,1
be_jealous,comp_for_to,0,coded,0,,1
be_jealous,comp_bare_inf,0,coded,0,,1
be_jealous,comp_exclamative,0,coded,0,,1
be_jealous,comp_poss_ing,0,coded,0,,1
be_jealous,extraposition,0,coded,0,,1
be_jealous,raising,0,coded,0,,1
be_jealous,ditransitive,0,na,0,,
be_jealous,factive_passive,0,na,0,,
be_jealous,neg_raising,0,coded,0,,1
be_jealous,weak_island,0,coded,0,,1
be_jealous,pro_complement,0,coded,0,,1
be_jealous,npi_licenser,0,coded,0,,1
be_jealous,stative,1,coded,0,,1
be_jealous,content_noun_fact,0,coded,0,,1
be_jealous,derived_nominal,0,coded,0,,1
be_jealous,phrasal,0,lexical,0,,
be_jealous,be_copula,1,lexical,0,,
be_mad,that_omission,1,coded,0,,1
be_mad,comp_inf,0,coded,0,,1
be_mad,ecm,0,coded,0,,1
be_mad,comp_interrog,0,coded,0,,1
be_mad,comp_gerund,0,coded,0,,1
be_mad,comp_small_clause,0,coded,0,,1
be_mad,np_comp_alt,0,coded,0,,1
be_mad,direct_speech,0,coded,0,,1
be_mad,subjunctive_comp,0,coded,0,,1
be_mad,comp_for_to,0,coded,0,,1
be_mad,comp_bare_inf,0,coded,0,,1
be_mad,comp_exclamative,0,coded,0,,1
be_mad,comp_poss_ing,0,coded,0,,1
be_mad,extraposition,0,coded,0,,1
be_mad,raising,0,coded,0,,1
be_mad,ditransitive,0,na,0,,
be_mad,factive_passive,0,na,0,,
be_mad,neg_raising,0,coded,0,,1
be_mad,weak_island,0,coded,0,,1
be_mad,pro_complement,0,coded,0,,1
be_mad,npi_licenser,0,coded,0,,1
be_mad,stative,1,coded,0,,1
be_mad,content_noun_fact,0,coded,0,,1
be_mad,derived_nominal,0,coded,0,,1
be_mad,phrasal,0,lexical,0,,
be_mad,be_copula,1,lexical,0,,
be_outraged,that_omission,0,coded,0,,1
be_outraged,comp_inf,0,coded,0,,1
be_outraged,ecm,0,coded,0,,1
be_outraged,comp_interrog,0,coded,0,,1
be_outraged,comp_gerund,0,coded,0,,1
be_outraged,comp_small_clause,0,coded,0,,1
be_outraged,np_comp_alt,0,coded,0,,1
be_outraged,direct_speech,0,coded,0,,1
be_outraged,subjunctive_comp,0,coded,0,,1
be_outraged,comp_for_to,0,coded,0,,1
be_outraged,comp_bare_inf,0,coded,0,,1
be_outraged,comp_exclamative,0,coded,0,,1
be_outraged,comp_poss_ing,0,coded,0,,1
be_outraged,extraposition,0,coded,0,,1
be_outraged,raising,0,coded,0,,1
be_outraged,ditransitive,0,na,0,,
be_outraged,factive_passive,0,na,0,,
be_outraged,neg_raising,0,coded,0,,1
be_outraged,weak_island,1,coded,0,,1
be_outraged,pro_complement,0,coded,0,,1
be_outraged,npi_licenser,0,coded,0,,1
be_outraged,stative,1,coded,0,,1
be_outraged,content_noun_fact,1,coded,0,,1
be_outraged,derived_nominal,0,coded,0,,1
be_outraged,phrasal,0,lexical,0,,
be_outraged,be_copula,1,lexical,0,,
be_pleased,that_omission,0,coded,0,,1
be_pleased,comp_inf,0,coded,0,,1
be_pleased,ecm,0,coded,0,,1
be_pleased,comp_interrog,0,coded,0,,1
be_pleased,comp_gerund,0,coded,0,,1
be_pleased,comp_small_clause,0,coded,0,,1
be_pleased,np_comp_alt,0,coded,0,,1
be_pleased,direct_speech,0,coded,0,,1
be_pleased,subjunctive_comp,0,coded,0,,1
be_pleased,comp_for_to,0,coded,0,,1
be_pleased,comp_bare_inf,0,coded,0,,1
be_pleased,comp_exclamative,0,coded,0,,1
be_pleased,comp_poss_ing,0,coded,0,,1
be_pleased,extraposition,0,coded,0,,1
be_pleased,raising,0,coded,0,,1
be_pleased,ditransitive,0,na,0,,
be_pleased,factive_passive,0,na,0,,
be_pleased,neg_raising,0,coded,0,,1
be_pleased,weak_island,1,coded,0,,1
be_pleased,pro_complement,0,coded,0,,1
be_pleased,npi_licenser,0,coded,0,,1
be_pleased,stative,1,coded,0,,1
be_pleased,content_noun_fact,1,coded,0,,1
be_pleased,derived_nominal,1,coded,0,,1
be_pleased,phrasal,0,lexical,0,,
be_pleased,be_copula,1,lexical,0,,
be_relieved,that_omission,0,coded,0,,1
be_relieved,comp_inf,0,coded,0,,1
be_relieved,ecm,0,coded,0,,1
be_relieved,comp_interrog,0,coded,0,,1
be_relieved,comp_gerund,0,coded,0,,1
be_relieved,comp_small_clause,0,coded,0,,1
be_relieved,np_comp_alt,0,coded,0,,1
be_relieved,direct_speech,0,coded,0,,1
be_relieved,subjunctive_comp,0,coded,0,,1
be_relieved,comp_for_to,0,coded,0,,1
be_relieved,comp_bare_inf,0,coded,0,,1
be_relieved,comp_exclamative,0,coded,0,,1
be_relieved,comp_poss_ing,0,coded,0,,1
be_relieved,extraposition,0,coded,0,,1
be_relieved,raising,0,coded,0,,1
be_relieved,ditransitive,0,na,0,,
be_relieved,factive_passive,0,na,0,,
be_relieved,neg_raising,0,coded,0,,1
be_relieved,weak_island,1,coded,0,,1
be_relieved,pro_complement,0,coded,0,,1
be_relieved,npi_licenser,0,coded,0,,1
be_relieved,stative,1,coded,0,,1
be_relieved,content_noun_fact,1,coded,0,,1
be_relieved,derived_nominal,1,coded,0,,1
be_relieved,phrasal,0,lexical,0,,
be_relieved,be_copula,1,lexical,0,,
be_sad,that_omission,0,coded,0,,1
be_sad,comp_inf,0,coded,0,,1
be_sad,ecm,0,coded,0,,1
be_sad,comp_interrog,0,coded,0,,1
be_sad,comp_gerund,0,coded,0,,1
be_sad,comp_small_clause,0,coded,0,,1
be_sad,np_comp_alt,0,coded,0,,1
be_sad,direct_speech,0,coded,0,,1
be_sad,subjunctive_comp,0,coded,0,,1
be_sad,comp_for_to,0,coded,0,,1
be_sad,comp_bare_inf,0,coded,0,,1
be_sad,comp_exclamative,0,coded,0,,1
be_sad,comp_poss_ing,0,coded,0,,1
be_sad,extraposition,0,coded,0,,1
be_sad,raising,0,coded,0,,1
be_sad,ditransitive,0,na,0,,
be_sad,factive_passive,0,na,0,,
be_sad,neg_raising,0,coded,0,,1
be_sad,weak_island,1,coded,0,,1
be_sad,pro_complement,0,coded,0,,1
be_sad,npi_licenser,0,coded,0,,1
be_sad,stative,1,coded,0,,1
be_sad,content_noun_fact,1,coded,0,,1
be_sad,derived_nominal,1,coded,0,,1
be_sad,phrasal,0,lexical,0,,
be_sad,be_copula,1,lexical,0,,
be_satisfied,that_omission,0,coded,0,,1
be_satisfied,comp_inf,0,coded,0,,1
be_satisfied,ecm,0,coded,0,,1
be_satisfied,comp_interrog,0,coded,0,,1
be_satisfied,comp_gerund,0,coded,0,,1
be_satisfied,comp_small_clause,0,coded,0,,1
be_satisfied,np_comp_alt,0,coded,0,,1
be_satisfied,direct_speech,0,coded,0,,1
be_satisfied,subjunctive_comp,0,coded,0,,1
be_satisfied,comp_for_to,0,coded,0,,1
be_satisfied,comp_bare_inf,0,coded,0,,1
be_satisfied,comp_exclamative,0,coded,0,,1
be_satisfied,comp_poss_ing,0,coded,0,,1
be_satisfied,extraposition,0,coded,0,,1
be_satisfied,raising,0,coded,0,,1
be_satisfied,ditransitive,0,na,0,,
be_satisfied,factive_passive,0,na,0,,
be_satisfied,neg_raising,0,coded,0,,1
be_satisfied,weak_island,1,coded,0,,1
be_satisfied,pro_complement,0,coded,0,,1
be_satisfied,npi_licenser,0,coded,0,,1
be_satisfied,stative,1,coded,0,,1
be_satisfied,content_noun_fact,1,coded,0,,1
be_satisfied,derived_nominal,1,coded,0,,1
be_satisfied,phrasal,0,lexical,0,,
be_satisfied,be_copula,1,lexical,0,,
be_skeptical,that_omission,1,coded,0,,1
be_skeptical,comp_inf,0,coded,0,,1
be_skeptical,ecm,0,coded,0,,1
be_skeptical,comp_interrog,0,coded,0,,1
be_skeptical,comp_gerund,0,coded,0,,1
be_skeptical,comp_small_clause,0,coded,0,,1
be_skeptical,np_comp_alt,0,coded,0,,1
be_skeptical,direct_speech,0,coded,0,,1
be_skeptical,subjunctive_comp,0,coded,0,,1
be_skeptical,comp_for_to,0,coded,0,,1
be_skeptical,comp_bare_inf,0,coded,0,,1
be_skeptical,comp_exclamative,0,coded,0,,1
be_skeptical,comp_poss_ing,0,coded,0,,1
be_skeptical,extraposition,0,coded,0,,1
be_skeptical,raising,0,coded,0,,1
be_skeptical,ditransitive,0,na,0,,
be_skeptical,factive_passive,0,na,0,,
be_skeptical,neg_raising,0,coded,0,,1
be_skeptical,weak_island,0,coded,0,,1
be_skeptical,pro_complement,1,coded,0,,1
be_skeptical,npi_licenser,1,coded,0,,1
be_skeptical,stative,1,coded,0,,1
be_skeptical,content_noun_fact,0,coded,0,,1
be_skeptical,derived_nominal,0,coded,0,,1
be_skeptical,phrasal,0,lexical,0,,
be_skeptical,be_copula,1,lexical,0,,
be_sure,that_omission,1,coded,0,,1
be_sure,comp_inf,0,coded,0,,1
be_sure,ecm,0,coded,0,,1
be_sure,comp_interrog,1,coded,0,,1
be_sure,comp_gerund,0,coded,0,,1
be_sure,comp_small_clause,0,coded,0,,1
be_sure,np_comp_alt,0,coded,0,,1
be_sure,direct_speech,0,coded,0,,1
be_sure,subjunctive_comp,0,coded,0,,1
be_sure,comp_for_to,0,coded,0,,1
be_sure,comp_bare_inf,0,coded,0,,1
be_sure,comp_exclamative,1,coded,0,,1
be_sure,comp_poss_ing,0,coded,0,,1
be_sure,extraposition,1,coded,0,,1
be_sure,raising,1,coded,0,,1
be_sure,ditransitive,0,na,0,,
be_sure,factive_passive,0,na,0,,
be_sure,neg_raising,0,coded,0,,1
be_sure,weak_island,1,coded,0,,1
be_sure,pro_complement,0,coded,0,,1
be_sure,npi_licenser,0,coded,0,,1
be_sure,stative,1,coded,0,,1
be_sure,content_noun_fact,1,coded,0,,1
be_sure,derived_nominal,1,coded,0,,1
be_sure,phrasal,0,lexical,0,,
be_sure,be_copula,1,lexical,0,,
be_thankful,that_omission,0,coded,0,,1
be_thankful,comp_inf,0,coded,0,,1
be_thankful,ecm,0,coded,0,,1
be_thankful,comp_interrog,0,coded,0,,1
be_thankful,comp_gerund,0,coded,0,,1
be_thankful,comp_small_clause,0,coded,0,,1
be_thankful,np_comp_alt,0,coded,0,,1
be_thankful,direct_speech,0,coded,0,,1
be_thankful,subjunctive_comp,0,coded,0,,1
be_thankful,comp_for_to,0,coded,0,,1
be_thankful,comp_bare_inf,0,coded,0,,1
be_thankful,comp_exclamative,0,coded,0,,1
be_thankful,comp_poss_ing,0,coded,0,,1
be_thankful,extraposition,0,coded,0,,1
be_thankful,raising,0,coded,0,,1
be_thankful,ditransitive,0,na,0,,
be_thankful,factive_passive,0,na,0,,
be_thankful,neg_raising,0,coded,0,,1
be_thankful,weak_island,1,coded,0,,1
be_thankful,pro_complement,0,coded,0,,1
be_thankful,npi_licenser,0,coded,0,,1
be_thankful,stative,1,coded,0,,1
be_thankful,content_noun_fact,1,coded,0,,1
be_thankful,derived_nominal,0,coded,0,,1
be_thankful,phrasal,0,lexical,0,,
be_thankful,be_copula,1,lexical,0,,
be_thrilled,that_omission,0,coded,0,,1
be_thrilled,comp_inf,0,coded,0,,1
be_thrilled,ecm,0,coded,0,,1
be_thrilled,comp_interrog,0,coded,0,,1
be_thrilled,comp_gerund,0,coded,0,,1
be_thrilled,comp_small_clause,0,coded,0,,1
be_thrilled,np_comp_alt,0,coded,0,,1
be_thrilled,direct_speech,0,coded,0,,1
be_thrilled,subjunctive_comp,0,coded,0,,1
be_thrilled,comp_for_to,0,coded,0,,1
be_thrilled,comp_bare_inf,0,coded,0,,1
be_thrilled,comp_exclamative,0,coded,0,,1
be_thrilled,comp_poss_ing,0,coded,0,,1
be_thrilled,extraposition,0,coded,0,,1
be_thrilled,raising,0,coded,0,,1
be_thrilled,ditransitive,0,na,0,,
be_thrilled,factive_passive,0,na,0,,
be_thrilled,neg_raising,0,coded,0,,1
be_thrilled,weak_island,1,coded,0,,1
be_thrilled,pro_complement,0,coded,0,,1
be_thrilled,npi_licenser,0,coded,0,,1
be_thrilled,stative,1,coded,0,,1
be_thrilled,content_noun_fact,1,coded,0,,1
be_thrilled,derived_nominal,0,coded,0,,1
be_thrilled,phrasal,0,lexical,0,,
be_thrilled,be_copula,1,lexical,0,,
be_unaware,that_omission,1,coded,0,,1
be_unaware,comp_inf,0,coded,0,,1
be_unaware,ecm,0,coded,0,,1
be_unaware,comp_interrog,0,coded,0,,1
be_unaware,comp_gerund,0,coded,0,,1
be_unaware,comp_small_clause,0,coded,0,,1
be_unaware,np_comp_alt,0,coded,0,,1
be_unaware,direct_speech,0,coded,0,,1
be_unaware,subjunctive_comp,0,coded,0,,1
be_unaware,comp_for_to,0,coded,0,,1
be_unaware,comp_bare_inf,0,coded,0,,1
be_unaware,comp_exclamative,0,coded,0,,1
be_unaware,comp_poss_ing,0,coded,0,,1
be_unaware,extraposition,0,coded,0,,1
be_unaware,raising,0,coded,0,,1
be_unaware,ditransitive,0,na,0,,
be_unaware,factive_passive,0,na,0,,
be_unaware,neg_raising,0,coded,0,,1
be_unaware,weak_island,1,coded,0,,1
be_unaware,pro_complement,0,coded,0,,1
be_unaware,npi_licenser,1,coded,0,,1
be_unaware,stative,1,coded,0,,1
be_unaware,content_noun_fact,1,coded,0,,1
be_unaware,derived_nominal,1,coded,0,,1
be_unaware,phrasal,0,lexical,0,,
be_unaware,be_copula,1,lexical,0,,
be_uncertain,that_omission,1,coded,0,,1
be_uncertain,comp_inf,0,coded,0,,1
be_uncertain,ecm,0,coded,0,,1
be_uncertain,comp_interrog,0,coded,0,,1
be_uncertain,comp_gerund,0,coded,0,,1
be_uncertain,comp_small_clause,0,coded,0,,1
be_uncertain,np_comp_alt,0,coded,0,,1
be_uncertain,direct_speech,0,coded,0,,1
be_uncertain,subjunctive_comp,0,coded,0,,1
be_uncertain,comp_for_to,0,coded,0,,1
be_uncertain,comp_bare_inf,0,coded,0,,1
be_uncertain,comp_exclamative,0,coded,0,,1
be_uncertain,comp_poss_ing,0,coded,0,,1
be_uncertain,extraposition,0,coded,0,,1
be_uncertain,raising,0,coded,0,,1
be_uncertain,ditransitive,0,na,0,,
be_uncertain,factive_passive,0,na,0,,
be_uncertain,neg_raising,0,coded,0,,1
be_uncertain,weak_island,0,coded,0,,1
be_uncertain,pro_complement,1,coded,0,,1
be_uncertain,npi_licenser,0,coded,0,,1
be_uncertain,stative,1,coded,0,,1
be_uncertain,content_noun_fact,0,coded,0,,1
be_uncertain,derived_nominal,1,coded,0,,1
be_uncertain,phrasal,0,lexical,0,,
be_uncertain,be_copula,1,lexical,0,,
be_upset,that_omission,0,coded,0,,1
be_upset,comp_inf,0,coded,0,,1
be_upset,ecm,0,coded,0,,1
be_upset,comp_interrog,0,coded,0,,1
be_upset,comp_gerund,0,coded,0,,1
be_upset,comp_small_clause,0,coded,0,,1
be_upset,np_comp_alt,0,coded,0,,1
be_upset,direct_speech,0,coded,0,,1
be_upset,subjunctive_comp,0,coded,0,,1
be_upset,comp_for_to,0,coded,0,,1
be_upset,comp_bare_inf,0,coded,0,,1
be_upset,comp_exclamative,0,coded,0,,1
be_upset,comp_poss_ing,0,coded,0,,1
be_upset,extraposition,0,coded,0,,1
be_upset,raising,0,coded,0,,1
be_upset,ditransitive,0,na,0,,
be_upset,factive_passive,0,na,0,,
be_upset,neg_raising,0,coded,0,,1
be_upset,weak_island,1,coded,0,,1
be_upset,pro_complement,0,coded,0,,1
be_upset,npi_licenser,0,coded,0,,1
be_upset,stative,1,coded,0,,1
be_upset,content_noun_fact,1,coded,0,,1
be_upset,derived_nominal,0,coded,0,,1
be_upset,phrasal,0,lexical,0,,
be_upset,be_copula,1,lexical,0,,
be_worried,that_omission,1,coded,0,,1
be_worried,comp_inf,0,coded,0,,1
be_worried,ecm,0,coded,0,,1
be_worried,comp_interrog,0,coded,0,,1
be_worried,comp_gerund,0,coded,0,,1
be_worried,comp_small_clause,0,coded,0,,1
be_worried,np_comp_alt,0,coded,0,,1
be_worried,direct_speech,0,coded,0,,1
be_worried,subjunctive_comp,0,coded,0,,1
be_worried,comp_for_to,0,coded,0,,1
be_worried,comp_bare_inf,0,coded,0,,1
be_worried,comp_exclamative,0,coded,0,,1
be_worried,comp_poss_ing,0,coded,0,,1
be_worried,extraposition,0,coded,0,,1
be_worried,raising,0,coded,0,,1
be_worried,ditransitive,0,na,0,,
be_worried,factive_passive,0,na,0,,
be_worried,neg_raising,0,coded,0,,1
be_worried,weak_island,0,coded,0,,1
be_worried,pro_complement,0,coded,0,,1
be_worried,npi_licenser,0,coded,0,,1
be_worried,stative,1,coded,0,,1
be_worried,content_noun_fact,0,coded,0,,1
be_worried,derived_nominal,1,coded,0,,1
be_worried,phrasal,0,lexical,0,,
be_worried,be_copula,1,lexical,0,,
turn_out,that_omission,1,coded,0,,1
turn_out,comp_inf,1,coded,0,,1
turn_out,ecm,0,coded,0,,1
turn_out,comp_interrog,0,coded,0,,1
turn_out,comp_gerund,0,coded,0,,1
turn_out,comp_small_clause,0,coded,0,,1
turn_out,np_comp_alt,0,coded,0,,1
turn_out,direct_speech,0,coded,0,,1
turn_out,subjunctive_comp,0,coded,0,,1
turn_out,comp_for_to,0,coded,0,,1
turn_out,comp_bare_inf,0,coded,0,,1
turn_out,comp_exclamative,0,coded,0,,1
turn_out,comp_poss_ing,0,coded,0,,1
turn_out,extraposition,1,coded,0,,1
turn_out,raising,1,coded,0,,1
turn_out,ditransitive,0,coded,0,,1
turn_out,factive_passive,0,coded,0,,1
turn_out,neg_raising,0,coded,0,,1
turn_out,weak_island,0,coded,0,,1
turn_out,pro_complement,0,coded,0,,1
turn_out,npi_licenser,0,coded,0,,1
turn_out,stative,1,coded,0,,1
turn_out,content_noun_fact,0,coded,0,,1
turn_out,derived_nominal,0,coded,0,,1
turn_out,phrasal,1,lexical,0,,
turn_out,be_copula,0,lexical,0,,
seem,that_omission,1,coded,0,,1
seem,comp_inf,1,coded,0,,1
seem,ecm,0,coded,0,,1
seem,comp_interrog,0,coded,0,,1
seem,comp_gerund,0,coded,0,,1
seem,comp_small_clause,0,coded,0,,1
seem,np_comp_alt,0,coded,0,,1
seem,direct_speech,0,coded,0,,1
seem,subjunctive_comp,0,coded,0,,1
seem,comp_for_to,0,coded,0,,1
seem,comp_bare_inf,0,coded,0,,1
seem,comp_exclamative,0,coded,0,,1
seem,comp_poss_ing,0,coded,0,,1
seem,extraposition,1,coded,0,,1
seem,raising,1,coded,0,,1
seem,ditransitive,0,coded,0,,1
seem,factive_passive,0,coded,0,,1
seem,neg_raising,1,coded,0,,1
seem,weak_island,0,coded,0,,1
seem,pro_complement,0,coded,0,,1
seem,npi_licenser,0,coded,0,,1
seem,stative,1,coded,0,,1
seem,content_noun_fact,0,coded,0,,1
seem,derived_nominal,0,coded,0,,1
seem,phrasal,0,lexical,0,,
seem,be_copula,0,lexical,0,,
appear,that_omission,1,coded,0,,1
appear,comp_inf,1,coded,0,,1
appear,ecm,0,coded,0,,1
appear,comp_interrog,0,coded,0,,1
appear,comp_gerund,0,coded,0,,1
appear,comp_small_clause,0,coded,0,,1
appear,np_comp_alt,0,coded,0,,1
appear,direct_speech,0,coded,0,,1
appear,subjunctive_comp,0,coded,0,,1
appear,comp_for_to,0,coded,0,,1
appear,comp_bare_inf,0,coded,0,,1
appear,comp_exclamative,0,coded,0,,1
appear,comp_poss_ing,0,coded,0,,1
appear,extraposition,1,coded,0,,1
appear,raising,1,coded,0,,1
appear,ditransitive,0,coded,0,,1
appear,factive_passive,0,coded,0,,1
appear,neg_raising,1,coded,0,,1
appear,weak_island,0,coded,0,,1
appear,pro_complement,0,coded,0,,1
appear,npi_licenser,0,coded,0,,1
appear,stative,1,coded,0,,1
appear,content_noun_fact,0,coded,0,,1
appear,derived_nominal,0,coded,0,,1
appear,phrasal,0,lexical,0,,
appear,be_copula,0,lexical,0,,
aver,that_omission,1,coded,0,,1
aver,comp_inf,0,coded,0,,1
aver,ecm,0,coded,0,,1
aver,comp_interrog,0,coded,0,,1
aver,comp_gerund,0,coded,0,,1
aver,comp_small_clause,0,coded,0,,1
aver,np_comp_alt,0,coded,0,,1
aver,direct_speech,1,coded,0,,1
aver,subjunctive_comp,0,coded,0,,1
aver,comp_for_to,0,coded,0,,1
aver,comp_bare_inf,0,coded,0,,1
aver,comp_exclamative,0,coded,0,,1
aver,comp_poss_ing,0,coded,0,,1
aver,extraposition,0,coded,0,,1
aver,raising,0,coded,0,,1
aver,ditransitive,0,coded,0,,1
aver,factive_passive,0,coded,0,,1
aver,neg_raising,0,coded,0,,1
aver,weak_island,0,coded,0,,1
aver,pro_complement,0,coded,0,,1
aver,npi_licenser,0,coded,0,,1
aver,stative,1,coded,0,,1
aver,content_noun_fact,0,coded,0,,1
aver,derived_nominal,0,coded,0,,1
aver,phrasal,0,lexical,0,,
aver,be_copula,0,lexical,0,,
avow,that_omission,1,coded,0,,1
avow,comp_inf,0,coded,0,,1
avow,ecm,0,coded,0,,1
avow,comp_interrog,0,coded,0,,1
avow,comp_gerund,0,coded,0,,1
avow,comp_small_clause,0,coded,0,,1
avow,np_comp_alt,0,coded,0,,1
avow,direct_speech,1,coded,0,,1
avow,subjunctive_comp,0,coded,0,,1
avow,comp_for_to,0,coded,0,,1
avow,comp_bare_inf,0,coded,0,,1
avow,comp_exclamative,0,coded,0,,1
avow,comp_poss_ing,0,coded,0,,1
avow,extraposition,0,coded,0,,1
avow,raising,0,coded,0,,1
avow,ditransitive,0,coded,0,,1
avow,factive_passive,0,coded,0,,1
avow,neg_raising,0,coded,0,,1
avow,weak_island,0,coded,0,,1
avow,pro_complement,0,coded,0,,1
avow,npi_licenser,0,coded,0,,1
avow,stative,1,coded,0,,1
avow,content_noun_fact,0,coded,0,,1
avow,derived_nominal,1,coded,0,,1
avow,phrasal,0,lexical,0,,
avow,be_copula,0,lexical,0,,
protest,that_omission,1,coded,0,,1
protest,comp_inf,0,coded,0,,1
protest,ecm,0,coded,0,,1
protest,comp_interrog,0,coded,0,,1
protest,comp_gerund,0,coded,0,,1
protest,comp_small_clause,0,coded,0,,1
protest,np_comp_alt,0,coded,0,,1
protest,direct_speech,1,coded,0,,1
protest,subjunctive_comp,0,coded,0,,1
protest,comp_for_to,0,coded,0,,1
protest,comp_bare_inf,0,coded,0,,1
protest,comp_exclamative,0,coded,0,,1
protest,comp_poss_ing,0,coded,0,,1
protest,extraposition,0,coded,0,,1
protest,raising,0,coded,0,,1
protest,ditransitive,0,coded,0,,1
protest,factive_passive,0,coded,0,,1
protest,neg_raising,0,coded,0,,1
protest,weak_island,0,coded,0,,1
protest,pro_complement,0,coded,0,,1
protest,npi_licenser,0,coded,0,,1
protest,stative,1,coded,0,,1
protest,content_noun_fact,0,coded,0,,1
protest,derived_nominal,1,coded,0,,1
protest,phrasal,0,lexical,0,,
protest,be_copula,0,lexical,0,,
profess,that_omission,1,coded,0,,1
profess,comp_inf,1,coded,0,,1
profess,ecm,0,coded,0,,1
profess,comp_interrog,0,coded,0,,1
profess,comp_gerund,0,coded,0,,1
profess,comp_small_clause,0,coded,0,,1
profess,np_comp_alt,0,coded,0,,1
profess,direct_speech,1,coded,0,,1
profess,subjunctive_comp,0,coded,0,,1
profess,comp_for_to,0,coded,0,,1
profess,comp_bare_inf,0,coded,0,,1
profess,comp_exclamative,0,coded,0,,1
profess,comp_poss_ing,0,coded,0,,1
profess,extraposition,0,coded,0,,1
profess,raising,0,coded,0,,1
profess,ditransitive,0,coded,0,,1
profess,factive_passive,0,coded,0,,1
profess,neg_raising,0,coded,0,,1
profess,weak_island,0,coded,0,,1
profess,pro_complement,0,coded,0,,1
profess,npi_licenser,0,coded,0,,1
profess,stative,1,coded,0,,1
profess,content_noun_fact,0,coded,0,,1
profess,derived_nominal,1,coded,0,,1
profess,phrasal,0,lexical,0,,
profess,be_copula,0,lexical,0,,
hold,that_omission,1,coded,0,,1
hold,comp_inf,0,coded,0,,1
hold,ecm,0,coded,0,,1
hold,comp_interrog,0,coded,0,,1
hold,comp_gerund,0,coded,0,,1
hold,comp_small_clause,0,coded,0,,1
hold,np_comp_alt,0,coded,0,,1
hold,direct_speech,1,coded,0,,1
hold,subjunctive_comp,0,coded,0,,1
hold,comp_for_to,0,coded,0,,1
hold,comp_bare_inf,0,coded,0,,1
hold,comp_exclamative,0,coded,0,,1
hold,comp_poss_ing,0,coded,0,,1
hold,extraposition,0,coded,0,,1
hold,raising,0,coded,0,,1
hold,ditransitive,0,coded,0,,1
hold,factive_passive,0,coded,0,,1
hold,neg_raising,0,coded,0,,1
hold,weak_island,0,coded,0,,1
hold,pro_complement,0,coded,0,,1
hold,npi_licenser,0,coded,0,,1
hold,stative,1,coded,0,,1
hold,content_noun_fact,0,coded,0,,1
hold,derived_nominal,1,coded,0,,1
hold,phrasal,0,lexical,0,,
hold,be_copula,0,lexical,0,,
opine,that_omission,1,coded,0,,1
opine,comp_inf,0,coded,0,,1
opine,ecm,0,coded,0,,1
opine,comp_interrog,0,coded,0,,1
opine,comp_gerund,0,coded,0,,1
opine,comp_small_clause,0,coded,0,,1
opine,np_comp_alt,0,coded,0,,1
opine,direct_speech,1,coded,0,,1
opine,subjunctive_comp,0,coded,0,,1
opine,comp_for_to,0,coded,0,,1
opine,comp_bare_inf,0,coded,0,,1
opine,comp_exclamative,0,coded,0,,1
opine,comp_poss_ing,0,coded,0,,1
opine,extraposition,0,coded,0,,1
opine,raising,0,coded,0,,1
opine,ditransitive,0,coded,0,,1
opine,factive_passive,0,coded,0,,1
opine,neg_raising,0,coded,0,,1
opine,weak_island,0,coded,0,,1
opine,pro_complement,0,coded,0,,1
opine,npi_licenser,0,coded,0,,1
opine,stative,1,coded,0,,1
opine,content_noun_fact,0,coded,0,,1
opine,derived_nominal,1,coded,0,,1
opine,phrasal,0,lexical,0,,
opine,be_copula,0,lexical,0,,
intimate,that_omission,1,coded,0,,1
intimate,comp_inf,0,coded,0,,1
intimate,ecm,0,coded,0,,1
intimate,comp_interrog,0,coded,0,,1
intimate,comp_gerund,0,coded,0,,1
intimate,comp_small_clause,0,coded,0,,1
intimate,np_comp_alt,0,coded,0,,1
intimate,direct_speech,1,coded,0,,1
intimate,subjunctive_comp,0,coded,0,,1
intimate,comp_for_to,0,coded,0,,1
intimate,comp_bare_inf,0,coded,0,,1
intimate,comp_exclamative,0,coded,0,,1
intimate,comp_poss_ing,0,coded,0,,1
intimate,extraposition,0,coded,0,,1
intimate,raising,0,coded,0,,1
intimate,ditransitive,0,coded,0,,1
intimate,factive_passive,0,coded,0,,1
intimate,neg_raising,0,coded,0,,1
intimate,weak_island,0,coded,0,,1
intimate,pro_complement,0,coded,0,,1
intimate,npi_licenser,0,coded,0,,1
intimate,stative,1,coded,0,,1
intimate,content_noun_fact,0,coded,0,,1
intimate,derived_nominal,1,coded,0,,1
intimate,phrasal,0,lexical,0,,
intimate,be_copula,0,lexical,0,,
venture,that_omission,1,coded,0,,1
venture,comp_inf,0,coded,0,,1
venture,ecm,0,coded,0,,1
venture,comp_interrog,0,coded,0,,1
venture,comp_gerund,0,coded,0,,1
venture,comp_small_clause,0,coded,0,,1
venture,np_comp_alt,0,coded,0,,1
venture,direct_speech,1,coded,0,,1
venture,subjunctive_comp,0,coded,0,,1
venture,comp_for_to,0,coded,0,,1
venture,comp_bare_inf,0,coded,0,,1
venture,comp_exclamative,0,coded,0,,1
venture,comp_poss_ing,0,coded,0,,1
venture,extraposition,0,coded,0,,1
venture,raising,0,coded,0,,1
venture,ditransitive,0,coded,0,,1
venture,factive_passive,0,coded,0,,1
venture,neg_raising,0,coded,0,,1
venture,weak_island,0,coded,0,,1
venture,pro_complement,0,coded,0,,1
venture,npi_licenser,0,coded,0,,1
venture,stative,1,coded,0,,1
venture,content_noun_fact,0,coded,0,,1
venture,derived_nominal,1,coded,0,,1
venture,phrasal,0,lexical,0,,
venture,be_copula,0,lexical,0,,
object,that_omission,1,coded,0,,1
object,comp_inf,0,coded,0,,1
object,ecm,0,coded,0,,1
object,comp_interrog,0,coded,0,,1
object,comp_gerund,0,coded,0,,1
object,comp_small_clause,0,coded,0,,1
object,np_comp_alt,0,coded,0,,1
object,direct_speech,1,coded,0,,1
object,subjunctive_comp,0,coded,0,,1
object,comp_for_to,0,coded,0,,1
object,comp_bare_inf,0,coded,0,,1
object,comp_exclamative,0,coded,0,,1
object,comp_poss_ing,0,coded,0,,1
object,extraposition,0,coded,0,,1
object,raising,0,coded,0,,1
object,ditransitive,0,coded,0,,1
object,factive_passive,0,coded,0,,1
object,neg_raising,0,coded,0,,1
object,weak_island,0,coded,0,,1
object,pro_complement,0,coded,0,,1
object,npi_licenser,0,coded,0,,1
object,stative,1,coded,0,,1
object,content_noun_fact,0,coded,0,,1
object,derived_nominal,1,coded,0,,1
object,phrasal,0,lexical,0,,
object,be_copula,0,lexical,0,,
grant,that_omission,1,coded,0,,1
grant,comp_inf,0,coded,0,,1
grant,ecm,0,coded,0,,1
grant,comp_interrog,0,coded,0,,1
grant,comp_gerund,0,coded,0,,1
grant,comp_small_clause,0,coded,0,,1
grant,np_comp_alt,1,coded,0,,1
grant,direct_speech,1,coded,0,,1
grant,subjunctive_comp,0,coded,0,,1
grant,comp_for_to,0,coded,0,,1
grant,comp_bare_inf,0,coded,0,,1
grant,comp_exclamative,0,coded,0,,1
grant,comp_poss_ing,0,coded,0,,1
grant,extraposition,0,coded,0,,1
grant,raising,0,coded,0,,1
grant,ditransitive,0,coded,0,,1
grant,factive_passive,0,coded,0,,1
grant,neg_raising,0,coded,0,,1
grant,weak_island,0,coded,0,,1
grant,pro_complement,0,coded,0,,1
grant,npi_licenser,0,coded,0,,1
grant,stative,1,coded,0,,1
grant,content_noun_fact,0,coded,0,,1
grant,derived_nominal,1,coded,0,,1
grant,phrasal,0,lexical,0,,
grant,be_copula,0,lexical,0,,
own,that_omission,1,coded,0,,1
own,comp_inf,0,coded,0,,1
own,ecm,0,coded,0,,1
own,comp_interrog,0,coded,0,,1
own,comp_gerund,1,coded,0,,1
own,comp_small_clause,0,coded,0,,1
own,np_comp_alt,1,coded,0,,1
own,direct_speech,1,coded,0,,1
own,subjunctive_comp,0,coded,0,,1
own,comp_for_to,0,coded,0,,1
own,comp_bare_inf,0,coded,0,,1
own,comp_exclamative,0,coded,0,,1
own,comp_poss_ing,1,coded,0,,1
own,extraposition,0,coded,0,,1
own,raising,0,coded,0,,1
own,ditransitive,0,coded,0,,1
own,factive_passive,0,coded,0,,1
own,neg_raising,0,coded,0,,1
own,weak_island,1,coded,0,,1
own,pro_complement,0,coded,0,,1
own,npi_licenser,0,coded,0,,1
own,stative,1,coded,0,,1
own,content_noun_fact,1,coded,0,,1
own,derived_nominal,0,coded,0,,1
own,phrasal,0,lexical,0,,
own,be_copula,0,lexical,0,,
plead,that_omission,1,coded,0,,1
plead,comp_inf,0,coded,0,,1
plead,ecm,0,coded,0,,1
plead,comp_interrog,0,coded,0,,1
plead,comp_gerund,0,coded,0,,1
plead,comp_small_clause,0,coded,0,,1
plead,np_comp_alt,0,coded,0,,1
plead,direct_speech,1,coded,0,,1
plead,subjunctive_comp,1,coded,0,,1
plead,comp_for_to,0,coded,0,,1
plead,comp_bare_inf,0,coded,0,,1
plead,comp_exclamative,0,coded,0,,1
plead,comp_poss_ing,0,coded,0,,1
plead,extraposition,0,coded,0,,1
plead,raising,0,coded,0,,1
plead,ditransitive,0,coded,0,,1
plead,factive_passive,0,coded,0,,1
plead,neg_raising,0,coded,0,,1
plead,weak_island,0,coded,0,,1
plead,pro_complement,0,coded,0,,1
plead,npi_licenser,0,coded,0,,1
plead,stative,1,coded,0,,1
plead,content_noun_fact,0,coded,0,,1
plead,derived_nominal,1,coded,0,,1
plead,phrasal,0,lexical,0,,
plead,be_copula,0,lexical,0,,
represent,that_omission,1,coded,0,,1
represent,comp_inf,0,coded,0,,1
represent,ecm,0,coded,0,,1
represent,comp_interrog,0,coded,0,,1
represent,comp_gerund,0,coded,0,,1
represent,comp_small_clause,0,coded,0,,1
represent,np_comp_alt,0,coded,0,,1
represent,direct_speech,1,coded,0,,1
represent,subjunctive_comp,0,coded,0,,1
represent,comp_for_to,0,coded,0,,1
represent,comp_bare_inf,0,coded,0,,1
represent,comp_exclamative,0,coded,0,,1
represent,comp_poss_ing,0,coded,0,,1
represent,extraposition,0,coded,0,,1
represent,raising,0,coded,0,,1
represent,ditransitive,0,coded,0,,1
represent,factive_passive,0,coded,0,,1
represent,neg_raising,0,coded,0,,1
represent,weak_island,0,coded,0,,1
represent,pro_complement,0,coded,0,,1
represent,npi_licenser,0,coded,0,,1
represent,stative,1,coded,0,,1
represent,content_noun_fact,0,coded,0,,1
represent,derived_nominal,1,coded,0,,1
represent,phrasal,0,lexical,0,,
represent,be_copula,0,lexical,0,,
threaten,that_omission,1,coded,0,,1
threaten,comp_inf,0,coded,0,,1
threaten,ecm,0,coded,0,,1
threaten,comp_interrog,0,coded,0,,1
threaten,comp_gerund,0,coded,0,,1
threaten,comp_small_clause,0,coded,0,,1
threaten,np_comp_alt,0,coded,0,,1
threaten,direct_speech,1,coded,0,,1
threaten,subjunctive_comp,0,coded,0,,1
threaten,comp_for_to,0,coded,0,,1
threaten,comp_bare_inf,0,coded,0,,1
threaten,comp_exclamative,0,coded,0,,1
threaten,comp_poss_ing,0,coded,0,,1
threaten,extraposition,0,coded,0,,1
threaten,raising,0,coded,0,,1
threaten,ditransitive,1,coded,0,,1
threaten,factive_passive,0,coded,0,,1
threaten,neg_raising,0,coded,0,,1
threaten,weak_island,0,coded,0,,1
threaten,pro_complement,0,coded,0,,1
threaten,npi_licenser,0,coded,0,,1
threaten,stative,1,coded,0,,1
threaten,content_noun_fact,0,coded,0,,1
threaten,derived_nominal,1,coded,0,,1
threaten,phrasal,0,lexical,0,,
threaten,be_copula,0,lexical,0,,
pledge,that_omission,1,coded,0,,1
pledge,comp_inf,0,coded,0,,1
pledge,ecm,0,coded,0,,1
pledge,comp_interrog,0,coded,0,,1
pledge,comp_gerund,0,coded,0,,1
pledge,comp_small_clause,0,coded,0,,1
pledge,np_comp_alt,1,coded,0,,1
pledge,direct_speech,1,coded,0,,1
pledge,subjunctive_comp,0,coded,0,,1
pledge,comp_for_to,0,coded,0,,1
pledge,comp_bare_inf,0,coded,0,,1
pledge,comp_exclamative,0,coded,0,,1
pledge,comp_poss_ing,0,coded,0,,1
pledge,extraposition,0,coded,0,,1
pledge,raising,0,coded,0,,1
pledge,ditransitive,1,coded,0,,1
pledge,factive_passive,0,coded,0,,1
pledge,neg_raising,0,coded,0,,1
pledge,weak_island,0,coded,0,,1
pledge,pro_complement,0,coded,0,,1
pledge,npi_licenser,0,coded,0,,1
pledge,stative,1,coded,0,,1
pledge,content_noun_fact,0,coded,0,,1
pledge,derived_nominal,1,coded,0,,1
pledge,phrasal,0,lexical,0,,
pledge,be_copula,0,lexical,0,,
caution,that_omission,1,coded,0,,1
caution,comp_inf,0,coded,0,,1
caution,ecm,0,coded,0,,1
caution,comp_interrog,0,coded,0,,1
caution,comp_gerund,0,coded,0,,1
caution,comp_small_clause,0,coded,0,,1
caution,np_comp_alt,0,coded,0,,1
caution,direct_speech,1,coded,0,,1
caution,subjunctive_comp,1,coded,0,,1
caution,comp_for_to,0,coded,0,,1
caution,comp_bare_inf,0,coded,0,,1
caution,comp_exclamative,0,coded,0,,1
caution,comp_poss_ing,0,coded,0,,1
caution,extraposition,0,coded,0,,1
caution,raising,0,coded,0,,1
caution,ditransitive,1,coded,0,,1
caution,factive_passive,1,coded,0,,1
caution,neg_raising,0,coded,0,,1
caution,weak_island,0,coded,0,,1
caution,pro_complement,0,coded,0,,1
caution,npi_licenser,0,coded,0,,1
caution,stative,1,coded,0,,1
caution,content_noun_fact,0,coded,0,,1
caution,derived_nominal,1,coded,0,,1
caution,phrasal,0,lexical,0,,
caution,be_copula,0,lexical,0,,
recommend,that_omission,1,coded,0,,1
recommend,comp_inf,0,coded,0,,1
recommend,ecm,0,coded,0,,1
recommend,comp_interrog,0,coded,0,,1
recommend,comp_gerund,1,coded,0,,1
recommend,comp_small_clause,0,coded,0,,1
recommend,np_comp_alt,0,coded,0,,1
recommend,direct_speech,1,coded,0,,1
recommend,subjunctive_comp,1,coded,0,,1
recommend,comp_for_to,0,coded,0,,1
recommend,comp_bare_inf,0,coded,0,,1
recommend,comp_exclamative,0,coded,0,,1
recommend,comp_poss_ing,1,coded,0,,1
recommend,extraposition,0,coded,0,,1
recommend,raising,0,coded,0,,1
recommend,ditransitive,0,coded,0,,1
recommend,factive_passive,0,coded,0,,1
recommend,neg_raising,0,coded,0,,1
recommend,weak_island,0,coded,0,,1
recommend,pro_complement,0,coded,0,,1
recommend,npi_licenser,0,coded,0,,1
recommend,stative,1,coded,0,,1
recommend,content_noun_fact,0,coded,0,,1
recommend,derived_nominal,1,coded,0,,1
recommend,phrasal,0,lexical,0,,
recommend,be_copula,0,lexical,0,,
chide,that_omission,1,coded,0,,1
chide,comp_inf,0,coded,0,,1
chide,ecm,0,coded,0,,1
chide,comp_interrog,0,coded,0,,1
chide,comp_gerund,0,coded,0,,1
chide,comp_small_clause,0,coded,0,,1
chide,np_comp_alt,0,coded,0,,1
chide,direct_speech,1,coded,0,,1
chide,subjunctive_comp,1,coded,0,,1
chide,comp_for_to,0,coded,0,,1
chide,comp_bare_inf,0,coded,0,,1
chide,comp_exclamative,0,coded,0,,1
chide,comp_poss_ing,0,coded,0,,1
chide,extraposition,0,coded,0,,1
chide,raising,0,coded,0,,1
chide,ditransitive,0,coded,0,,1
chide,factive_passive,0,coded,0,,1
chide,neg_raising,0,coded,0,,1
chide,weak_island,0,coded,0,,1
chide,pro_complement,0,coded,0,,1
chide,npi_licenser,0,coded,0,,1
chide,stative,1,coded,0,,1
chide,content_noun_fact,0,coded,0,,1
chide,derived_nominal,0,coded,0,,1
chide,phrasal,0,lexical,0,,
chide,be_copula,0,lexical,0,,
admonish,that_omission,1,coded,0,,1
admonish,comp_inf,0,coded,0,,1
admonish,ecm,0,coded,0,,1
admonish,comp_interrog,0,coded,0,,1
admonish,comp_gerund,0,coded,0,,1
admonish,comp_small_clause,0,coded,0,,1
admonish,np_comp_alt,0,coded,0,,1
admonish,direct_speech,1,coded,0,,1
admonish,subjunctive_comp,1,coded,0,,1
admonish,comp_for_to,0,coded,0,,1
admonish,comp_bare_inf,0,coded,0,,1
admonish,comp_exclamative,0,coded,0,,1
admonish,comp_poss_ing,0,coded,0,,1
admonish,extraposition,0,coded,0,,1
admonish,raising,0,coded,0,,1
admonish,ditransitive,0,coded,0,,1
admonish,factive_passive,0,coded,0,,1
admonish,neg_raising,0,coded,0,,1
admonish,weak_island,0,coded,0,,1
admonish,pro_complement,0,coded,0,,1
admonish,npi_licenser,0,coded,0,,1
admonish,stative,1,coded,0,,1
admonish,content_noun_fact,0,coded,0,,1
admonish,derived_nominal,1,coded,0,,1
admonish,phrasal,0,lexical,0,,
admonish,be_copula,0,lexical,0,,
declaim,that_omission,1,coded,0,,1
declaim,comp_inf,0,coded,0,,1
declaim,ecm,0,coded,0,,1
declaim,comp_interrog,0,coded,0,,1
declaim,comp_gerund,0,coded,0,,1
declaim,comp_small_clause,0,coded,0,,1
declaim,np_comp_alt,0,coded,0,,1
declaim,direct_speech,1,coded,0,,1
declaim,subjunctive_comp,0,coded,0,,1
declaim,comp_for_to,0,coded,0,,1
declaim,comp_bare_inf,0,coded,0,,1
declaim,comp_exclamative,0,coded,0,,1
declaim,comp_poss_ing,0,coded,0,,1
declaim,extraposition,0,coded,0,,1
declaim,raising,0,coded,0,,1
declaim,ditransitive,0,coded,0,,1
declaim,factive_passive,0,coded,0,,1
declaim,neg_raising,0,coded,0,,1
declaim,weak_island,0,coded,0,,1
declaim,pro_complement,0,coded,0,,1
declaim,npi_licenser,0,coded,0,,1
declaim,stative,1,coded,0,,1
declaim,content_noun_fact,0,coded,0,,1
declaim,derived_nominal,1,coded,0,,1
declaim,phrasal,0,lexical,0,,
declaim,be_copula,0,lexical,0,,
adjudge,that_omission,1,coded,0,,1
adjudge,comp_inf,0,coded,0,,1
adjudge,ecm,0,coded,0,,1
adjudge,comp_interrog,0,coded,0,,1
adjudge,comp_gerund,0,coded,0,,1
adjudge,comp_small_clause,0,coded,0,,1
adjudge,np_comp_alt,0,coded,0,,1
adjudge,direct_speech,1,coded,0,,1
adjudge,subjunctive_comp,0,coded,0,,1
adjudge,comp_for_to,0,coded,0,,1
adjudge,comp_bare_inf,0,coded,0,,1
adjudge,comp_exclamative,0,coded,0,,1
adjudge,comp_poss_ing,0,coded,0,,1
adjudge,extraposition,0,coded,0,,1
adjudge,raising,0,coded,0,,1
adjudge,ditransitive,0,coded,0,,1
adjudge,factive_passive,0,coded,0,,1
adjudge,neg_raising,0,coded,0,,1
adjudge,weak_island,0,coded,0,,1
adjudge,pro_complement,0,coded,0,,1
adjudge,npi_licenser,0,coded,0,,1
adjudge,stative,1,coded,0,,1
adjudge,content_noun_fact,0,coded,0,,1
adjudge,derived_nominal,1,coded,0,,1
adjudge,phrasal,0,lexical,0,,
adjudge,be_copula,0,lexical,0,,
recant,that_omission,1,coded,0,,1
recant,comp_inf,0,coded,0,,1
recant,ecm,0,coded,0,,1
recant,comp_interrog,0,coded,0,,1
recant,comp_gerund,1,coded,0,,1
recant,comp_small_clause,0,coded,0,,1
recant,np_comp_alt,1,coded,0,,1
recant,direct_speech,1,coded,0,,1
recant,subjunctive_comp,0,coded,0,,1
recant,comp_for_to,0,coded,0,,1
recant,comp_bare_inf,0,coded,0,,1
recant,comp_exclamative,0,coded,0,,1
recant,comp_poss_ing,1,coded,0,,1
recant,extraposition,0,coded,0,,1
recant,raising,0,coded,0,,1
recant,ditransitive,0,coded,0,,1
recant,factive_passive,0,coded,0,,1
recant,neg_raising,0,coded,0,,1
recant,weak_island,0,coded,0,,1
recant,pro_complement,0,coded,0,,1
recant,npi_licenser,0,coded,0,,1
recant,stative,1,coded,0,,1
recant,content_noun_fact,0,coded,0,,1
recant,derived_nominal,1,coded,0,,1
recant,phrasal,0,lexical,0,,
recant,be_copula,0,lexical,0,,
petition,that_omission,1,coded,0,,1
petition,comp_inf,0,coded,0,,1
petition,ecm,0,coded,0,,1
petition,comp_interrog,0,coded,0,,1
petition,comp_gerund,0,coded,0,,1
petition,comp_small_clause,0,coded,0,,1
petition,np_comp_alt,0,coded,0,,1
petition,direct_speech,1,coded,0,,1
petition,subjunctive_comp,1,coded,0,,1
petition,comp_for_to,0,coded,0,,1
petition,comp_bare_inf,0,coded,0,,1
petition,comp_exclamative,0,coded,0,,1
petition,comp_poss_ing,0,coded,0,,1
petition,extraposition,0,coded,0,,1
petition,raising,0,coded,0,,1
petition,ditransitive,0,coded,0,,1
petition,factive_passive,0,coded,0,,1
petition,neg_raising,0,coded,0,,1
petition,weak_island,0,coded,0,,1
petition,pro_complement,0,coded,0,,1
petition,npi_licenser,0,coded,0,,1
petition,stative,1,coded,0,,1
petition,content_noun_fact,0,coded,0,,1
petition,derived_nominal,1,coded,0,,1
petition,phrasal,0,lexical,0,,
petition,be_copula,0,lexical,0,,
consider,that_omission,1,coded,0,,1
consider,comp_inf,0,coded,0,,1
consider,ecm,1,coded,0,,1
consider,comp_interrog,0,coded,0,,1
consider,comp_gerund,1,coded,0,,1
consider,comp_small_clause,0,coded,0,,1
consider,np_comp_alt,0,coded,0,,1
consider,direct_speech,0,coded,0,,1
consider,subjunctive_comp,0,coded,0,,1
consider,comp_for_to,0,coded,0,,1
consider,comp_bare_inf,0,coded,0,,1
consider,comp_exclamative,0,coded,0,,1
consider,comp_poss_ing,1,coded,0,,1
consider,extraposition,0,coded,0,,1
consider,raising,0,coded,0,,1
consider,ditransitive,0,coded,0,,1
consider,factive_passive,0,coded,0,,1
consider,neg_raising,1,coded,0,,1
consider,weak_island,0,coded,0,,1
consider,pro_complement,1,coded,0,,1
consider,npi_licenser,0,coded,0,,1
consider,stative,1,coded,0,,1
consider,content_noun_fact,0,coded,0,,1
consider,derived_nominal,1,coded,0,,1
consider,phrasal,0,lexical,0,,
consider,be_copula,0,lexical,0,,
deem,that_omission,1,coded,0,,1
deem,comp_inf,0,coded,0,,1
deem,ecm,1,coded,0,,1
deem,comp_interrog,0,coded,0,,1
deem,comp_gerund,0,coded,0,,1
deem,comp_small_clause,0,coded,0,,1
deem,np_comp_alt,0,coded,0,,1
deem,direct_speech,0,coded,0,,1
deem,subjunctive_comp,0,coded,0,,1
deem,comp_for_to,0,coded,0,,1
deem,comp_bare_inf,0,coded,0,,1
deem,comp_exclamative,0,coded,0,,1
deem,comp_poss_ing,0,coded,0,,1
deem,extraposition,0,coded,0,,1
deem,raising,0,coded,0,,1
deem,ditransitive,0,coded,0,,1
deem,factive_passive,0,coded,0,,1
deem,neg_raising,1,coded,0,,1
deem,weak_island,0,coded,0,,1
deem,pro_complement,1,coded,0,,1
deem,npi_licenser,0,coded,0,,1
deem,stative,1,coded,0,,1
deem,content_noun_fact,0,coded,0,,1
deem,derived_nominal,1,coded,0,,1
deem,phrasal,0,lexical,0,,
deem,be_copula,0,lexical,0,,
discern,that_omission,1,coded,0,,1
discern,comp_inf,0,coded,0,,1
discern,ecm,0,coded,0,,1
discern,comp_interrog,1,coded,0,,1
discern,comp_gerund,0,coded,0,,1
discern,comp_small_clause,0,coded,0,,1
discern,np_comp_alt,0,coded,0,,1
discern,direct_speech,0,coded,0,,1
discern,subjunctive_comp,0,coded,0,,1
discern,comp_for_to,0,coded,0,,1
discern,comp_bare_inf,0,coded,0,,1
discern,comp_exclamative,1,coded,0,,1
discern,comp_poss_ing,0,coded,0,,1
discern,extraposition,0,coded,0,,1
discern,raising,0,coded,0,,1
discern,ditransitive,0,coded,0,,1
discern,factive_passive,0,coded,0,,1
discern,neg_raising,0,coded,0,,1
discern,weak_island,1,coded,0,,1
discern,pro_complement,0,coded,0,,1
discern,npi_licenser,0,coded,0,,1
discern,stative,0,coded,0,,1
discern,content_noun_fact,1,coded,0,,1
discern,derived_nominal,1,coded,0,,1
discern,phrasal,0,lexical,0,,
discern,be_copula,0,lexical,0,,
divine,that_omission,1,coded,0,,1
divine,comp_inf,0,coded,0,,1
divine,ecm,0,coded,0,,1
divine,comp_interrog,1,coded,0,,1
divine,comp_gerund,0,coded,0,,1
divine,comp_small_clause,0,coded,0,,1
divine,np_comp_alt,0,coded,0,,1
divine,direct_speech,0,coded,0,,1
divine,subjunctive_comp,0,coded,0,,1
divine,comp_for_to,0,coded,0,,1
divine,comp_bare_inf,0,coded,0,,1
divine,comp_exclamative,1,coded,0,,1
divine,comp_poss_ing,0,coded,0,,1
divine,extraposition,0,coded,0,,1
divine,raising,0,coded,0,,1
divine,ditransitive,0,coded,0,,1
divine,factive_passive,0,coded,0,,1
divine,neg_raising,0,coded,0,,1
divine,weak_island,1,coded,0,,1
divine,pro_complement,0,coded,0,,1
divine,npi_licenser,0,coded,0,,1
divine,stative,0,coded,0,,1
divine,content_noun_fact,1,coded,0,,1
divine,derived_nominal,1,coded,0,,1
divine,phrasal,0,lexical,0,,
divine,be_copula,0,lexical,0,,
intuit,that_omission,1,coded,0,,1
intuit,comp_inf,0,coded,0,,1
intuit,ecm,0,coded,0,,1
intuit,comp_interrog,1,coded,0,,1
intuit,comp_gerund,0,coded,0,,1
intuit,comp_small_clause,0,coded,0,,1
intuit,np_comp_alt,0,coded,0,,1
intuit,direct_speech,0,coded,0,,1
intuit,subjunctive_comp,0,coded,0,,1
intuit,comp_for_to,0,coded,0,,1
intuit,comp_bare_inf,0,coded,0,,1
intuit,comp_exclamative,1,coded,0,,1
intuit,comp_poss_ing,0,coded,0,,1
intuit,extraposition,0,coded,0,,1
intuit,raising,0,coded,0,,1
intuit,ditransitive,0,coded,0,,1
intuit,factive_passive,0,coded,0,,1
intuit,neg_raising,0,coded,0,,1
intuit,weak_island,1,coded,0,,1
intuit,pro_complement,0,coded,0,,1
intuit,npi_licenser,0,coded,0,,1
intuit,stative,0,coded,0,,1
intuit,content_noun_fact,1,coded,0,,1
intuit,derived_nominal,1,coded,0,,1
intuit,phrasal,0,lexical,0,,
intuit,be_copula,0,lexical,0,,
grasp,that_omission,1,coded,0,,1
grasp,comp_inf,0,coded,0,,1
grasp,ecm,0,coded,0,,1
grasp,comp_interrog,1,coded,0,,1
grasp,comp_gerund,0,coded,0,,1
grasp,comp_small_clause,0,coded,0,,1
grasp,np_comp_alt,0,coded,0,,1
grasp,direct_speech,0,coded,0,,1
grasp,subjunctive_comp,0,coded,0,,1
grasp,comp_for_to,0,coded,0,,1
grasp,comp_bare_inf,0,coded,0,,1
grasp,comp_exclamative,1,coded,0,,1
grasp,comp_poss_ing,0,coded,0,,1
grasp,extraposition,0,coded,0,,1
grasp,raising,0,coded,0,,1
grasp,ditransitive,0,coded,0,,1
grasp,factive_passive,0,coded,0,,1
grasp,neg_raising,0,coded,0,,1
grasp,weak_island,1,coded,0,,1
grasp,pro_complement,0,coded,0,,1
grasp,npi_licenser,0,coded,0,,1
grasp,stative,0,coded,0,,1
grasp,content_noun_fact,1,coded,0,,1
grasp,derived_nominal,1,coded,0,,1
grasp,phrasal,0,lexical,0,,
grasp,be_copula,0,lexical,0,,
fathom,that_omission,1,coded,0,,1
fathom,comp_inf,0,coded,0,,1
fathom,ecm,0,coded,0,,1
fathom,comp_interrog,1,coded,0,,1
fathom,comp_gerund,0,coded,0,,1
fathom,comp_small_clause,0,coded,0,,1
fathom,np_comp_alt,0,coded,0,,1
fathom,direct_speech,0,coded,0,,1
fathom,subjunctive_comp,0,coded,0,,1
fathom,comp_for_to,0,coded,0,,1
fathom,comp_bare_inf,0,coded,0,,1
fathom,comp_exclamative,1,coded,0,,1
fathom,comp_poss_ing,0,coded,0,,1
fathom,extraposition,0,coded,0,,1
fathom,raising,0,coded,0,,1
fathom,ditransitive,0,coded,0,,1
fathom,factive_passive,0,coded,0,,1
fathom,neg_raising,0,coded,0,,1
fathom,weak_island,1,coded,0,,1
fathom,pro_complement,0,coded,0,,1
fathom,npi_licenser,0,coded,0,,1
fathom,stative,0,coded,0,,1
fathom,content_noun_fact,1,coded,0,,1
fathom,derived_nominal,1,coded,0,,1
fathom,phrasal,0,lexical,0,,
fathom,be_copula,0,lexical,0,,
register,that_omission,1,coded,0,,1
register,comp_inf,0,coded,0,,1
register,ecm,0,coded,0,,1
register,comp_interrog,1,coded,0,,1
register,comp_gerund,0,coded,0,,1
register,comp_small_clause,0,coded,0,,1
register,np_comp_alt,0,coded,0,,1
register,direct_speech,0,coded,0,,1
register,subjunctive_comp,0,coded,0,,1
register,comp_for_to,0,coded,0,,1
register,comp_bare_inf,0,coded,0,,1
register,comp_exclamative,1,coded,0,,1
register,comp_poss_ing,0,coded,0,,1
register,extraposition,0,coded,0,,1
register,raising,0,coded,0,,1
register,ditransitive,0,coded,0,,1
register,factive_passive,0,coded,0,,1
register,neg_raising,0,coded,0,,1
register,weak_island,1,coded,0,,1
register,pro_complement,0,coded,0,,1
register,npi_licenser,0,coded,0,,1
register,stative,0,coded,0,,1
register,content_noun_fact,1,coded,0,,1
register,derived_nominal,1,coded,0,,1
register,phrasal,0,lexical,0,,
register,be_copula,0,lexical,0,,
credit,that_omission,1,coded,0,,1
credit,comp_inf,0,coded,0,,1
credit,ecm,0,coded,0,,1
credit,comp_interrog,0,coded,0,,1
credit,comp_gerund,0,coded,0,,1
credit,comp_small_clause,0,coded,0,,1
credit,np_comp_alt,0,coded,0,,1
credit,direct_speech,0,coded,0,,1
credit,subjunctive_comp,0,coded,0,,1
credit,comp_for_to,0,coded,0,,1
credit,comp_bare_inf,0,coded,0,,1
credit,comp_exclamative,0,coded,0,,1
credit,comp_poss_ing,0,coded,0,,1
credit,extraposition,0,coded,0,,1
credit,raising,0,coded,0,,1
credit,ditransitive,0,coded,0,,1
credit,factive_passive,0,coded,0,,1
credit,neg_raising,0,coded,0,,1
credit,weak_island,0,coded,0,,1
credit,pro_complement,1,coded,0,,1
credit,npi_licenser,0,coded,0,,1
credit,stative,1,coded,0,,1
credit,content_noun_fact,0,coded,0,,1
credit,derived_nominal,1,coded,0,,1
credit,phrasal,0,lexical,0,,
credit,be_copula,0,lexical,0,,
make_out,that_omission,1,coded,0,,1
make_out,comp_inf,0,coded,0,,1
make_out,ecm,1,coded,0,,1
make_out,comp_interrog,1,coded,0,,1
make_out,comp_gerund,0,coded,0,,1
make_out,comp_small_clause,0,coded,0,,1
make_out,np_comp_alt,0,coded,0,,1
make_out,direct_speech,0,coded,0,,1
make_out,subjunctive_comp,0,coded,0,,1
make_out,comp_for_to,0,coded,0,,1
make_out,comp_bare_inf,0,coded,0,,1
make_out,comp_exclamative,0,coded,0,,1
make_out,comp_poss_ing,0,coded,0,,1
make_out,extraposition,0,coded,0,,1
make_out,raising,0,coded,0,,1
make_out,ditransitive,0,coded,0,,1
make_out,factive_passive,0,coded,0,,1
make_out,neg_raising,1,coded,0,,1
make_out,weak_island,0,coded,0,,1
make_out,pro_complement,1,coded,0,,1
make_out,npi_licenser,0,coded,0,,1
make_out,stative,1,coded,0,,1
make_out,content_noun_fact,0,coded,0,,1
make_out,derived_nominal,0,coded,0,,1
make_out,phrasal,1,lexical,0,,
make_out,be_copula,0,lexical,0,,
cotton_on,that_omission,1,coded,0,,1
cotton_on,comp_inf,0,coded,0,,1
cotton_on,ecm,0,coded,0,,1
cotton_on,comp_interrog,1,coded,0,,1
cotton_on,comp_gerund,0,coded,0,,1
cotton_on,comp_small_clause,0,coded,0,,1
cotton_on,np_comp_alt,0,coded,0,,1
cotton_on,direct_speech,0,coded,0,,1
cotton_on,subjunctive_comp,0,coded,0,,1
cotton_on,comp_for_to,0,coded,0,,1
cotton_on,comp_bare_inf,0,coded,0,,1
cotton_on,comp_exclamative,1,coded,0,,1
cotton_on,comp_poss_ing,0,coded,0,,1
cotton_on,extraposition,0,coded,0,,1
cotton_on,raising,0,coded,0,,1
cotton_on,ditransitive,0,coded,0,,1
cotton_on,factive_passive,0,coded,0,,1
cotton_on,neg_raising,0,coded,0,,1
cotton_on,weak_island,1,coded,0,,1
cotton_on,pro_complement,0,coded,0,,1
cotton_on,npi_licenser,0,coded,0,,1
cotton_on,stative,0,coded,0,,1
cotton_on,content_noun_fact,1,coded,0,,1
cotton_on,derived_nominal,0,coded,0,,1
cotton_on,phrasal,1,lexical,0,,
cotton_on,be_copula,0,lexical,0,,
twig,that_omission,1,coded,0,,1
twig,comp_inf,0,coded,0,,1
twig,ecm,0,coded,0,,1
twig,comp_interrog,1,coded,0,,1
twig,comp_gerund,0,coded,0,,1
twig,comp_small_clause,0,coded,0,,1
twig,np_comp_alt,0,coded,0,,1
twig,direct_speech,0,coded,0,,1
twig,subjunctive_comp,0,coded,0,,1
twig,comp_for_to,0,coded,0,,1
twig,comp_bare_inf,0,coded,0,,1
twig,comp_exclamative,1,coded,0,,1
twig,comp_poss_ing,0,coded,0,,1
twig,extraposition,0,coded,0,,1
twig,raising,0,coded,0,,1
twig,ditransitive,0,coded,0,,1
twig,factive_passive,0,coded,0,,1
twig,neg_raising,0,coded,0,,1
twig,weak_island,1,coded,0,,1
twig,pro_complement,0,coded,0,,1
twig,npi_licenser,0,coded,0,,1
twig,stative,0,coded,0,,1
twig,content_noun_fact,1,coded,0,,1
twig,derived_nominal,0,coded,0,,1
twig,phrasal,0,lexical,0,,
twig,be_copula,0,lexical,0,,
rumble,that_omission,1,coded,0,,1
rumble,comp_inf,0,coded,0,,1
rumble,ecm,0,coded,0,,1
rumble,comp_interrog,1,coded,0,,1
rumble,comp_gerund,0,coded,0,,1
rumble,comp_small_clause,0,coded,0,,1
rumble,np_comp_alt,0,coded,0,,1
rumble,direct_speech,0,coded,0,,1
rumble,subjunctive_comp,0,coded,0,,1
rumble,comp_for_to,0,coded,0,,1
rumble,comp_bare_inf,0,coded,0,,1
rumble,comp_exclamative,1,coded,0,,1
rumble,comp_poss_ing,0,coded,0,,1
rumble,extraposition,0,coded,0,,1
rumble,raising,0,coded,0,,1
rumble,ditransitive,0,coded,0,,1
rumble,factive_passive,0,coded,0,,1
rumble,neg_raising,0,coded,0,,1
rumble,weak_island,1,coded,0,,1
rumble,pro_complement,0,coded,0,,1
rumble,npi_licenser,0,coded,0,,1
rumble,stative,0,coded,0,,1
rumble,content_noun_fact,1,coded,0,,1
rumble,derived_nominal,0,coded,0,,1
rumble,phrasal,0,lexical,0,,
rumble,be_copula,0,lexical,0,,
rejoice,that_omission,0,coded,0,,1
rejoice,comp_inf,0,coded,0,,1
rejoice,ecm,0,coded,0,,1
rejoice,comp_interrog,0,coded,0,,1
rejoice,comp_gerund,1,coded,0,,1
rejoice,comp_small_clause,0,coded,0,,1
rejoice,np_comp_alt,0,coded,0,,1
rejoice,direct_speech,0,coded,0,,1
rejoice,subjunctive_comp,0,coded,0,,1
rejoice,comp_for_to,0,coded,0,,1
rejoice,comp_bare_inf,0,coded,0,,1
rejoice,comp_exclamative,0,coded,0,,1
rejoice,comp_poss_ing,1,coded,0,,1
rejoice,extraposition,0,coded,0,,1
rejoice,raising,0,coded,0,,1
rejoice,ditransitive,0,coded,0,,1
rejoice,factive_passive,0,coded,0,,1
rejoice,neg_raising,0,coded,0,,1
rejoice,weak_island,1,coded,0,,1
rejoice,pro_complement,0,coded,0,,1
rejoice,npi_licenser,0,coded,0,,1
rejoice,stative,1,coded,0,,1
rejoice,content_noun_fact,1,coded,0,,1
rejoice,derived_nominal,1,coded,0,,1
rejoice,phrasal,0,lexical,0,,
rejoice,be_copula,0,lexical,0,,
exult,that_omission,0,coded,0,,1
exult,comp_inf,0,coded,0,,1
exult,ecm,0,coded,0,,1
exult,comp_interrog,0,coded,0,,1
exult,comp_gerund,1,coded,0,,1
exult,comp_small_clause,0,coded,0,,1
exult,np_comp_alt,0,coded,0,,1
exult,direct_speech,0,coded,0,,1
exult,subjunctive_comp,0,coded,0,,1
exult,comp_for_to,0,coded,0,,1
exult,comp_bare_inf,0,coded,0,,1
exult,comp_exclamative,0,coded,0,,1
exult,comp_poss_ing,1,coded,0,,1
exult,extraposition,0,coded,0,,1
exult,raising,0,coded,0,,1
exult,ditransitive,0,coded,0,,1
exult,factive_passive,0,coded,0,,1
exult,neg_raising,0,coded,0,,1
exult,weak_island,1,coded,0,,1
exult,pro_complement,0,coded,0,,1
exult,npi_licenser,0,coded,0,,1
exult,stative,1,coded,0,,1
exult,content_noun_fact,1,coded,0,,1
exult,derived_nominal,1,coded,0,,1
exult,phrasal,0,lexical,0,,
exult,be_copula,0,lexical,0,,
bemoan,that_omission,0,coded,0,,1
bemoan,comp_inf,0,coded,0,,1
bemoan,ecm,0,coded,0,,1
bemoan,comp_interrog,0,coded,0,,1
bemoan,comp_gerund,1,coded,0,,1
bemoan,comp_small_clause,0,coded,0,,1
bemoan,np_comp_alt,0,coded,0,,1
bemoan,direct_speech,0,coded,0,,1
bemoan,subjunctive_comp,0,coded,0,,1
bemoan,comp_for_to,0,coded,0,,1
bemoan,comp_bare_inf,0,coded,0,,1
bemoan,comp_exclamative,0,coded,0,,1
bemoan,comp_poss_ing,1,coded,0,,1
bemoan,extraposition,0,coded,0,,1
bemoan,raising,0,coded,0,,1
bemoan,ditransitive,0,coded,0,,1
bemoan,factive_passive,0,coded,0,,1
bemoan,neg_raising,0,coded,0,,1
bemoan,weak_island,1,coded,0,,1
bemoan,pro_complement,0,coded,0,,1
bemoan,npi_licenser,0,coded,0,,1
bemoan,stative,1,coded,0,,1
bemoan,content_noun_fact,1,coded,0,,1
bemoan,derived_nominal,1,coded,0,,1
bemoan,phrasal,0,lexical,0,,
bemoan,be_copula,0,lexical,0,,
bewail,that_omission,0,coded,0,,1
bewail,comp_inf,0,coded,0,,1
bewail,ecm,0,coded,0,,1
bewail,comp_interrog,0,coded,0,,1
bewail,comp_gerund,1,coded,0,,1
bewail,comp_small_clause,0,coded,0,,1
bewail,np_comp_alt,0,coded,0,,1
bewail,direct_speech,0,coded,0,,1
bewail,subjunctive_comp,0,coded,0,,1
bewail,comp_for_to,0,coded,0,,1
bewail,comp_bare_inf,0,coded,0,,1
bewail,comp_exclamative,0,coded,0,,1
bewail,comp_poss_ing,1,coded,0,,1
bewail,extraposition,0,coded,0,,1
bewail,raising,0,coded,0,,1
bewail,ditransitive,0,coded,0,,1
bewail,factive_passive,0,coded,0,,1
bewail,neg_raising,0,coded,0,,1
bewail,weak_island,1,coded,0,,1
bewail,pro_complement,0,coded,0,,1
bewail,npi_licenser,0,coded,0,,1
bewail,stative,1,coded,0,,1
bewail,content_noun_fact,1,coded,0,,1
bewail,derived_nominal,1,coded,0,,1
bewail,phrasal,0,lexical,0,,
bewail,be_copula,0,lexical,0,,
wail,that_omission,0,coded,0,,1
wail,comp_inf,0,coded,0,,1
wail,ecm,0,coded,0,,1
wail,comp_interrog,0,coded,0,,1
wail,comp_gerund,1,coded,0,,1
wail,comp_small_clause,0,coded,0,,1
wail,np_comp_alt,0,coded,0,,1
wail,direct_speech,1,coded,0,,1
wail,subjunctive_comp,0,coded,0,,1
wail,comp_for_to,0,coded,0,,1
wail,comp_bare_inf,0,coded,0,,1
wail,comp_exclamative,0,coded,0,,1
wail,comp_poss_ing,1,coded,0,,1
wail,extraposition,0,coded,0,,1
wail,raising,0,coded,0,,1
wail,ditransitive,0,coded,0,,1
wail,factive_passive,0,coded,0,,1
wail,neg_raising,0,coded,0,,1
wail,weak_island,1,coded,0,,1
wail,pro_complement,0,coded,0,,1
wail,npi_licenser,0,coded,0,,1
wail,stative,1,coded,0,,1
wail,content_noun_fact,1,coded,0,,1
wail,derived_nominal,0,coded,0,,1
wail,phrasal,0,lexical,0,,
wail,be_copula,0,lexical,0,,
abhor,that_omission,0,coded,0,,1
abhor,comp_inf,0,coded,0,,1
abhor,ecm,0,coded,0,,1
abhor,comp_interrog,0,coded,0,,1
abhor,comp_gerund,1,coded,0,,1
abhor,comp_small_clause,0,coded,0,,1
abhor,np_comp_alt,0,coded,0,,1
abhor,direct_speech,0,coded,0,,1
abhor,subjunctive_comp,0,coded,0,,1
abhor,comp_for_to,0,coded,0,,1
abhor,comp_bare_inf,0,coded,0,,1
abhor,comp_exclamative,0,coded,0,,1
abhor,comp_poss_ing,1,coded,0,,1
abhor,extraposition,0,coded,0,,1
abhor,raising,0,coded,0,,1
abhor,ditransitive,0,coded,0,,1
abhor,factive_passive,0,coded,0,,1
abhor,neg_raising,0,coded,0,,1
abhor,weak_island,1,coded,0,,1
abhor,pro_complement,0,coded,0,,1
abhor,npi_licenser,0,coded,0,,1
abhor,stative,1,coded,0,,1
abhor,content_noun_fact,1,coded,0,,1
abhor,derived_nominal,1,coded,0,,1
abhor,phrasal,0,lexical,0,,
abhor,be_copula,0,lexical,0,,
welcome,that_omission,0,coded,0,,1
welcome,comp_inf,0,coded,0,,1
welcome,ecm,0,coded,0,,1
welcome,comp_interrog,0,coded,0,,1
welcome,comp_gerund,1,coded,0,,1
welcome,comp_small_clause,0,coded,0,,1
welcome,np_comp_alt,0,coded,0,,1
welcome,direct_speech,0,coded,0,,1
welcome,subjunctive_comp,0,coded,0,,1
welcome,comp_for_to,0,coded,0,,1
welcome,comp_bare_inf,0,coded,0,,1
welcome,comp_exclamative,0,coded,0,,1
welcome,comp_poss_ing,1,coded,0,,1
welcome,extraposition,0,coded,0,,1
welcome,raising,0,coded,0,,1
welcome,ditransitive,0,coded,0,,1
welcome,factive_passive,0,coded,0,,1
welcome,neg_raising,0,coded,0,,1
welcome,weak_island,1,coded,0,,1
welcome,pro_complement,0,coded,0,,1
welcome,npi_licenser,0,coded,0,,1
welcome,stative,1,coded,0,,1
welcome,content_noun_fact,1,coded,0,,1
welcome,derived_nominal,1,coded,0,,1
welcome,phrasal,0,lexical,0,,
welcome,be_copula,0,lexical,0,,
fume,that_omission,1,coded,0,,1
fume,comp_inf,0,coded,0,,1
fume,ecm,0,coded,0,,1
fume,comp_interrog,0,coded,0,,1
fume,comp_gerund,1,coded,0,,1
fume,comp_small_clause,0,coded,0,,1
fume,np_comp_alt,0,coded,0,,1
fume,direct_speech,0,coded,0,,1
fume,subjunctive_comp,0,coded,0,,1
fume,comp_for_to,0,coded,0,,1
fume,comp_bare_inf,0,coded,0,,1
fume,comp_exclamative,0,coded,0,,1
fume,comp_poss_ing,1,coded,0,,1
fume,extraposition,0,coded,0,,1
fume,raising,0,coded,0,,1
fume,ditransitive,0,coded,0,,1
fume,factive_passive,0,coded,0,,1
fume,neg_raising,0,coded,0,,1
fume,weak_island,0,coded,0,,1
fume,pro_complement,0,coded,0,,1
fume,npi_licenser,0,coded,0,,1
fume,stative,1,coded,0,,1
fume,content_noun_fact,0,coded,0,,1
fume,derived_nominal,0,coded,0,,1
fume,phrasal,0,lexical,0,,
fume,be_copula,0,lexical,0,,
disdain,that_omission,1,coded,0,,1
disdain,comp_inf,0,coded,0,,1
disdain,ecm,0,coded,0,,1
disdain,comp_interrog,0,coded,0,,1
disdain,comp_gerund,1,coded,0,,1
disdain,comp_small_clause,0,coded,0,,1
disdain,np_comp_alt,0,coded,0,,1
disdain,direct_speech,0,coded,0,,1
disdain,subjunctive_comp,0,coded,0,,1
disdain,comp_for_to,0,coded,0,,1
disdain,comp_bare_inf,0,coded,0,,1
disdain,comp_exclamative,0,coded,0,,1
disdain,comp_poss_ing,1,coded,0,,1
disdain,extraposition,0,coded,0,,1
disdain,raising,0,coded,0,,1
disdain,ditransitive,0,coded,0,,1
disdain,factive_passive,0,coded,0,,1
disdain,neg_raising,0,coded,0,,1
disdain,weak_island,0,coded,0,,1
disdain,pro_complement,0,coded,0,,1
disdain,npi_licenser,0,coded,0,,1
disdain,stative,1,coded,0,,1
disdain,content_noun_fact,0,coded,0,,1
disdain,derived_nominal,1,coded,0,,1
disdain,phrasal,0,lexical,0,,
disdain,be_copula,0,lexical,0,,
savour,that_omission,0,coded,0,,1
savour,comp_inf,0,coded,0,,1
savour,ecm,0,coded,0,,1
savour,comp_interrog,0,coded,0,,1
savour,comp_gerund,1,coded,0,,1
savour,comp_small_clause,0,coded,0,,1
savour,np_comp_alt,0,coded,0,,1
savour,direct_speech,0,coded,0,,1
savour,subjunctive_comp,0,coded,0,,1
savour,comp_for_to,0,coded,0,,1
savour,comp_bare_inf,0,coded,0,,1
savour,comp_exclamative,0,coded,0,,1
savour,comp_poss_ing,1,coded,0,,1
savour,extraposition,0,coded,0,,1
savour,raising,0,coded,0,,1
savour,ditransitive,0,coded,0,,1
savour,factive_passive,0,coded,0,,1
savour,neg_raising,0,coded,0,,1
savour,weak_island,1,coded,0,,1
savour,pro_complement,0,coded,0,,1
savour,npi_licenser,0,coded,0,,1
savour,stative,1,coded,0,,1
savour,content_noun_fact,1,coded,0,,1
savour,derived_nominal,0,coded,0,,1
savour,phrasal,0,lexical,0,,
savour,be_copula,0,lexical,0,,
emerge,that_omission,1,coded,0,,1
emerge,comp_inf,0,coded,0,,1
emerge,ecm,0,coded,0,,1
emerge,comp_interrog,0,coded,0,,1
emerge,comp_gerund,0,coded,0,,1
emerge,comp_small_clause,0,coded,0,,1
emerge,np_comp_alt,0,coded,0,,1
emerge,direct_speech,0,coded,0,,1
emerge,subjunctive_comp,0,coded,0,,1
emerge,comp_for_to,0,coded,0,,1
emerge,comp_bare_inf,0,coded,0,,1
emerge,comp_exclamative,0,coded,0,,1
emerge,comp_poss_ing,0,coded,0,,1
emerge,extraposition,1,coded,0,,1
emerge,raising,1,coded,0,,1
emerge,ditransitive,0,coded,0,,1
emerge,factive_passive,0,coded,0,,1
emerge,neg_raising,0,coded,0,,1
emerge,weak_island,0,coded,0,,1
emerge,pro_complement,0,coded,0,,1
emerge,npi_licenser,0,coded,0,,1
emerge,stative,1,coded,0,,1
emerge,content_noun_fact,0,coded,0,,1
emerge,derived_nominal,1,coded,0,,1
emerge,phrasal,0,lexical,0,,
emerge,be_copula,0,lexical,0,,
transpire,that_omission,1,coded,0,,1
transpire,comp_inf,0,coded,0,,1
transpire,ecm,0,coded,0,,1
transpire,comp_interrog,0,coded,0,,1
transpire,comp_gerund,0,coded,0,,1
transpire,comp_small_clause,0,coded,0,,1
transpire,np_comp_alt,0,coded,0,,1
transpire,direct_speech,0,coded,0,,1
transpire,subjunctive_comp,0,coded,0,,1
transpire,comp_for_to,0,coded,0,,1
transpire,comp_bare_inf,0,coded,0,,1
transpire,comp_exclamative,0,coded,0,,1
transpire,comp_poss_ing,0,coded,0,,1
transpire,extraposition,1,coded,0,,1
transpire,raising,1,coded,0,,1
transpire,ditransitive,0,coded,0,,1
transpire,factive_passive,0,coded,0,,1
transpire,neg_raising,0,coded,0,,1
transpire,weak_island,0,coded,0,,1
transpire,pro_complement,0,coded,0,,1
transpire,npi_licenser,0,coded,0,,1
transpire,stative,1,coded,0,,1
transpire,content_noun_fact,0,coded,0,,1
transpire,derived_nominal,1,coded,0,,1
transpire,phrasal,0,lexical,0,,
transpire,be_copula,0,lexical,0,,
follow,that_omission,1,coded,0,,1
follow,comp_inf,0,coded,0,,1
follow,ecm,0,coded,0,,1
follow,comp_interrog,0,coded,0,,1
follow,comp_gerund,0,coded,0,,1
follow,comp_small_clause,0,coded,0,,1
follow,np_comp_alt,0,coded,0,,1
follow,direct_speech,0,coded,0,,1
follow,subjunctive_comp,0,coded,0,,1
follow,comp_for_to,0,coded,0,,1
follow,comp_bare_inf,0,coded,0,,1
follow,comp_exclamative,0,coded,0,,1
follow,comp_poss_ing,0,coded,0,,1
follow,extraposition,1,coded,0,,1
follow,raising,1,coded,0,,1
follow,ditransitive,0,coded,0,,1
follow,factive_passive,0,coded,0,,1
follow,neg_raising,0,coded,0,,1
follow,weak_island,0,coded,0,,1
follow,pro_complement,0,coded,0,,1
follow,npi_licenser,0,coded,0,,1
follow,stative,1,coded,0,,1
follow,content_noun_fact,0,coded,0,,1
follow,derived_nominal,0,coded,0,,1
follow,phrasal,0,lexical,0,,
follow,be_copula,0,lexical,0,,
mean,that_omission,1,coded,0,,1
mean,comp_inf,0,coded,0,,1
mean,ecm,0,coded,0,,1
mean,comp_interrog,0,coded,0,,1
mean,comp_gerund,0,coded,0,,1
mean,comp_small_clause,0,coded,0,,1
mean,np_comp_alt,0,coded,0,,1
mean,direct_speech,0,coded,0,,1
mean,subjunctive_comp,0,coded,0,,1
mean,comp_for_to,0,coded,0,,1
mean,comp_bare_inf,0,coded,0,,1
mean,comp_exclamative,0,coded,0,,1
mean,comp_poss_ing,0,coded,0,,1
mean,extraposition,1,coded,0,,1
mean,raising,1,coded,0,,1
mean,ditransitive,0,coded,0,,1
mean,factive_passive,0,coded,0,,1
mean,neg_raising,0,coded,0,,1
mean,weak_island,0,coded,0,,1
mean,pro_complement,0,coded,0,,1
mean,npi_licenser,0,coded,0,,1
mean,stative,1,coded,0,,1
mean,content_noun_fact,0,coded,0,,1
mean,derived_nominal,0,coded,0,,1
mean,phrasal,0,lexical,0,,
mean,be_copula,0,lexical,0,,
ween,that_omission,1,coded,0,,1
ween,comp_inf,0,coded,0,,1
ween,ecm,0,coded,0,,1
ween,comp_interrog,0,coded,0,,1
ween,comp_gerund,0,coded,0,,1
ween,comp_small_clause,0,coded,0,,1
ween,np_comp_alt,0,coded,0,,1
ween,direct_speech,1,coded,0,,1
ween,subjunctive_comp,0,coded,0,,1
ween,comp_for_to,0,coded,0,,1
ween,comp_bare_inf,0,coded,0,,1
ween,comp_exclamative,0,coded,0,,1
ween,comp_poss_ing,0,coded,0,,1
ween,extraposition,0,coded,0,,1
ween,raising,0,coded,0,,1
ween,ditransitive,0,coded,0,,1
ween,factive_passive,0,coded,0,,1
ween,neg_raising,1,coded,0,,1
ween,weak_island,0,coded,0,,1
ween,pro_complement,1,coded,0,,1
ween,npi_licenser,0,coded,0,,1
ween,stative,1,coded,0,,1
ween,content_noun_fact,0,coded,0,,1
ween,derived_nominal,0,coded,0,,1
ween,phrasal,0,lexical,0,,
ween,be_copula,0,lexical,0,,
trow,that_omission,1,coded,0,,1
trow,comp_inf,0,coded,0,,1
trow,ecm,0,coded,0,,1
trow,comp_interrog,0,coded,0,,1
trow,comp_gerund,0,coded,0,,1
trow,comp_small_clause,0,coded,0,,1
trow,np_comp_alt,0,coded,0,,1
trow,direct_speech,1,coded,0,,1
trow,subjunctive_comp,0,coded,0,,1
trow,comp_for_to,0,coded,0,,1
trow,comp_bare_inf,0,coded,0,,1
trow,comp_exclamative,0,coded,0,,1
trow,comp_poss_ing,0,coded,0,,1
trow,extraposition,0,coded,0,,1
trow,raising,0,coded,0,,1
trow,ditransitive,0,coded,0,,1
trow,factive_passive,0,coded,0,,1
trow,neg_raising,1,coded,0,,1
trow,weak_island,0,coded,0,,1
trow,pro_complement,1,coded,0,,1
trow,npi_licenser,0,coded,0,,1
trow,stative,1,coded,0,,1
trow,content_noun_fact,0,coded,0,,1
trow,derived_nominal,0,coded,0,,1
trow,phrasal,0,lexical,0,,
trow,be_copula,0,lexical,0,,
wot,that_omission,1,coded,0,,1
wot,comp_inf,0,coded,0,,1
wot,ecm,0,coded,0,,1
wot,comp_interrog,1,coded,0,,1
wot,comp_gerund,0,coded,0,,1
wot,comp_small_clause,0,coded,0,,1
wot,np_comp_alt,0,coded,0,,1
wot,direct_speech,0,coded,0,,1
wot,subjunctive_comp,0,coded,0,,1
wot,comp_for_to,0,coded,0,,1
wot,comp_bare_inf,0,coded,0,,1
wot,comp_exclamative,1,coded,0,,1
wot,comp_poss_ing,0,coded,0,,1
wot,extraposition,0,coded,0,,1
wot,raising,0,coded,0,,1
wot,ditransitive,0,coded,0,,1
wot,factive_passive,0,coded,0,,1
wot,neg_raising,0,coded,0,,1
wot,weak_island,1,coded,0,,1
wot,pro_complement,0,coded,0,,1
wot,npi_licenser,0,coded,0,,1
wot,stative,1,coded,0,,1
wot,content_noun_fact,1,coded,0,,1
wot,derived_nominal,0,coded,0,,1
wot,phrasal,0,lexical,0,,
wot,be_copula,0,lexical,0,,
work_out,that_omission,1,coded,0,,1
work_out,comp_inf,0,coded,0,,1
work_out,ecm,0,coded,0,,1
work_out,comp_interrog,1,coded,0,,1
work_out,comp_gerund,0,coded,0,,1
work_out,comp_small_clause,0,coded,0,,1
work_out,np_comp_alt,1,coded,0,,1
work_out,direct_speech,0,coded,0,,1
work_out,subjunctive_comp,0,coded,0,,1
work_out,comp_for_to,0,coded,0,,1
work_out,comp_bare_inf,0,coded,0,,1
work_out,comp_exclamative,1,coded,0,,1
work_out,comp_poss_ing,0,coded,0,,1
work_out,extraposition,0,coded,0,,1
work_out,raising,0,coded,0,,1
work_out,ditransitive,0,coded,0,,1
work_out,factive_passive,0,coded,0,,1
work_out,neg_raising,0,coded,0,,1
work_out,weak_island,1,coded,0,,1
work_out,pro_complement,0,coded,0,,1
work_out,npi_licenser,0,coded,0,,1
work_out,stative,0,coded,0,,1
work_out,content_noun_fact,1,coded,0,,1
work_out,derived_nominal,0,coded,0,,1
work_out,phrasal,1,lexical,0,,
work_out,be_copula,0,lexical,0,,
suss_out,that_omission,1,coded,0,,1
suss_out,comp_inf,0,coded,0,,1
suss_out,ecm,0,coded,0,,1
suss_out,comp_interrog,1,coded,0,,1
suss_out,comp_gerund,0,coded,0,,1
suss_out,comp_small_clause,0,coded,0,,1
suss_out,np_comp_alt,0,coded,0,,1
suss_out,direct_speech,0,coded,0,,1
suss_out,subjunctive_comp,0,coded,0,,1
suss_out,comp_for_to,0,coded,0,,1
suss_out,comp_bare_inf,0,coded,0,,1
suss_out,comp_exclamative,1,coded,0,,1
suss_out,comp_poss_ing,0,coded,0,,1
suss_out,extraposition,0,coded,0,,1
suss_out,raising,0,coded,0,,1
suss_out,ditransitive,0,coded,0,,1
suss_out,factive_passive,0,coded,0,,1
suss_out,neg_raising,0,coded,0,,1
suss_out,weak_island,1,coded,0,,1
suss_out,pro_complement,0,coded,0,,1
suss_out,npi_licenser,0,coded,0,,1
suss_out,stative,0,coded,0,,1
suss_out,content_noun_fact,1,coded,0,,1
suss_out,derived_nominal,0,coded,0,,1
suss_out,phrasal,1,lexical,0,,
suss_out,be_copula,0,lexical,0,,
catch_on,that_omission,1,coded,0,,1
catch_on,comp_inf,0,coded,0,,1
catch_on,ecm,0,coded,0,,1
catch_on,comp_interrog,0,coded,0,,1
catch_on,comp_gerund,0,coded,0,,1
catch_on,comp_small_clause,0,coded,0,,1
catch_on,np_comp_alt,0,coded,0,,1
catch_on,direct_speech,0,coded,0,,1
catch_on,subjunctive_comp,0,coded,0,,1
catch_on,comp_for_to,0,coded,0,,1
catch_on,comp_bare_inf,0,coded,0,,1
catch_on,comp_exclamative,0,coded,0,,1
catch_on,comp_poss_ing,0,coded,0,,1
catch_on,extraposition,0,coded,0,,1
catch_on,raising,0,coded,0,,1
catch_on,ditransitive,0,coded,0,,1
catch_on,factive_passive,0,coded,0,,1
catch_on,neg_raising,0,coded,0,,1
catch_on,weak_island,1,coded,0,,1
catch_on,pro_complement,0,coded,0,,1
catch_on,npi_licenser,0,coded,0,,1
catch_on,stative,0,coded,0,,1
catch_on,content_noun_fact,1,coded,0,,1
catch_on,derived_nominal,0,coded,0,,1
catch_on,phrasal,1,lexical,0,,
catch_on,be_copula,0,lexical,0,,
pick_up,that_omission,1,coded,0,,1
pick_up,comp_inf,0,coded,0,,1
pick_up,ecm,0,coded,0,,1
pick_up,comp_interrog,1,coded,0,,1
pick_up,comp_gerund,0,coded,0,,1
pick_up,comp_small_clause,0,coded,0,,1
pick_up,np_comp_alt,0,coded,0,,1
pick_up,direct_speech,0,coded,0,,1
pick_up,subjunctive_comp,0,coded,0,,1
pick_up,comp_for_to,0,coded,0,,1
pick_up,comp_bare_inf,0,coded,0,,1
pick_up,comp_exclamative,1,coded,0,,1
pick_up,comp_poss_ing,0,coded,0,,1
pick_up,extraposition,0,coded,0,,1
pick_up,raising,0,coded,0,,1
pick_up,ditransitive,0,coded,0,,1
pick_up,factive_passive,0,coded,0,,1
pick_up,neg_raising,0,coded,0,,1
pick_up,weak_island,1,coded,0,,1
pick_up,pro_complement,0,coded,0,,1
pick_up,npi_licenser,0,coded,0,,1
pick_up,stative,0,coded,0,,1
pick_up,content_noun_fact,1,coded,0,,1
pick_up,derived_nominal,0,coded,0,,1
pick_up,phrasal,1,lexical,0,,
pick_up,be_copula,0,lexical,0,,
sink_in,that_omission,1,coded,0,,1
sink_in,comp_inf,0,coded,0,,1
sink_in,ecm,0,coded,0,,1
sink_in,comp_interrog,0,coded,0,,1
sink_in,comp_gerund,0,coded,0,,1
sink_in,comp_small_clause,0,coded,0,,1
sink_in,np_comp_alt,0,coded,0,,1
sink_in,direct_speech,0,coded,0,,1
sink_in,subjunctive_comp,0,coded,0,,1
sink_in,comp_for_to,0,coded,0,,1
sink_in,comp_bare_inf,0,coded,0,,1
sink_in,comp_exclamative,0,coded,0,,1
sink_in,comp_poss_ing,0,coded,0,,1
sink_in,extraposition,0,coded,0,,1
sink_in,raising,0,coded,0,,1
sink_in,ditransitive,0,coded,0,,1
sink_in,factive_passive,0,coded,0,,1
sink_in,neg_raising,0,coded,0,,1
sink_in,weak_island,1,coded,0,,1
sink_in,pro_complement,0,coded,0,,1
sink_in,npi_licenser,0,coded,0,,1
sink_in,stative,0,coded,0,,1
sink_in,content_noun_fact,1,coded,0,,1
sink_in,derived_nominal,0,coded,0,,1
sink_in,phrasal,1,lexical,0,,
sink_in,be_copula,0,lexical,0,,
take_in,that_omission,1,coded,0,,1
take_in,comp_inf,0,coded,0,,1
take_in,ecm,0,coded,0,,1
take_in,comp_interrog,0,coded,0,,1
take_in,comp_gerund,0,coded,0,,1
take_in,comp_small_clause,0,coded,0,,1
take_in,np_comp_alt,0,coded,0,,1
take_in,direct_speech,0,coded,0,,1
take_in,subjunctive_comp,0,coded,0,,1
take_in,comp_for_to,0,coded,0,,1
take_in,comp_bare_inf,0,coded,0,,1
take_in,comp_exclamative,0,coded,0,,1
take_in,comp_poss_ing,0,coded,0,,1
take_in,extraposition,0,coded,0,,1
take_in,raising,0,coded,0,,1
take_in,ditransitive,0,coded,0,,1
take_in,factive_passive,0,coded,0,,1
take_in,neg_raising,0,coded,0,,1
take_in,weak_island,1,coded,0,,1
take_in,pro_complement,0,coded,0,,1
take_in,npi_licenser,0,coded,0,,1
take_in,stative,0,coded,0,,1
take_in,content_noun_fact,1,coded,0,,1
take_in,derived_nominal,0,coded,0,,1
take_in,phrasal,1,lexical,0,,
take_in,be_copula,0,lexical,0,,
let_on,that_omission,1,coded,0,,1
let_on,comp_inf,0,coded,0,,1
let_on,ecm,0,coded,0,,1
let_on,comp_interrog,0,coded,0,,1
let_on,comp_gerund,0,coded,0,,1
let_on,comp_small_clause,0,coded,0,,1
let_on,np_comp_alt,0,coded,0,,1
let_on,direct_speech,0,coded,0,,1
let_on,subjunctive_comp,0,coded,0,,1
let_on,comp_for_to,0,coded,0,,1
let_on,comp_bare_inf,0,coded,0,,1
let_on,comp_exclamative,0,coded,0,,1
let_on,comp_poss_ing,0,coded,0,,1
let_on,extraposition,0,coded,0,,1
let_on,raising,0,coded,0,,1
let_on,ditransitive,0,coded,0,,1
let_on,factive_passive,0,coded,0,,1
let_on,neg_raising,0,coded,0,,1
let_on,weak_island,1,coded,0,,1
let_on,pro_complement,0,coded,0,,1
let_on,npi_licenser,0,coded,0,,1
let_on,stative,1,coded,0,,1
let_on,content_noun_fact,1,coded,0,,1
let_on,derived_nominal,0,coded,0,,1
let_on,phrasal,1,lexical,0,,
let_on,be_copula,0,lexical,0,,
let_slip,that_omission,1,coded,0,,1
let_slip,comp_inf,0,coded,0,,1
let_slip,ecm,0,coded,0,,1
let_slip,comp_interrog,0,coded,0,,1
let_slip,comp_gerund,0,coded,0,,1
let_slip,comp_small_clause,0,coded,0,,1
let_slip,np_comp_alt,0,coded,0,,1
let_slip,direct_speech,0,coded,0,,1
let_slip,subjunctive_comp,0,coded,0,,1
let_slip,comp_for_to,0,coded,0,,1
let_slip,comp_bare_inf,0,coded,0,,1
let_slip,comp_exclamative,0,coded,0,,1
let_slip,comp_poss_ing,0,coded,0,,1
let_slip,extraposition,0,coded,0,,1
let_slip,raising,0,coded,0,,1
let_slip,ditransitive,0,coded,0,,1
let_slip,factive_passive,0,coded,0,,1
let_slip,neg_raising,0,coded,0,,1
let_slip,weak_island,1,coded,0,,1
let_slip,pro_complement,0,coded,0,,1
let_slip,npi_licenser,0,coded,0,,1
let_slip,stative,1,coded,0,,1
let_slip,content_noun_fact,1,coded,0,,1
let_slip,derived_nominal,0,coded,0,,1
let_slip,phrasal,1,lexical,0,,
let_slip,be_copula,0,lexical,0,,
let_out,that_omission,1,coded,0,,1
let_out,comp_inf,0,coded,0,,1
let_out,ecm,0,coded,0,,1
let_out,comp_interrog,0,coded,0,,1
let_out,comp_gerund,0,coded,0,,1
let_out,comp_small_clause,0,coded,0,,1
let_out,np_comp_alt,0,coded,0,,1
let_out,direct_speech,0,coded,0,,1
let_out,subjunctive_comp,0,coded,0,,1
let_out,comp_for_to,0,coded,0,,1
let_out,comp_bare_inf,0,coded,0,,1
let_out,comp_exclamative,0,coded,0,,1
let_out,comp_poss_ing,0,coded,0,,1
let_out,extraposition,0,coded,0,,1
let_out,raising,0,coded,0,,1
let_out,ditransitive,0,coded,0,,1
let_out,factive_passive,0,coded,0,,1
let_out,neg_raising,0,coded,0,,1
let_out,weak_island,1,coded,0,,1
let_out,pro_complement,0,coded,0,,1
let_out,npi_licenser,0,coded,0,,1
let_out,stative,1,coded,0,,1
let_out,content_noun_fact,1,coded,0,,1
let_out,derived_nominal,0,coded,0,,1
let_out,phrasal,1,lexical,0,,
let_out,be_copula,0,lexical,0,,
give_away,that_omission,1,coded,0,,1
give_away,comp_inf,0,coded,0,,1
give_away,ecm,0,coded,0,,1
give_away,comp_interrog,0,coded,0,,1
give_away,comp_gerund,0,coded,0,,1
give_away,comp_small_clause,0,coded,0,,1
give_away,np_comp_alt,0,coded,0,,1
give_away,direct_speech,0,coded,0,,1
give_away,subjunctive_comp,0,coded,0,,1
give_away,comp_for_to,0,coded,0,,1
give_away,comp_bare_inf,0,coded,0,,1
give_away,comp_exclamative,0,coded,0,,1
give_away,comp_poss_ing,0,coded,0,,1
give_away,extraposition,0,coded,0,,1
give_away,raising,0,coded,0,,1
give_away,ditransitive,0,coded,0,,1
give_away,factive_passive,0,coded,0,,1
give_away,neg_raising,0,coded,0,,1
give_away,weak_island,1,coded,0,,1
give_away,pro_complement,0,coded,0,,1
give_away,npi_licenser,0,coded,0,,1
give_away,stative,1,coded,0,,1
give_away,content_noun_fact,1,coded,0,,1
give_away,derived_nominal,0,coded,0,,1
give_away,phrasal,1,lexical,0,,
give_away,be_copula,0,lexical,0,,
own_up,that_omission,1,coded,0,,1
own_up,comp_inf,0,coded,0,,1
own_up,ecm,0,coded,0,,1
own_up,comp_interrog,0,coded,0,,1
own_up,comp_gerund,1,coded,0,,1
own_up,comp_small_clause,0,coded,0,,1
own_up,np_comp_alt,0,coded,0,,1
own_up,direct_speech,0,coded,0,,1
own_up,subjunctive_comp,0,coded,0,,1
own_up,comp_for_to,0,coded,0,,1
own_up,comp_bare_inf,0,coded,0,,1
own_up,comp_exclamative,0,coded,0,,1
own_up,comp_poss_ing,1,coded,0,,1
own_up,extraposition,0,coded,0,,1
own_up,raising,0,coded,0,,1
own_up,ditransitive,0,coded,0,,1
own_up,factive_passive,0,coded,0,,1
own_up,neg_raising,0,coded,0,,1
own_up,weak_island,1,coded,0,,1
own_up,pro_complement,0,coded,0,,1
own_up,npi_licenser,0,coded,0,,1
own_up,stative,1,coded,0,,1
own_up,content_noun_fact,1,coded,0,,1
own_up,derived_nominal,0,coded,0,,1
own_up,phrasal,1,lexical,0,,
own_up,be_copula,0,lexical,0,,
come_clean,that_omission,1,coded,0,,1
come_clean,comp_inf,0,coded,0,,1
come_clean,ecm,0,coded,0,,1
come_clean,comp_interrog,0,coded,0,,1
come_clean,comp_gerund,0,coded,0,,1
come_clean,comp_small_clause,0,coded,0,,1
come_clean,np_comp_alt,0,coded,0,,1
come_clean,direct_speech,0,coded,0,,1
come_clean,subjunctive_comp,0,coded,0,,1
come_clean,comp_for_to,0,coded,0,,1
come_clean,comp_bare_inf,0,coded,0,,1
come_clean,comp_exclamative,0,coded,0,,1
come_clean,comp_poss_ing,0,coded,0,,1
come_clean,extraposition,0,coded,0,,1
come_clean,raising,0,coded,0,,1
come_clean,ditransitive,0,coded,0,,1
come_clean,factive_passive,0,coded,0,,1
come_clean,neg_raising,0,coded,0,,1
come_clean,weak_island,1,coded,0,,1
come_clean,pro_complement,0,coded,0,,1
come_clean,npi_licenser,0,coded,0,,1
come_clean,stative,1,coded,0,,1
come_clean,content_noun_fact,1,coded,0,,1
come_clean,derived_nominal,0,coded,0,,1
come_clean,phrasal,1,lexical,0,,
come_clean,be_copula,0,lexical,0,,
bear_out,that_omission,1,coded,0,,1
bear_out,comp_inf,0,coded,0,,1
bear_out,ecm,0,coded,0,,1
bear_out,comp_interrog,0,coded,0,,1
bear_out,comp_gerund,0,coded,0,,1
bear_out,comp_small_clause,0,coded,0,,1
bear_out,np_comp_alt,1,coded,0,,1
bear_out,direct_speech,0,coded,0,,1
bear_out,subjunctive_comp,0,coded,0,,1
bear_out,comp_for_to,0,coded,0,,1
bear_out,comp_bare_inf,0,coded,0,,1
bear_out,comp_exclamative,0,coded,0,,1
bear_out,comp_poss_ing,0,coded,0,,1
bear_out,extraposition,0,coded,0,,1
bear_out,raising,0,coded,0,,1
bear_out,ditransitive,0,coded,0,,1
bear_out,factive_passive,0,coded,0,,1
bear_out,neg_raising,0,coded,0,,1
bear_out,weak_island,1,coded,0,,1
bear_out,pro_complement,0,coded,0,,1
bear_out,npi_licenser,0,coded,0,,1
bear_out,stative,1,coded,0,,1
bear_out,content_noun_fact,1,coded,0,,1
bear_out,derived_nominal,0,coded,0,,1
bear_out,phrasal,1,lexical,0,,
bear_out,be_copula,0,lexical,0,,
bring_home,that_omission,1,coded,0,,1
bring_home,comp_inf,0,coded,0,,1
bring_home,ecm,0,coded,0,,1
bring_home,comp_interrog,0,coded,0,,1
bring_home,comp_gerund,0,coded,0,,1
bring_home,comp_small_clause,0,coded,0,,1
bring_home,np_comp_alt,0,coded,0,,1
bring_home,direct_speech,0,coded,0,,1
bring_home,subjunctive_comp,0,coded,0,,1
bring_home,comp_for_to,0,coded,0,,1
bring_home,comp_bare_inf,0,coded,0,,1
bring_home,comp_exclamative,0,coded,0,,1
bring_home,comp_poss_ing,0,coded,0,,1
bring_home,extraposition,0,coded,0,,1
bring_home,raising,0,coded,0,,1
bring_home,ditransitive,1,coded,0,,1
bring_home,factive_passive,1,coded,0,,1
bring_home,neg_raising,0,coded,0,,1
bring_home,weak_island,1,coded,0,,1
bring_home,pro_complement,0,coded,0,,1
bring_home,npi_licenser,0,coded,0,,1
bring_home,stative,1,coded,0,,1
bring_home,content_noun_fact,1,coded,0,,1
bring_home,derived_nominal,0,coded,0,,1
bring_home,phrasal,1,lexical,0,,
bring_home,be_copula,0,lexical,0,,
blurt_out,that_omission,1,coded,0,,1
blurt_out,comp_inf,0,coded,0,,1
blurt_out,ecm,0,coded,0,,1
blurt_out,comp_interrog,0,coded,0,,1
blurt_out,comp_gerund,0,coded,0,,1
blurt_out,comp_small_clause,0,coded,0,,1
blurt_out,np_comp_alt,0,coded,0,,1
blurt_out,direct_speech,1,coded,0,,1
blurt_out,subjunctive_comp,0,coded,0,,1
blurt_out,comp_for_to,0,coded,0,,1
blurt_out,comp_bare_inf,0,coded,0,,1
blurt_out,comp_exclamative,0,coded,0,,1
blurt_out,comp_poss_ing,0,coded,0,,1
blurt_out,extraposition,0,coded,0,,1
blurt_out,raising,0,coded,0,,1
blurt_out,ditransitive,0,coded,0,,1
blurt_out,factive_passive,0,coded,0,,1
blurt_out,neg_raising,0,coded,0,,1
blurt_out,weak_island,0,coded,0,,1
blurt_out,pro_complement,0,coded,0,,1
blurt_out,npi_licenser,0,coded,0,,1
blurt_out,stative,1,coded,0,,1
blurt_out,content_noun_fact,0,coded,0,,1
blurt_out,derived_nominal,0,coded,0,,1
blurt_out,phrasal,1,lexical,0,,
blurt_out,be_copula,0,lexical,0,,
spell_out,that_omission,1,coded,0,,1
spell_out,comp_inf,0,coded,0,,1
spell_out,ecm,0,coded,0,,1
spell_out,comp_interrog,0,coded,0,,1
spell_out,comp_gerund,0,coded,0,,1
spell_out,comp_small_clause,0,coded,0,,1
spell_out,np_comp_alt,1,coded,0,,1
spell_out,direct_speech,0,coded,0,,1
spell_out,subjunctive_comp,0,coded,0,,1
spell_out,comp_for_to,0,coded,0,,1
spell_out,comp_bare_inf,0,coded,0,,1
spell_out,comp_exclamative,0,coded,0,,1
spell_out,comp_poss_ing,0,coded,0,,1
spell_out,extraposition,0,coded,0,,1
spell_out,raising,0,coded,0,,1
spell_out,ditransitive,0,coded,0,,1
spell_out,factive_passive,0,coded,0,,1
spell_out,neg_raising,0,coded,0,,1
spell_out,weak_island,0,coded,0,,1
spell_out,pro_complement,0,coded,0,,1
spell_out,npi_licenser,0,coded,0,,1
spell_out,stative,1,coded,0,,1
spell_out,content_noun_fact,0,coded,0,,1
spell_out,derived_nominal,0,coded,0,,1
spell_out,phrasal,1,lexical,0,,
spell_out,be_copula,0,lexical,0,,
get_across,that_omission,1,coded,0,,1
get_across,comp_inf,0,coded,0,,1
get_across,ecm,0,coded,0,,1
get_across,comp_interrog,0,coded,0,,1
get_across,comp_gerund,0,coded,0,,1
get_across,comp_small_clause,0,coded,0,,1
get_across,np_comp_alt,1,coded,0,,1
get_across,direct_speech,0,coded,0,,1
get_across,subjunctive_comp,0,coded,0,,1
get_across,comp_for_to,0,coded,0,,1
get_across,comp_bare_inf,0,coded,0,,1
get_across,comp_exclamative,0,coded,0,,1
get_across,comp_poss_ing,0,coded,0,,1
get_across,extraposition,0,coded,0,,1
get_across,raising,0,coded,0,,1
get_across,ditransitive,1,coded,0,,1
get_across,factive_passive,1,coded,0,,1
get_across,neg_raising,0,coded,0,,1
get_across,weak_island,0,coded,0,,1
get_across,pro_complement,0,coded,0,,1
get_across,npi_licenser,0,coded,0,,1
get_across,stative,1,coded,0,,1
get_across,content_noun_fact,0,coded,0,,1
get_across,derived_nominal,0,coded,0,,1
get_across,phrasal,1,lexical,0,,
get_across,be_copula,0,lexical,0,,
put_across,that_omission,1,coded,0,,1
put_across,comp_inf,0,coded,0,,1
put_across,ecm,0,coded,0,,1
put_across,comp_interrog,0,coded,0,,1
put_across,comp_gerund,0,coded,0,,1
put_across,comp_small_clause,0,coded,0,,1
put_across,np_comp_alt,0,coded,0,,1
put_across,direct_speech,0,coded,0,,1
put_across,subjunctive_comp,0,coded,0,,1
put_across,comp_for_to,0,coded,0,,1
put_across,comp_bare_inf,0,coded,0,,1
put_across,comp_exclamative,0,coded,0,,1
put_across,comp_poss_ing,0,coded,0,,1
put_across,extraposition,0,coded,0,,1
put_across,raising,0,coded,0,,1
put_across,ditransitive,0,coded,0,,1
put_across,factive_passive,0,coded,0,,1
put_across,neg_raising,0,coded,0,,1
put_across,weak_island,0,coded,0,,1
put_across,pro_complement,0,coded,0,,1
put_across,npi_licenser,0,coded,0,,1
put_across,stative,1,coded,0,,1
put_across,content_noun_fact,0,coded,0,,1
put_across,derived_nominal,0,coded,0,,1
put_across,phrasal,1,lexical,0,,
put_across,be_copula,0,lexical,0,,
lay_out,that_omission,1,coded,0,,1
lay_out,comp_inf,0,coded,0,,1
lay_out,ecm,0,coded,0,,1
lay_out,comp_interrog,0,coded,0,,1
lay_out,comp_gerund,0,coded,0,,1
lay_out,comp_small_clause,0,coded,0,,1
lay_out,np_comp_alt,1,coded,0,,1
lay_out,direct_speech,0,coded,0,,1
lay_out,subjunctive_comp,0,coded,0,,1
lay_out,comp_for_to,0,coded,0,,1
lay_out,comp_bare_inf,0,coded,0,,1
lay_out,comp_exclamative,0,coded,0,,1
lay_out,comp_poss_ing,0,coded,0,,1
lay_out,extraposition,0,coded,0,,1
lay_out,raising,0,coded,0,,1
lay_out,ditransitive,0,coded,0,,1
lay_out,factive_passive,0,coded,0,,1
lay_out,neg_raising,0,coded,0,,1
lay_out,weak_island,0,coded,0,,1
lay_out,pro_complement,0,coded,0,,1
lay_out,npi_licenser,0,coded,0,,1
lay_out,stative,1,coded,0,,1
lay_out,content_noun_fact,0,coded,0,,1
lay_out,derived_nominal,0,coded,0,,1
lay_out,phrasal,1,lexical,0,,
lay_out,be_copula,0,lexical,0,,
bring_up,that_omission,1,coded,0,,1
bring_up,comp_inf,0,coded,0,,1
bring_up,ecm,0,coded,0,,1
bring_up,comp_interrog,0,coded,0,,1
bring_up,comp_gerund,0,coded,0,,1
bring_up,comp_small_clause,0,coded,0,,1
bring_up,np_comp_alt,1,coded,0,,1
bring_up,direct_speech,0,coded,0,,1
bring_up,subjunctive_comp,0,coded,0,,1
bring_up,comp_for_to,0,coded,0,,1
bring_up,comp_bare_inf,0,coded,0,,1
bring_up,comp_exclamative,0,coded,0,,1
bring_up,comp_poss_ing,0,coded,0,,1
bring_up,extraposition,0,coded,0,,1
bring_up,raising,0,coded,0,,1
bring_up,ditransitive,0,coded,0,,1
bring_up,factive_passive,0,coded,0,,1
bring_up,neg_raising,0,coded,0,,1
bring_up,weak_island,0,coded,0,,1
bring_up,pro_complement,0,coded,0,,1
bring_up,npi_licenser,0,coded,0,,1
bring_up,stative,1,coded,0,,1
bring_up,content_noun_fact,0,coded,0,,1
bring_up,derived_nominal,0,coded,0,,1
bring_up,phrasal,1,lexical,0,,
bring_up,be_copula,0,lexical,0,,
get_out,that_omission,1,coded,0,,1
get_out,comp_inf,0,coded,0,,1
get_out,ecm,0,coded,0,,1
get_out,comp_interrog,0,coded,0,,1
get_out,comp_gerund,0,coded,0,,1
get_out,comp_small_clause,0,coded,0,,1
get_out,np_comp_alt,0,coded,0,,1
get_out,direct_speech,0,coded,0,,1
get_out,subjunctive_comp,0,coded,0,,1
get_out,comp_for_to,0,coded,0,,1
get_out,comp_bare_inf,0,coded,0,,1
get_out,comp_exclamative,0,coded,0,,1
get_out,comp_poss_ing,0,coded,0,,1
get_out,extraposition,0,coded,0,,1
get_out,raising,0,coded,0,,1
get_out,ditransitive,0,coded,0,,1
get_out,factive_passive,0,coded,0,,1
get_out,neg_raising,0,coded,0,,1
get_out,weak_island,0,coded,0,,1
get_out,pro_complement,0,coded,0,,1
get_out,npi_licenser,0,coded,0,,1
get_out,stative,1,coded,0,,1
get_out,content_noun_fact,0,coded,0,,1
get_out,derived_nominal,0,coded,0,,1
get_out,phrasal,1,lexical,0,,
get_out,be_copula,0,lexical,0,,
get_around,that_omission,1,coded,0,,1
get_around,comp_inf,0,coded,0,,1
get_around,ecm,0,coded,0,,1
get_around,comp_interrog,0,coded,0,,1
get_around,comp_gerund,0,coded,0,,1
get_around,comp_small_clause,0,coded,0,,1
get_around,np_comp_alt,0,coded,0,,1
get_around,direct_speech,0,coded,0,,1
get_around,subjunctive_comp,0,coded,0,,1
get_around,comp_for_to,0,coded,0,,1
get_around,comp_bare_inf,0,coded,0,,1
get_around,comp_exclamative,0,coded,0,,1
get_around,comp_poss_ing,0,coded,0,,1
get_around,extraposition,0,coded,0,,1
get_around,raising,0,coded,0,,1
get_around,ditransitive,0,coded,0,,1
get_around,factive_passive,0,coded,0,,1
get_around,neg_raising,0,coded,0,,1
get_around,weak_island,0,coded,0,,1
get_around,pro_complement,0,coded,0,,1
get_around,npi_licenser,0,coded,0,,1
get_around,stative,1,coded,0,,1
get_around,content_noun_fact,0,coded,0,,1
get_around,derived_nominal,0,coded,0,,1
get_around,phrasal,1,lexical,0,,
get_around,be_copula,0,lexical,0,,
go_around,that_omission,1,coded,0,,1
go_around,comp_inf,0,coded,0,,1
go_around,ecm,0,coded,0,,1
go_around,comp_interrog,0,coded,0,,1
go_around,comp_gerund,0,coded,0,,1
go_around,comp_small_clause,0,coded,0,,1
go_around,np_comp_alt,0,coded,0,,1
go_around,direct_speech,0,coded,0,,1
go_around,subjunctive_comp,0,coded,0,,1
go_around,comp_for_to,0,coded,0,,1
go_around,comp_bare_inf,0,coded,0,,1
go_around,comp_exclamative,0,coded,0,,1
go_around,comp_poss_ing,0,coded,0,,1
go_around,extraposition,0,coded,0,,1
go_around,raising,0,coded,0,,1
go_around,ditransitive,0,coded,0,,1
go_around,factive_passive,0,coded,0,,1
go_around,neg_raising,0,coded,0,,1
go_around,weak_island,0,coded,0,,1
go_around,pro_complement,0,coded,0,,1
go_around,npi_licenser,0,coded,0,,1
go_around,stative,1,coded,0,,1
go_around,content_noun_fact,0,coded,0,,1
go_around,derived_nominal,0,coded,0,,1
go_around,phrasal,1,lexical,0,,
go_around,be_copula,0,lexical,0,,
put_about,that_omission,1,coded,0,,1
put_about,comp_inf,0,coded,0,,1
put_about,ecm,0,coded,0,,1
put_about,comp_interrog,0,coded,0,,1
put_about,comp_gerund,0,coded,0,,1
put_about,comp_small_clause,0,coded,0,,1
put_about,np_comp_alt,0,coded,0,,1
put_about,direct_speech,0,coded,0,,1
put_about,subjunctive_comp,0,coded,0,,1
put_about,comp_for_to,0,coded,0,,1
put_about,comp_bare_inf,0,coded,0,,1
put_about,comp_exclamative,0,coded,0,,1
put_about,comp_poss_ing,0,coded,0,,1
put_about,extraposition,0,coded,0,,1
put_about,raising,0,coded,0,,1
put_about,ditransitive,0,coded,0,,1
put_about,factive_passive,0,coded,0,,1
put_about,neg_raising,0,coded,0,,1
put_about,weak_island,0,coded,0,,1
put_about,pro_complement,0,coded,0,,1
put_about,npi_licenser,0,coded,0,,1
put_about,stative,1,coded,0,,1
put_about,content_noun_fact,0,coded,0,,1
put_about,derived_nominal,0,coded,0,,1
put_about,phrasal,1,lexical,0,,
put_about,be_copula,0,lexical,0,,
get_through,that_omission,1,coded,0,,1
get_through,comp_inf,0,coded,0,,1
get_through,ecm,0,coded,0,,1
get_through,comp_interrog,0,coded,0,,1
get_through,comp_gerund,0,coded,0,,1
get_through,comp_small_clause,0,coded,0,,1
get_through,np_comp_alt,0,coded,0,,1
get_through,direct_speech,0,coded,0,,1
get_through,subjunctive_comp,0,coded,0,,1
get_through,comp_for_to,0,coded,0,,1
get_through,comp_bare_inf,0,coded,0,,1
get_through,comp_exclamative,0,coded,0,,1
get_through,comp_poss_ing,0,coded,0,,1
get_through,extraposition,0,coded,0,,1
get_through,raising,0,coded,0,,1
get_through,ditransitive,1,coded,0,,1
get_through,factive_passive,1,coded,0,,1
get_through,neg_raising,0,coded,0,,1
get_through,weak_island,0,coded,0,,1
get_through,pro_complement,0,coded,0,,1
get_through,npi_licenser,0,coded,0,,1
get_through,stative,1,coded,0,,1
get_through,content_noun_fact,0,coded,0,,1
get_through,derived_nominal,0,coded,0,,1
get_through,phrasal,1,lexical,0,,
get_through,be_copula,0,lexical,0,,
abash,that_omission,1,coded,0,,1
abash,comp_inf,0,coded,0,,1
abash,ecm,0,coded,0,,1
abash,comp_interrog,0,coded,0,,1
abash,comp_gerund,0,coded,0,,1
abash,comp_small_clause,0,coded,0,,1
abash,np_comp_alt,0,coded,0,,1
abash,direct_speech,0,coded,0,,1
abash,subjunctive_comp,0,coded,0,,1
abash,comp_for_to,0,coded,0,,1
abash,comp_bare_inf,0,coded,0,,1
abash,comp_exclamative,0,coded,0,,1
abash,comp_poss_ing,0,coded,0,,1
abash,extraposition,1,coded,0,,1
abash,raising,0,coded,0,,1
abash,ditransitive,0,coded,0,,1
abash,factive_passive,1,coded,0,,1
abash,neg_raising,0,coded,0,,1
abash,weak_island,1,coded,0,,1
abash,pro_complement,0,coded,0,,1
abash,npi_licenser,0,coded,0,,1
abash,stative,1,coded,0,,1
abash,content_noun_fact,0,coded,0,,1
abash,derived_nominal,0,coded,0,,1
abash,phrasal,0,lexical,0,,
abash,be_copula,0,lexical,0,,
affront,that_omission,1,coded,0,,1
affront,comp_inf,0,coded,0,,1
affront,ecm,0,coded,0,,1
affront,comp_interrog,0,coded,0,,1
affront,comp_gerund,0,coded,0,,1
affront,comp_small_clause,0,coded,0,,1
affront,np_comp_alt,0,coded,0,,1
affront,direct_speech,0,coded,0,,1
affront,subjunctive_comp,0,coded,0,,1
affront,comp_for_to,0,coded,0,,1
affront,comp_bare_inf,0,coded,0,,1
affront,comp_exclamative,0,coded,0,,1
affront,comp_poss_ing,0,coded,0,,1
affront,extraposition,1,coded,0,,1
affront,raising,0,coded,0,,1
affront,ditransitive,0,coded,0,,1
affront,factive_passive,1,coded,0,,1
affront,neg_raising,0,coded,0,,1
affront,weak_island,1,coded,0,,1
affront,pro_complement,0,coded,0,,1
affront,npi_licenser,0,coded,0,,1
affront,stative,1,coded,0,,1
affront,content_noun_fact,0,coded,0,,1
affront,derived_nominal,0,coded,0,,1
affront,phrasal,0,lexical,0,,
affront,be_copula,0,lexical,0,,
alienate,that_omission,1,coded,0,,1
alienate,comp_inf,0,coded,0,,1
alienate,ecm,0,coded,0,,1
alienate,comp_interrog,0,coded,0,,1
alienate,comp_gerund,0,coded,0,,1
alienate,comp_small_clause,0,coded,0,,1
alienate,np_comp_alt,0,coded,0,,1
alienate,direct_speech,0,coded,0,,1
alienate,subjunctive_comp,0,coded,0,,1
alienate,comp_for_to,0,coded,0,,1
alienate,comp_bare_inf,0,coded,0,,1
alienate,comp_exclamative,0,coded,0,,1
alienate,comp_poss_ing,0,coded,0,,1
alienate,extraposition,1,coded,0,,1
alienate,raising,0,coded,0,,1
alienate,ditransitive,0,coded,0,,1
alienate,factive_passive,1,coded,0,,1
alienate,neg_raising,0,coded,0,,1
alienate,weak_island,1,coded,0,,1
alienate,pro_complement,0,coded,0,,1
alienate,npi_licenser,0,coded,0,,1
alienate,stative,1,coded,0,,1
alienate,content_noun_fact,0,coded,0,,1
alienate,derived_nominal,0,coded,0,,1
alienate,phrasal,0,lexical,0,,
alienate,be_copula,0,lexical,0,,
antagonize,that_omission,1,coded,0,,1
antagonize,comp_inf,0,coded,0,,1
antagonize,ecm,0,coded,0,,1
antagonize,comp_interrog,0,coded,0,,1
antagonize,comp_gerund,0,coded,0,,1
antagonize,comp_small_clause,0,coded,0,,1
antagonize,np_comp_alt,0,coded,0,,1
antagonize,direct_speech,0,coded,0,,1
antagonize,subjunctive_comp,0,coded,0,,1
antagonize,comp_for_to,0,coded,0,,1
antagonize,comp_bare_inf,0,coded,0,,1
antagonize,comp_exclamative,0,coded,0,,1
antagonize,comp_poss_ing,0,coded,0,,1
antagonize,extraposition,1,coded,0,,1
antagonize,raising,0,coded,0,,1
antagonize,ditransitive,0,coded,0,,1
antagonize,factive_passive,1,coded,0,,1
antagonize,neg_raising,0,coded,0,,1
antagonize,weak_island,1,coded,0,,1
antagonize,pro_complement,0,coded,0,,1
antagonize,npi_licenser,0,coded,0,,1
antagonize,stative,1,coded,0,,1
antagonize,content_noun_fact,0,coded,0,,1
antagonize,derived_nominal,0,coded,0,,1
antagonize,phrasal,0,lexical,0,,
antagonize,be_copula,0,lexical,0,,
appease,that_omission,1,coded,0,,1
appease,comp_inf,0,coded,0,,1
appease,ecm,0,coded,0,,1
appease,comp_interrog,0,coded,0,,1
appease,comp_gerund,0,coded,0,,1
appease,comp_small_clause,0,coded,0,,1
appease,np_comp_alt,0,coded,0,,1
appease,direct_speech,0,coded,0,,1
appease,subjunctive_comp,0,coded,0,,1
appease,comp_for_to,0,coded,0,,1
appease,comp_bare_inf,0,coded,0,,1
appease,comp_exclamative,0,coded,0,,1
appease,comp_poss_ing,0,coded,0,,1
appease,extraposition,1,coded,0,,1
appease,raising,0,coded,0,,1
appease,ditransitive,0,coded,0,,1
appease,factive_passive,1,coded,0,,1
appease,neg_raising,0,coded,0,,1
appease,weak_island,1,coded,0,,1
appease,pro_complement,0,coded,0,,1
appease,npi_licenser,0,coded,0,,1
appease,stative,1,coded,0,,1
appease,content_noun_fact,0,coded,0,,1
appease,derived_nominal,0,coded,0,,1
appease,phrasal,0,lexical,0,,
appease,be_copula,0,lexical,0,,
awe,that_omission,1,coded,0,,1
awe,comp_inf,0,coded,0,,1
awe,ecm,0,coded,0,,1
awe,comp_interrog,0,coded,0,,1
awe,comp_gerund,0,coded,0,,1
awe,comp_small_clause,0,coded,0,,1
awe,np_comp_alt,0,coded,0,,1
awe,direct_speech,0,coded,0,,1
awe,subjunctive_comp,0,coded,0,,1
awe,comp_for_to,0,coded,0,,1
awe,comp_bare_inf,0,coded,0,,1
awe,comp_exclamative,0,coded,0,,1
awe,comp_poss_ing,0,coded,0,,1
awe,extraposition,1,coded,0,,1
awe,raising,0,coded,0,,1
awe,ditransitive,0,coded,0,,1
awe,factive_passive,1,coded,0,,1
awe,neg_raising,0,coded,0,,1
awe,weak_island,1,coded,0,,1
awe,pro_complement,0,coded,0,,1
awe,npi_licenser,0,coded,0,,1
awe,stative,1,coded,0,,1
awe,content_noun_fact,0,coded,0,,1
awe,derived_nominal,0,coded,0,,1
awe,phrasal,0,lexical,0,,
awe,be_copula,0,lexical,0,,
bewilder,that_omission,1,coded,0,,1
bewilder,comp_inf,0,coded,0,,1
bewilder,ecm,0,coded,0,,1
bewilder,comp_interrog,0,coded,0,,1
bewilder,comp_gerund,0,coded,0,,1
bewilder,comp_small_clause,0,coded,0,,1
bewilder,np_comp_alt,0,coded,0,,1
bewilder,direct_speech,0,coded,0,,1
bewilder,subjunctive_comp,0,coded,0,,1
bewilder,comp_for_to,0,coded,0,,1
bewilder,comp_bare_inf,0,coded,0,,1
bewilder,comp_exclamative,0,coded,0,,1
bewilder,comp_poss_ing,0,coded,0,,1
bewilder,extraposition,1,coded,0,,1
bewilder,raising,0,coded,0,,1
bewilder,ditransitive,0,coded,0,,1
bewilder,factive_passive,1,coded,0,,1
bewilder,neg_raising,0,coded,0,,1
bewilder,weak_island,1,coded,0,,1
bewilder,pro_complement,0,coded,0,,1
bewilder,npi_licenser,0,coded,0,,1
bewilder,stative,1,coded,0,,1
bewilder,content_noun_fact,0,coded,0,,1
bewilder,derived_nominal,0,coded,0,,1
bewilder,phrasal,0,lexical,0,,
bewilder,be_copula,0,lexical,0,,
bore,that_omission,1,coded,0,,1
bore,comp_inf,0,coded,0,,1
bore,ecm,0,coded,0,,1
bore,comp_interrog,0,coded,0,,1
bore,comp_gerund,0,coded,0,,1
bore,comp_small_clause,0,coded,0,,1
bore,np_comp_alt,0,coded,0,,1
bore,direct_speech,0,coded,0,,1
bore,subjunctive_comp,0,coded,0,,1
bore,comp_for_to,0,coded,0,,1
bore,comp_bare_inf,0,coded,0,,1
bore,comp_exclamative,0,coded,0,,1
bore,comp_poss_ing,0,coded,0,,1
bore,extraposition,1,coded,0,,1
bore,raising,0,coded,0,,1
bore,ditransitive,0,coded,0,,1
bore,factive_passive,1,coded,0,,1
bore,neg_raising,0,coded,0,,1
bore,weak_island,1,coded,0,,1
bore,pro_complement,0,coded,0,,1
bore,npi_licenser,0,coded,0,,1
bore,stative,1,coded,0,,1
bore,content_noun_fact,0,coded,0,,1
bore,derived_nominal,0,coded,0,,1
bore,phrasal,0,lexical,0,,
bore,be_copula,0,lexical,0,,
calm,that_omission,1,coded,0,,1
calm,comp_inf,0,coded,0,,1
calm,ecm,0,coded,0,,1
calm,comp_interrog,0,coded,0,,1
calm,comp_gerund,0,coded,0,,1
calm,comp_small_clause,0,coded,0,,1
calm,np_comp_alt,0,coded,0,,1
calm,direct_speech,0,coded,0,,1
calm,subjunctive_comp,0,coded,0,,1
calm,comp_for_to,0,coded,0,,1
calm,comp_bare_inf,0,coded,0,,1
calm,comp_exclamative,0,coded,0,,1
calm,comp_poss_ing,0,coded,0,,1
calm,extraposition,1,coded,0,,1
calm,raising,0,coded,0,,1
calm,ditransitive,0,coded,0,,1
calm,factive_passive,1,coded,0,,1
calm,neg_raising,0,coded,0,,1
calm,weak_island,1,coded,0,,1
calm,pro_complement,0,coded,0,,1
calm,npi_licenser,0,coded,0,,1
calm,stative,1,coded,0,,1
calm,content_noun_fact,0,coded,0,,1
calm,derived_nominal,0,coded,0,,1
calm,phrasal,0,lexical,0,,
calm,be_copula,0,lexical,0,,
captivate,that_omission,1,coded,0,,1
captivate,comp_inf,0,coded,0,,1
captivate,ecm,0,coded,0,,1
captivate,comp_interrog,0,coded,0,,1
captivate,comp_gerund,0,coded,0,,1
captivate,comp_small_clause,0,coded,0,,1
captivate,np_comp_alt,0,coded,0,,1
captivate,direct_speech,0,coded,0,,1
captivate,subjunctive_comp,0,coded,0,,1
captivate,comp_for_to,0,coded,0,,1
captivate,comp_bare_inf,0,coded,0,,1
captivate,comp_exclamative,0,coded,0,,1
captivate,comp_poss_ing,0,coded,0,,1
captivate,extraposition,1,coded,0,,1
captivate,raising,0,coded,0,,1
captivate,ditransitive,0,coded,0,,1
captivate,factive_passive,1,coded,0,,1
captivate,neg_raising,0,coded,0,,1
captivate,weak_island,1,coded,0,,1
captivate,pro_complement,0,coded,0,,1
captivate,npi_licenser,0,coded,0,,1
captivate,stative,1,coded,0,,1
captivate,content_noun_fact,0,coded,0,,1
captivate,derived_nominal,0,coded,0,,1
captivate,phrasal,0,lexical,0,,
captivate,be_copula,0,lexical,0,,
chagrin,that_omission,1,coded,0,,1
chagrin,comp_inf,0,coded,0,,1
chagrin,ecm,0,coded,0,,1
chagrin,comp_interrog,0,coded,0,,1
chagrin,comp_gerund,0,coded,0,,1
chagrin,comp_small_clause,0,coded,0,,1
chagrin,np_comp_alt,0,coded,0,,1
chagrin,direct_speech,0,coded,0,,1
chagrin,subjunctive_comp,0,coded,0,,1
chagrin,comp_for_to,0,coded,0,,1
chagrin,comp_bare_inf,0,coded,0,,1
chagrin,comp_exclamative,0,coded,0,,1
chagrin,comp_poss_ing,0,coded,0,,1
chagrin,extraposition,1,coded,0,,1
chagrin,raising,0,coded,0,,1
chagrin,ditransitive,0,coded,0,,1
chagrin,factive_passive,1,coded,0,,1
chagrin,neg_raising,0,coded,0,,1
chagrin,weak_island,1,coded,0,,1
chagrin,pro_complement,0,coded,0,,1
chagrin,npi_licenser,0,coded,0,,1
chagrin,stative,1,coded,0,,1
chagrin,content_noun_fact,0,coded,0,,1
chagrin,derived_nominal,0,coded,0,,1
chagrin,phrasal,0,lexical,0,,
chagrin,be_copula,0,lexical,0,,
chill,that_omission,1,coded,0,,1
chill,comp_inf,0,coded,0,,1
chill,ecm,0,coded,0,,1
chill,comp_interrog,0,coded,0,,1
chill,comp_gerund,0,coded,0,,1
chill,comp_small_clause,0,coded,0,,1
chill,np_comp_alt,0,coded,0,,1
chill,direct_speech,0,coded,0,,1
chill,subjunctive_comp,0,coded,0,,1
chill,comp_for_to,0,coded,0,,1
chill,comp_bare_inf,0,coded,0,,1
chill,comp_exclamative,0,coded,0,,1
chill,comp_poss_ing,0,coded,0,,1
chill,extraposition,1,coded,0,,1
chill,raising,0,coded,0,,1
chill,ditransitive,0,coded,0,,1
chill,factive_passive,1,coded,0,,1
chill,neg_raising,0,coded,0,,1
chill,weak_island,1,coded,0,,1
chill,pro_complement,0,coded,0,,1
chill,npi_licenser,0,coded,0,,1
chill,stative,1,coded,0,,1
chill,content_noun_fact,0,coded,0,,1
chill,derived_nominal,0,coded,0,,1
chill,phrasal,0,lexical,0,,
chill,be_copula,0,lexical,0,,
confound,that_omission,1,coded,0,,1
confound,comp_inf,0,coded,0,,1
confound,ecm,0,coded,0,,1
confound,comp_interrog,0,coded,0,,1
confound,comp_gerund,0,coded,0,,1
confound,comp_small_clause,0,coded,0,,1
confound,np_comp_alt,0,coded,0,,1
confound,direct_speech,0,coded,0,,1
confound,subjunctive_comp,0,coded,0,,1
confound,comp_for_to,0,coded,0,,1
confound,comp_bare_inf,0,coded,0,,1
confound,comp_exclamative,0,coded,0,,1
confound,comp_poss_ing,0,coded,0,,1
confound,extraposition,1,coded,0,,1
confound,raising,0,coded,0,,1
confound,ditransitive,0,coded,0,,1
confound,factive_passive,1,coded,0,,1
confound,neg_raising,0,coded,0,,1
confound,weak_island,1,coded,0,,1
confound,pro_complement,0,coded,0,,1
confound,npi_licenser,0,coded,0,,1
confound,stative,1,coded,0,,1
confound,content_noun_fact,0,coded,0,,1
confound,derived_nominal,0,coded,0,,1
confound,phrasal,0,lexical,0,,
confound,be_copula,0,lexical,0,,
confuse,that_omission,1,coded,0,,1
confuse,comp_inf,0,coded,0,,1
confuse,ecm,0,coded,0,,1
confuse,comp_interrog,0,coded,0,,1
confuse,comp_gerund,0,coded,0,,1
confuse,comp_small_clause,0,coded,0,,1
confuse,np_comp_alt,0,coded,0,,1
confuse,direct_speech,0,coded,0,,1
confuse,subjunctive_comp,0,coded,0,,1
confuse,comp_for_to,0,coded,0,,1
confuse,comp_bare_inf,0,coded,0,,1
confuse,comp_exclamative,0,coded,0,,1
confuse,comp_poss_ing,0,coded,0,,1
confuse,extraposition,1,coded,0,,1
confuse,raising,0,coded,0,,1
confuse,ditransitive,0,coded,0,,1
confuse,factive_passive,1,coded,0,,1
confuse,neg_raising,0,coded,0,,1
confuse,weak_island,1,coded,0,,1
confuse,pro_complement,0,coded,0,,1
confuse,npi_licenser,0,coded,0,,1
confuse,stative,1,coded,0,,1
confuse,content_noun_fact,0,coded,0,,1
confuse,derived_nominal,0,coded,0,,1
confuse,phrasal,0,lexical,0,,
confuse,be_copula,0,lexical,0,,
daunt,that_omission,1,coded,0,,1
daunt,comp_inf,0,coded,0,,1
daunt,ecm,0,coded,0,,1
daunt,comp_interrog,0,coded,0,,1
daunt,comp_gerund,0,coded,0,,1
daunt,comp_small_clause,0,coded,0,,1
daunt,np_comp_alt,0,coded,0,,1
daunt,direct_speech,0,coded,0,,1
daunt,subjunctive_comp,0,coded,0,,1
daunt,comp_for_to,0,coded,0,,1
daunt,comp_bare_inf,0,coded,0,,1
daunt,comp_exclamative,0,coded,0,,1
daunt,comp_poss_ing,0,coded,0,,1
daunt,extraposition,1,coded,0,,1
daunt,raising,0,coded,0,,1
daunt,ditransitive,0,coded,0,,1
daunt,factive_passive,1,coded,0,,1
daunt,neg_raising,0,coded,0,,1
daunt,weak_island,1,coded,0,,1
daunt,pro_complement,0,coded,0,,1
daunt,npi_licenser,0,coded,0,,1
daunt,stative,1,coded,0,,1
daunt,content_noun_fact,0,coded,0,,1
daunt,derived_nominal,0,coded,0,,1
daunt,phrasal,0,lexical,0,,
daunt,be_copula,0,lexical,0,,
dazzle,that_omission,1,coded,0,,1
dazzle,comp_inf,0,coded,0,,1
dazzle,ecm,0,coded,0,,1
dazzle,comp_interrog,0,coded,0,,1
dazzle,comp_gerund,0,coded,0,,1
dazzle,comp_small_clause,0,coded,0,,1
dazzle,np_comp_alt,0,coded,0,,1
dazzle,direct_speech,0,coded,0,,1
dazzle,subjunctive_comp,0,coded,0,,1
dazzle,comp_for_to,0,coded,0,,1
dazzle,comp_bare_inf,0,coded,0,,1
dazzle,comp_exclamative,0,coded,0,,1
dazzle,comp_poss_ing,0,coded,0,,1
dazzle,extraposition,1,coded,0,,1
dazzle,raising,0,coded,0,,1
dazzle,ditransitive,0,coded,0,,1
dazzle,factive_passive,1,coded,0,,1
dazzle,neg_raising,0,coded,0,,1
dazzle,weak_island,1,coded,0,,1
dazzle,pro_complement,0,coded,0,,1
dazzle,npi_licenser,0,coded,0,,1
dazzle,stative,1,coded,0,,1
dazzle,content_noun_fact,0,coded,0,,1
dazzle,derived_nominal,0,coded,0,,1
dazzle,phrasal,0,lexical,0,,
dazzle,be_copula,0,lexical,0,,
deject,that_omission,1,coded,0,,1
deject,comp_inf,0,coded,0,,1
deject,ecm,0,coded,0,,1
deject,comp_interrog,0,coded,0,,1
deject,comp_gerund,0,coded,0,,1
deject,comp_small_clause,0,coded,0,,1
deject,np_comp_alt,0,coded,0,,1
deject,direct_speech,0,coded,0,,1
deject,subjunctive_comp,0,coded,0,,1
deject,comp_for_to,0,coded,0,,1
deject,comp_bare_inf,0,coded,0,,1
deject,comp_exclamative,0,coded,0,,1
deject,comp_poss_ing,0,coded,0,,1
deject,extraposition,1,coded,0,,1
deject,raising,0,coded,0,,1
deject,ditransitive,0,coded,0,,1
deject,factive_passive,1,coded,0,,1
deject,neg_raising,0,coded,0,,1
deject,weak_island,1,coded,0,,1
deject,pro_complement,0,coded,0,,1
deject,npi_licenser,0,coded,0,,1
deject,stative,1,coded,0,,1
deject,content_noun_fact,0,coded,0,,1
deject,derived_nominal,0,coded,0,,1
deject,phrasal,0,lexical,0,,
deject,be_copula,0,lexical,0,,
disarm,that_omission,1,coded,0,,1
disarm,comp_inf,0,coded,0,,1
disarm,ecm,0,coded,0,,1
disarm,comp_interrog,0,coded,0,,1
disarm,comp_gerund,0,coded,0,,1
disarm,comp_small_clause,0,coded,0,,1
disarm,np_comp_alt,0,coded,0,,1
disarm,direct_speech,0,coded,0,,1
disarm,subjunctive_comp,0,coded,0,,1
disarm,comp_for_to,0,coded,0,,1
disarm,comp_bare_inf,0,coded,0,,1
disarm,comp_exclamative,0,coded,0,,1
disarm,comp_poss_ing,0,coded,0,,1
disarm,extraposition,1,coded,0,,1
disarm,raising,0,coded,0,,1
disarm,ditransitive,0,coded,0,,1
disarm,factive_passive,1,coded,0,,1
disarm,neg_raising,0,coded,0,,1
disarm,weak_island,1,coded,0,,1
disarm,pro_complement,0,coded,0,,1
disarm,npi_licenser,0,coded,0,,1
disarm,stative,1,coded,0,,1
disarm,content_noun_fact,0,coded,0,,1
disarm,derived_nominal,0,coded,0,,1
disarm,phrasal,0,lexical,0,,
disarm,be_copula,0,lexical,0,,
disconcert,that_omission,1,coded,0,,1
disconcert,comp_inf,0,coded,0,,1
disconcert,ecm,0,coded,0,,1
disconcert,comp_interrog,0,coded,0,,1
disconcert,comp_gerund,0,coded,0,,1
disconcert,comp_small_clause,0,coded,0,,1
disconcert,np_comp_alt,0,coded,0,,1
disconcert,direct_speech,0,coded,0,,1
disconcert,subjunctive_comp,0,coded,0,,1
disconcert,comp_for_to,0,coded,0,,1
disconcert,comp_bare_inf,0,coded,0,,1
disconcert,comp_exclamative,0,coded,0,,1
disconcert,comp_poss_ing,0,coded,0,,1
disconcert,extraposition,1,coded,0,,1
disconcert,raising,0,coded,0,,1
disconcert,ditransitive,0,coded,0,,1
disconcert,factive_passive,1,coded,0,,1
disconcert,neg_raising,0,coded,0,,1
disconcert,weak_island,1,coded,0,,1
disconcert,pro_complement,0,coded,0,,1
disconcert,npi_licenser,0,coded,0,,1
disconcert,stative,1,coded,0,,1
disconcert,content_noun_fact,0,coded,0,,1
disconcert,derived_nominal,0,coded,0,,1
disconcert,phrasal,0,lexical,0,,
disconcert,be_copula,0,lexical,0,,
discomfit,that_omission,1,coded,0,,1
discomfit,comp_inf,0,coded,0,,1
discomfit,ecm,0,coded,0,,1
discomfit,comp_interrog,0,coded,0,,1
discomfit,comp_gerund,0,coded,0,,1
discomfit,comp_small_clause,0,coded,0,,1
discomfit,np_comp_alt,0,coded,0,,1
discomfit,direct_speech,0,coded,0,,1
discomfit,subjunctive_comp,0,coded,0,,1
discomfit,comp_for_to,0,coded,0,,1
discomfit,comp_bare_inf,0,coded,0,,1
discomfit,comp_exclamative,0,coded,0,,1
discomfit,comp_poss_ing,0,coded,0,,1
discomfit,extraposition,1,coded,0,,1
discomfit,raising,0,coded,0,,1
discomfit,ditransitive,0,coded,0,,1
discomfit,factive_passive,1,coded,0,,1
discomfit,neg_raising,0,coded,0,,1
discomfit,weak_island,1,coded,0,,1
discomfit,pro_complement,0,coded,0,,1
discomfit,npi_licenser,0,coded,0,,1
discomfit,stative,1,coded,0,,1
discomfit,content_noun_fact,0,coded,0,,1
discomfit,derived_nominal,0,coded,0,,1
discomfit,phrasal,0,lexical,0,,
discomfit,be_copula,0,lexical,0,,
discourage,that_omission,1,coded,0,,1
discourage,comp_inf,0,coded,0,,1
discourage,ecm,0,coded,0,,1
discourage,comp_interrog,0,coded,0,,1
discourage,comp_gerund,0,coded,0,,1
discourage,comp_small_clause,0,coded,0,,1
discourage,np_comp_alt,0,coded,0,,1
discourage,direct_speech,0,coded,0,,1
discourage,subjunctive_comp,0,coded,0,,1
discourage,comp_for_to,0,coded,0,,1
discourage,comp_bare_inf,0,coded,0,,1
discourage,comp_exclamative,0,coded,0,,1
discourage,comp_poss_ing,0,coded,0,,1
discourage,extraposition,1,coded,0,,1
discourage,raising,0,coded,0,,1
discourage,ditransitive,0,coded,0,,1
discourage,factive_passive,1,coded,0,,1
discourage,neg_raising,0,coded,0,,1
discourage,weak_island,1,coded,0,,1
discourage,pro_complement,0,coded,0,,1
discourage,npi_licenser,0,coded,0,,1
discourage,stative,1,coded,0,,1
discourage,content_noun_fact,0,coded,0,,1
discourage,derived_nominal,0,coded,0,,1
discourage,phrasal,0,lexical,0,,
discourage,be_copula,0,lexical,0,,
displease,that_omission,1,coded,0,,1
displease,comp_inf,0,coded,0,,1
displease,ecm,0,coded,0,,1
displease,comp_interrog,0,coded,0,,1
displease,comp_gerund,0,coded,0,,1
displease,comp_small_clause,0,coded,0,,1
displease,np_comp_alt,0,coded,0,,1
displease,direct_speech,0,coded,0,,1
displease,subjunctive_comp,0,coded,0,,1
displease,comp_for_to,0,coded,0,,1
displease,comp_bare_inf,0,coded,0,,1
displease,comp_exclamative,0,coded,0,,1
displease,comp_poss_ing,0,coded,0,,1
displease,extraposition,1,coded,0,,1
displease,raising,0,coded,0,,1
displease,ditransitive,0,coded,0,,1
displease,factive_passive,1,coded,0,,1
displease,neg_raising,0,coded,0,,1
displease,weak_island,1,coded,0,,1
displease,pro_complement,0,coded,0,,1
displease,npi_licenser,0,coded,0,,1
displease,stative,1,coded,0,,1
displease,content_noun_fact,0,coded,0,,1
displease,derived_nominal,0,coded,0,,1
displease,phrasal,0,lexical,0,,
displease,be_copula,0,lexical,0,,
dispirit,that_omission,1,coded,0,,1
dispirit,comp_inf,0,coded,0,,1
dispirit,ecm,0,coded,0,,1
dispirit,comp_interrog,0,coded,0,,1
dispirit,comp_gerund,0,coded,0,,1
dispirit,comp_small_clause,0,coded,0,,1
dispirit,np_comp_alt,0,coded,0,,1
dispirit,direct_speech,0,coded,0,,1
dispirit,subjunctive_comp,0,coded,0,,1
dispirit,comp_for_to,0,coded,0,,1
dispirit,comp_bare_inf,0,coded,0,,1
dispirit,comp_exclamative,0,coded,0,,1
dispirit,comp_poss_ing,0,coded,0,,1
dispirit,extraposition,1,coded,0,,1
dispirit,raising,0,coded,0,,1
dispirit,ditransitive,0,coded,0,,1
dispirit,factive_passive,1,coded,0,,1
dispirit,neg_raising,0,coded,0,,1
dispirit,weak_island,1,coded,0,,1
dispirit,pro_complement,0,coded,0,,1
dispirit,npi_licenser,0,coded,0,,1
dispirit,stative,1,coded,0,,1
dispirit,content_noun_fact,0,coded,0,,1
dispirit,derived_nominal,0,coded,0,,1
dispirit,phrasal,0,lexical,0,,
dispirit,be_copula,0,lexical,0,,
disquiet,that_omission,1,coded,0,,1
disquiet,comp_inf,0,coded,0,,1
disquiet,ecm,0,coded,0,,1
disquiet,comp_interrog,0,coded,0,,1
disquiet,comp_gerund,0,coded,0,,1
disquiet,comp_small_clause,0,coded,0,,1
disquiet,np_comp_alt,0,coded,0,,1
disquiet,direct_speech,0,coded,0,,1
disquiet,subjunctive_comp,0,coded,0,,1
disquiet,comp_for_to,0,coded,0,,1
disquiet,comp_bare_inf,0,coded,0,,1
disquiet,comp_exclamative,0,coded,0,,1
disquiet,comp_poss_ing,0,coded,0,,1
disquiet,extraposition,1,coded,0,,1
disquiet,raising,0,coded,0,,1
disquiet,ditransitive,0,coded,0,,1
disquiet,factive_passive,1,coded,0,,1
disquiet,neg_raising,0,coded,0,,1
disquiet,weak_island,1,coded,0,,1
disquiet,pro_complement,0,coded,0,,1
disquiet,npi_licenser,0,coded,0,,1
disquiet,stative,1,coded,0,,1
disquiet,content_noun_fact,0,coded,0,,1
disquiet,derived_nominal,0,coded,0,,1
disquiet,phrasal,0,lexical,0,,
disquiet,be_copula,0,lexical,0,,
dumbfound,that_omission,1,coded,0,,1
dumbfound,comp_inf,0,coded,0,,1
dumbfound,ecm,0,coded,0,,1
dumbfound,comp_interrog,0,coded,0,,1
dumbfound,comp_gerund,0,coded,0,,1
dumbfound,comp_small_clause,0,coded,0,,1
dumbfound,np_comp_alt,0,coded,0,,1
dumbfound,direct_speech,0,coded,0,,1
dumbfound,subjunctive_comp,0,coded,0,,1
dumbfound,comp_for_to,0,coded,0,,1
dumbfound,comp_bare_inf,0,coded,0,,1
dumbfound,comp_exclamative,0,coded,0,,1
dumbfound,comp_poss_ing,0,coded,0,,1
dumbfound,extraposition,1,coded,0,,1
dumbfound,raising,0,coded,0,,1
dumbfound,ditransitive,0,coded,0,,1
dumbfound,factive_passive,1,coded,0,,1
dumbfound,neg_raising,0,coded,0,,1
dumbfound,weak_island,1,coded,0,,1
dumbfound,pro_complement,0,coded,0,,1
dumbfound,npi_licenser,0,coded,0,,1
dumbfound,stative,1,coded,0,,1
dumbfound,content_noun_fact,0,coded,0,,1
dumbfound,derived_nominal,0,coded,0,,1
dumbfound,phrasal,0,lexical,0,,
dumbfound,be_copula,0,lexical,0,,
electrify,that_omission,1,coded,0,,1
electrify,comp_inf,0,coded,0,,1
electrify,ecm,0,coded,0,,1
electrify,comp_interrog,0,coded,0,,1
electrify,comp_gerund,0,coded,0,,1
electrify,comp_small_clause,0,coded,0,,1
electrify,np_comp_alt,0,coded,0,,1
electrify,direct_speech,0,coded,0,,1
electrify,subjunctive_comp,0,coded,0,,1
electrify,comp_for_to,0,coded,0,,1
electrify,comp_bare_inf,0,coded,0,,1
electrify,comp_exclamative,0,coded,0,,1
electrify,comp_poss_ing,0,coded,0,,1
electrify,extraposition,1,coded,0,,1
electrify,raising,0,coded,0,,1
electrify,ditransitive,0,coded,0,,1
electrify,factive_passive,1,coded,0,,1
electrify,neg_raising,0,coded,0,,1
electrify,weak_island,1,coded,0,,1
electrify,pro_complement,0,coded,0,,1
electrify,npi_licenser,0,coded,0,,1
electrify,stative,1,coded,0,,1
electrify,content_noun_fact,0,coded,0,,1
electrify,derived_nominal,0,coded,0,,1
electrify,phrasal,0,lexical,0,,
electrify,be_copula,0,lexical,0,,
embolden,that_omission,1,coded,0,,1
embolden,comp_inf,0,coded,0,,1
embolden,ecm,0,coded,0,,1
embolden,comp_interrog,0,coded,0,,1
embolden,comp_gerund,0,coded,0,,1
embolden,comp_small_clause,0,coded,0,,1
embolden,np_comp_alt,0,coded,0,,1
embolden,direct_speech,0,coded,0,,1
embolden,subjunctive_comp,0,coded,0,,1
embolden,comp_for_to,0,coded,0,,1
embolden,comp_bare_inf,0,coded,0,,1
embolden,comp_exclamative,0,coded,0,,1
embolden,comp_poss_ing,0,coded,0,,1
embolden,extraposition,1,coded,0,,1
embolden,raising,0,coded,0,,1
embolden,ditransitive,0,coded,0,,1
embolden,factive_passive,1,coded,0,,1
embolden,neg_raising,0,coded,0,,1
embolden,weak_island,1,coded,0,,1
embolden,pro_complement,0,coded,0,,1
embolden,npi_licenser,0,coded,0,,1
embolden,stative,1,coded,0,,1
embolden,content_noun_fact,0,coded,0,,1
embolden,derived_nominal,0,coded,0,,1
embolden,phrasal,0,lexical,0,,
embolden,be_copula,0,lexical,0,,
enchant,that_omission,1,coded,0,,1
enchant,comp_inf,0,coded,0,,1
enchant,ecm,0,coded,0,,1
enchant,comp_interrog,0,coded,0,,1
enchant,comp_gerund,0,coded,0,,1
enchant,comp_small_clause,0,coded,0,,1
enchant,np_comp_alt,0,coded,0,,1
enchant,direct_speech,0,coded,0,,1
enchant,subjunctive_comp,0,coded,0,,1
enchant,comp_for_to,0,coded,0,,1
enchant,comp_bare_inf,0,coded,0,,1
enchant,comp_exclamative,0,coded,0,,1
enchant,comp_poss_ing,0,coded,0,,1
enchant,extraposition,1,coded,0,,1
enchant,raising,0,coded,0,,1
enchant,ditransitive,0,coded,0,,1
enchant,factive_passive,1,coded,0,,1
enchant,neg_raising,0,coded,0,,1
enchant,weak_island,1,coded,0,,1
enchant,pro_complement,0,coded,0,,1
enchant,npi_licenser,0,coded,0,,1
enchant,stative,1,coded,0,,1
enchant,content_noun_fact,0,coded,0,,1
enchant,derived_nominal,0,coded,0,,1
enchant,phrasal,0,lexical,0,,
enchant,be_copula,0,lexical,0,,
enrapture,that_omission,1,coded,0,,1
enrapture,comp_inf,0,coded,0,,1
enrapture,ecm,0,coded,0,,1
enrapture,comp_interrog,0,coded,0,,1
enrapture,comp_gerund,0,coded,0,,1
enrapture,comp_small_clause,0,coded,0,,1
enrapture,np_comp_alt,0,coded,0,,1
enrapture,direct_speech,0,coded,0,,1
enrapture,subjunctive_comp,0,coded,0,,1
enrapture,comp_for_to,0,coded,0,,1
enrapture,comp_bare_inf,0,coded,0,,1
enrapture,comp_exclamative,0,coded,0,,1
enrapture,comp_poss_ing,0,coded,0,,1
enrapture,extraposition,1,coded,0,,1
enrapture,raising,0,coded,0,,1
enrapture,ditransitive,0,coded,0,,1
enrapture,factive_passive,1,coded,0,,1
enrapture,neg_raising,0,coded,0,,1
enrapture,weak_island,1,coded,0,,1
enrapture,pro_complement,0,coded,0,,1
enrapture,npi_licenser,0,coded,0,,1
enrapture,stative,1,coded,0,,1
enrapture,content_noun_fact,0,coded,0,,1
enrapture,derived_nominal,0,coded,0,,1
enrapture,phrasal,0,lexical,0,,
enrapture,be_copula,0,lexical,0,,
entertain,that_omission,1,coded,0,,1
entertain,comp_inf,0,coded,0,,1
entertain,ecm,0,coded,0,,1
entertain,comp_interrog,0,coded,0,,1
entertain,comp_gerund,0,coded,0,,1
entertain,comp_small_clause,0,coded,0,,1
entertain,np_comp_alt,0,coded,0,,1
entertain,direct_speech,0,coded,0,,1
entertain,subjunctive_comp,0,coded,0,,1
entertain,comp_for_to,0,coded,0,,1
entertain,comp_bare_inf,0,coded,0,,1
entertain,comp_exclamative,0,coded,0,,1
entertain,comp_poss_ing,0,coded,0,,1
entertain,extraposition,1,coded,0,,1
entertain,raising,0,coded,0,,1
entertain,ditransitive,0,coded,0,,1
entertain,factive_passive,1,coded,0,,1
entertain,neg_raising,0,coded,0,,1
entertain,weak_island,1,coded,0,,1
entertain,pro_complement,0,coded,0,,1
entertain,npi_licenser,0,coded,0,,1
entertain,stative,1,coded,0,,1
entertain,content_noun_fact,0,coded,0,,1
entertain,derived_nominal,0,coded,0,,1
entertain,phrasal,0,lexical,0,,
entertain,be_copula,0,lexical,0,,
entrance,that_omission,1,coded,0,,1
entrance,comp_inf,0,coded,0,,1
entrance,ecm,0,coded,0,,1
entrance,comp_interrog,0,coded,0,,1
entrance,comp_gerund,0,coded,0,,1
entrance,comp_small_clause,0,coded,0,,1
entrance,np_comp_alt,0,coded,0,,1
entrance,direct_speech,0,coded,0,,1
entrance,subjunctive_comp,0,coded,0,,1
entrance,comp_for_to,0,coded,0,,1
entrance,comp_bare_inf,0,coded,0,,1
entrance,comp_exclamative,0,coded,0,,1
entrance,comp_poss_ing,0,coded,0,,1
entrance,extraposition,1,coded,0,,1
entrance,raising,0,coded,0,,1
entrance,ditransitive,0,coded,0,,1
entrance,factive_passive,1,coded,0,,1
entrance,neg_raising,0,coded,0,,1
entrance,weak_island,1,coded,0,,1
entrance,pro_complement,0,coded,0,,1
entrance,npi_licenser,0,coded,0,,1
entrance,stative,1,coded,0,,1
entrance,content_noun_fact,0,coded,0,,1
entrance,derived_nominal,0,coded,0,,1
entrance,phrasal,0,lexical,0,,
entrance,be_copula,0,lexical,0,,
faze,that_omission,1,coded,0,,1
faze,comp_inf,0,coded,0,,1
faze,ecm,0,coded,0,,1
faze,comp_interrog,0,coded,0,,1
faze,comp_gerund,0,coded,0,,1
faze,comp_small_clause,0,coded,0,,1
faze,np_comp_alt,0,coded,0,,1
faze,direct_speech,0,coded,0,,1
faze,subjunctive_comp,0,coded,0,,1
faze,comp_for_to,0,coded,0,,1
faze,comp_bare_inf,0,coded,0,,1
faze,comp_exclamative,0,coded,0,,1
faze,comp_poss_ing,0,coded,0,,1
faze,extraposition,1,coded,0,,1
faze,raising,0,coded,0,,1
faze,ditransitive,0,coded,0,,1
faze,factive_passive,1,coded,0,,1
faze,neg_raising,0,coded,0,,1
faze,weak_island,1,coded,0,,1
faze,pro_complement,0,coded,0,,1
faze,npi_licenser,0,coded,0,,1
faze,stative,1,coded,0,,1
faze,content_noun_fact,0,coded,0,,1
faze,derived_nominal,0,coded,0,,1
faze,phrasal,0,lexical,0,,
faze,be_copula,0,lexical,0,,
flabbergast,that_omission,1,coded,0,,1
flabbergast,comp_inf,0,coded,0,,1
flabbergast,ecm,0,coded,0,,1
flabbergast,comp_interrog,0,coded,0,,1
flabbergast,comp_gerund,0,coded,0,,1
flabbergast,comp_small_clause,0,coded,0,,1
flabbergast,np_comp_alt,0,coded,0,,1
flabbergast,direct_speech,0,coded,0,,1
flabbergast,subjunctive_comp,0,coded,0,,1
flabbergast,comp_for_to,0,coded,0,,1
flabbergast,comp_bare_inf,0,coded,0,,1
flabbergast,comp_exclamative,0,coded,0,,1
flabbergast,comp_poss_ing,0,coded,0,,1
flabbergast,extraposition,1,coded,0,,1
flabbergast,raising,0,coded,0,,1
flabbergast,ditransitive,0,coded,0,,1
flabbergast,factive_passive,1,coded,0,,1
flabbergast,neg_raising,0,coded,0,,1
flabbergast,weak_island,1,coded,0,,1
flabbergast,pro_complement,0,coded,0,,1
flabbergast,npi_licenser,0,coded,0,,1
flabbergast,stative,1,coded,0,,1
flabbergast,content_noun_fact,0,coded,0,,1
flabbergast,derived_nominal,0,coded,0,,1
flabbergast,phrasal,0,lexical,0,,
flabbergast,be_copula,0,lexical,0,,
galvanize,that_omission,1,coded,0,,1
galvanize,comp_inf,0,coded,0,,1
galvanize,ecm,0,coded,0,,1
galvanize,comp_interrog,0,coded,0,,1
galvanize,comp_gerund,0,coded,0,,1
galvanize,comp_small_clause,0,coded,0,,1
galvanize,np_comp_alt,0,coded,0,,1
galvanize,direct_speech,0,coded,0,,1
galvanize,subjunctive_comp,0,coded,0,,1
galvanize,comp_for_to,0,coded,0,,1
galvanize,comp_bare_inf,0,coded,0,,1
galvanize,comp_exclamative,0,coded,0,,1
galvanize,comp_poss_ing,0,coded,0,,1
galvanize,extraposition,1,coded,0,,1
galvanize,raising,0,coded,0,,1
galvanize,ditransitive,0,coded,0,,1
galvanize,factive_passive,1,coded,0,,1
galvanize,neg_raising,0,coded,0,,1
galvanize,weak_island,1,coded,0,,1
galvanize,pro_complement,0,coded,0,,1
galvanize,npi_licenser,0,coded,0,,1
galvanize,stative,1,coded,0,,1
galvanize,content_noun_fact,0,coded,0,,1
galvanize,derived_nominal,0,coded,0,,1
galvanize,phrasal,0,lexical,0,,
galvanize,be_copula,0,lexical,0,,
haunt,that_omission,1,coded,0,,1
haunt,comp_inf,0,coded,0,,1
haunt,ecm,0,coded,0,,1
haunt,comp_interrog,0,coded,0,,1
haunt,comp_gerund,0,coded,0,,1
haunt,comp_small_clause,0,coded,0,,1
haunt,np_comp_alt,0,coded,0,,1
haunt,direct_speech,0,coded,0,,1
haunt,subjunctive_comp,0,coded,0,,1
haunt,comp_for_to,0,coded,0,,1
haunt,comp_bare_inf,0,coded,0,,1
haunt,comp_exclamative,0,coded,0,,1
haunt,comp_poss_ing,0,coded,0,,1
haunt,extraposition,1,coded,0,,1
haunt,raising,0,coded,0,,1
haunt,ditransitive,0,coded,0,,1
haunt,factive_passive,1,coded,0,,1
haunt,neg_raising,0,coded,0,,1
haunt,weak_island,1,coded,0,,1
haunt,pro_complement,0,coded,0,,1
haunt,npi_licenser,0,coded,0,,1
haunt,stative,1,coded,0,,1
haunt,content_noun_fact,0,coded,0,,1
haunt,derived_nominal,0,coded,0,,1
haunt,phrasal,0,lexical,0,,
haunt,be_copula,0,lexical,0,,
inspire,that_omission,1,coded,0,,1
inspire,comp_inf,0,coded,0,,1
inspire,ecm,0,coded,0,,1
inspire,comp_interrog,0,coded,0,,1
inspire,comp_gerund,0,coded,0,,1
inspire,comp_small_clause,0,coded,0,,1
inspire,np_comp_alt,0,coded,0,,1
inspire,direct_speech,0,coded,0,,1
inspire,subjunctive_comp,0,coded,0,,1
inspire,comp_for_to,0,coded,0,,1
inspire,comp_bare_inf,0,coded,0,,1
inspire,comp_exclamative,0,coded,0,,1
inspire,comp_poss_ing,0,coded,0,,1
inspire,extraposition,1,coded,0,,1
inspire,raising,0,coded,0,,1
inspire,ditransitive,0,coded,0,,1
inspire,factive_passive,1,coded,0,,1
inspire,neg_raising,0,coded,0,,1
inspire,weak_island,1,coded,0,,1
inspire,pro_complement,0,coded,0,,1
inspire,npi_licenser,0,coded,0,,1
inspire,stative,1,coded,0,,1
inspire,content_noun_fact,0,coded,0,,1
inspire,derived_nominal,0,coded,0,,1
inspire,phrasal,0,lexical,0,,
inspire,be_copula,0,lexical,0,,
mesmerize,that_omission,1,coded,0,,1
mesmerize,comp_inf,0,coded,0,,1
mesmerize,ecm,0,coded,0,,1
mesmerize,comp_interrog,0,coded,0,,1
mesmerize,comp_gerund,0,coded,0,,1
mesmerize,comp_small_clause,0,coded,0,,1
mesmerize,np_comp_alt,0,coded,0,,1
mesmerize,direct_speech,0,coded,0,,1
mesmerize,subjunctive_comp,0,coded,0,,1
mesmerize,comp_for_to,0,coded,0,,1
mesmerize,comp_bare_inf,0,coded,0,,1
mesmerize,comp_exclamative,0,coded,0,,1
mesmerize,comp_poss_ing,0,coded,0,,1
mesmerize,extraposition,1,coded,0,,1
mesmerize,raising,0,coded,0,,1
mesmerize,ditransitive,0,coded,0,,1
mesmerize,factive_passive,1,coded,0,,1
mesmerize,neg_raising,0,coded,0,,1
mesmerize,weak_island,1,coded,0,,1
mesmerize,pro_complement,0,coded,0,,1
mesmerize,npi_licenser,0,coded,0,,1
mesmerize,stative,1,coded,0,,1
mesmerize,content_noun_fact,0,coded,0,,1
mesmerize,derived_nominal,0,coded,0,,1
mesmerize,phrasal,0,lexical,0,,
mesmerize,be_copula,0,lexical,0,,
nauseate,that_omission,1,coded,0,,1
nauseate,comp_inf,0,coded,0,,1
nauseate,ecm,0,coded,0,,1
nauseate,comp_interrog,0,coded,0,,1
nauseate,comp_gerund,0,coded,0,,1
nauseate,comp_small_clause,0,coded,0,,1
nauseate,np_comp_alt,0,coded,0,,1
nauseate,direct_speech,0,coded,0,,1
nauseate,subjunctive_comp,0,coded,0,,1
nauseate,comp_for_to,0,coded,0,,1
nauseate,comp_bare_inf,0,coded,0,,1
nauseate,comp_exclamative,0,coded,0,,1
nauseate,comp_poss_ing,0,coded,0,,1
nauseate,extraposition,1,coded,0,,1
nauseate,raising,0,coded,0,,1
nauseate,ditransitive,0,coded,0,,1
nauseate,factive_passive,1,coded,0,,1
nauseate,neg_raising,0,coded,0,,1
nauseate,weak_island,1,coded,0,,1
nauseate,pro_complement,0,coded,0,,1
nauseate,npi_licenser,0,coded,0,,1
nauseate,stative,1,coded,0,,1
nauseate,content_noun_fact,0,coded,0,,1
nauseate,derived_nominal,0,coded,0,,1
nauseate,phrasal,0,lexical,0,,
nauseate,be_copula,0,lexical,0,,
nettle,that_omission,1,coded,0,,1
nettle,comp_inf,0,coded,0,,1
nettle,ecm,0,coded,0,,1
nettle,comp_interrog,0,coded,0,,1
nettle,comp_gerund,0,coded,0,,1
nettle,comp_small_clause,0,coded,0,,1
nettle,np_comp_alt,0,coded,0,,1
nettle,direct_speech,0,coded,0,,1
nettle,subjunctive_comp,0,coded,0,,1
nettle,comp_for_to,0,coded,0,,1
nettle,comp_bare_inf,0,coded,0,,1
nettle,comp_exclamative,0,coded,0,,1
nettle,comp_poss_ing,0,coded,0,,1
nettle,extraposition,1,coded,0,,1
nettle,raising,0,coded,0,,1
nettle,ditransitive,0,coded,0,,1
nettle,factive_passive,1,coded,0,,1
nettle,neg_raising,0,coded,0,,1
nettle,weak_island,1,coded,0,,1
nettle,pro_complement,0,coded,0,,1
nettle,npi_licenser,0,coded,0,,1
nettle,stative,1,coded,0,,1
nettle,content_noun_fact,0,coded,0,,1
nettle,derived_nominal,0,coded,0,,1
nettle,phrasal,0,lexical,0,,
nettle,be_copula,0,lexical,0,,
rankle,that_omission,1,coded,0,,1
rankle,comp_inf,0,coded,0,,1
rankle,ecm,0,coded,0,,1
rankle,comp_interrog,0,coded,0,,1
rankle,comp_gerund,0,coded,0,,1
rankle,comp_small_clause,0,coded,0,,1
rankle,np_comp_alt,0,coded,0,,1
rankle,direct_speech,0,coded,0,,1
rankle,subjunctive_comp,0,coded,0,,1
rankle,comp_for_to,0,coded,0,,1
rankle,comp_bare_inf,0,coded,0,,1
rankle,comp_exclamative,0,coded,0,,1
rankle,comp_poss_ing,0,coded,0,,1
rankle,extraposition,1,coded,0,,1
rankle,raising,0,coded,0,,1
rankle,ditransitive,0,coded,0,,1
rankle,factive_passive,1,coded,0,,1
rankle,neg_raising,0,coded,0,,1
rankle,weak_island,1,coded,0,,1
rankle,pro_complement,0,coded,0,,1
rankle,npi_licenser,0,coded,0,,1
rankle,stative,1,coded,0,,1
rankle,content_noun_fact,0,coded,0,,1
rankle,derived_nominal,0,coded,0,,1
rankle,phrasal,0,lexical,0,,
rankle,be_copula,0,lexical,0,,
repel,that_omission,1,coded,0,,1
repel,comp_inf,0,coded,0,,1
repel,ecm,0,coded,0,,1
repel,comp_interrog,0,coded,0,,1
repel,comp_gerund,0,coded,0,,1
repel,comp_small_clause,0,coded,0,,1
repel,np_comp_alt,0,coded,0,,1
repel,direct_speech,0,coded,0,,1
repel,subjunctive_comp,0,coded,0,,1
repel,comp_for_to,0,coded,0,,1
repel,comp_bare_inf,0,coded,0,,1
repel,comp_exclamative,0,coded,0,,1
repel,comp_poss_ing,0,coded,0,,1
repel,extraposition,1,coded,0,,1
repel,raising,0,coded,0,,1
repel,ditransitive,0,coded,0,,1
repel,factive_passive,1,coded,0,,1
repel,neg_raising,0,coded,0,,1
repel,weak_island,1,coded,0,,1
repel,pro_complement,0,coded,0,,1
repel,npi_licenser,0,coded,0,,1
repel,stative,1,coded,0,,1
repel,content_noun_fact,0,coded,0,,1
repel,derived_nominal,0,coded,0,,1
repel,phrasal,0,lexical,0,,
repel,be_copula,0,lexical,0,,
rile,that_omission,1,coded,0,,1
rile,comp_inf,0,coded,0,,1
rile,ecm,0,coded,0,,1
rile,comp_interrog,0,coded,0,,1
rile,comp_gerund,0,coded,0,,1
rile,comp_small_clause,0,coded,0,,1
rile,np_comp_alt,0,coded,0,,1
rile,direct_speech,0,coded,0,,1
rile,subjunctive_comp,0,coded,0,,1
rile,comp_for_to,0,coded,0,,1
rile,comp_bare_inf,0,coded,0,,1
rile,comp_exclamative,0,coded,0,,1
rile,comp_poss_ing,0,coded,0,,1
rile,extraposition,1,coded,0,,1
rile,raising,0,coded,0,,1
rile,ditransitive,0,coded,0,,1
rile,factive_passive,1,coded,0,,1
rile,neg_raising,0,coded,0,,1
rile,weak_island,1,coded,0,,1
rile,pro_complement,0,coded,0,,1
rile,npi_licenser,0,coded,0,,1
rile,stative,1,coded,0,,1
rile,content_noun_fact,0,coded,0,,1
rile,derived_nominal,0,coded,0,,1
rile,phrasal,0,lexical,0,,
rile,be_copula,0,lexical,0,,
soothe,that_omission,1,coded,0,,1
soothe,comp_inf,0,coded,0,,1
soothe,ecm,0,coded,0,,1
soothe,comp_interrog,0,coded,0,,1
soothe,comp_gerund,0,coded,0,,1
soothe,comp_small_clause,0,coded,0,,1
soothe,np_comp_alt,0,coded,0,,1
soothe,direct_speech,0,coded,0,,1
soothe,subjunctive_comp,0,coded,0,,1
soothe,comp_for_to,0,coded,0,,1
soothe,comp_bare_inf,0,coded,0,,1
soothe,comp_exclamative,0,coded,0,,1
soothe,comp_poss_ing,0,coded,0,,1
soothe,extraposition,1,coded,0,,1
soothe,raising,0,coded,0,,1
soothe,ditransitive,0,coded,0,,1
soothe,factive_passive,1,coded,0,,1
soothe,neg_raising,0,coded,0,,1
soothe,weak_island,1,coded,0,,1
soothe,pro_complement,0,coded,0,,1
soothe,npi_licenser,0,coded,0,,1
soothe,stative,1,coded,0,,1
soothe,content_noun_fact,0,coded,0,,1
soothe,derived_nominal,0,coded,0,,1
soothe,phrasal,0,lexical,0,,
soothe,be_copula,0,lexical,0,,
tire,that_omission,1,coded,0,,1
tire,comp_inf,0,coded,0,,1
tire,ecm,0,coded,0,,1
tire,comp_interrog,0,coded,0,,1
tire,comp_gerund,0,coded,0,,1
tire,comp_small_clause,0,coded,0,,1
tire,np_comp_alt,0,coded,0,,1
tire,direct_speech,0,coded,0,,1
tire,subjunctive_comp,0,coded,0,,1
tire,comp_for_to,0,coded,0,,1
tire,comp_bare_inf,0,coded,0,,1
tire,comp_exclamative,0,coded,0,,1
tire,comp_poss_ing,0,coded,0,,1
tire,extraposition,1,coded,0,,1
tire,raising,0,coded,0,,1
tire,ditransitive,0,coded,0,,1
tire,factive_passive,1,coded,0,,1
tire,neg_raising,0,coded,0,,1
tire,weak_island,1,coded,0,,1
tire,pro_complement,0,coded,0,,1
tire,npi_licenser,0,coded,0,,1
tire,stative,1,coded,0,,1
tire,content_noun_fact,0,coded,0,,1
tire,derived_nominal,0,coded,0,,1
tire,phrasal,0,lexical,0,,
tire,be_copula,0,lexical,0,,
torment,that_omission,1,coded,0,,1
torment,comp_inf,0,coded,0,,1
torment,ecm,0,coded,0,,1
torment,comp_interrog,0,coded,0,,1
torment,comp_gerund,0,coded,0,,1
torment,comp_small_clause,0,coded,0,,1
torment,np_comp_alt,0,coded,0,,1
torment,direct_speech,0,coded,0,,1
torment,subjunctive_comp,0,coded,0,,1
torment,comp_for_to,0,coded,0,,1
torment,comp_bare_inf,0,coded,0,,1
torment,comp_exclamative,0,coded,0,,1
torment,comp_poss_ing,0,coded,0,,1
torment,extraposition,1,coded,0,,1
torment,raising,0,coded,0,,1
torment,ditransitive,0,coded,0,,1
torment,factive_passive,1,coded,0,,1
torment,neg_raising,0,coded,0,,1
torment,weak_island,1,coded,0,,1
torment,pro_complement,0,coded,0,,1
torment,npi_licenser,0,coded,0,,1
torment,stative,1,coded,0,,1
torment,content_noun_fact,0,coded,0,,1
torment,derived_nominal,0,coded,0,,1
torment,phrasal,0,lexical,0,,
torment,be_copula,0,lexical,0,,
snort,that_omission,1,coded,0,,1
snort,comp_inf,0,coded,0,,1
snort,ecm,0,coded,0,,1
snort,comp_interrog,0,coded,0,,1
snort,comp_gerund,0,coded,0,,1
snort,comp_small_clause,0,coded,0,,1
snort,np_comp_alt,0,coded,0,,1
snort,direct_speech,1,coded,0,,1
snort,subjunctive_comp,0,coded,0,,1
snort,comp_for_to,0,coded,0,,1
snort,comp_bare_inf,0,coded,0,,1
snort,comp_exclamative,0,coded,0,,1
snort,comp_poss_ing,0,coded,0,,1
snort,extraposition,0,coded,0,,1
snort,raising,0,coded,0,,1
snort,ditransitive,0,coded,0,,1
snort,factive_passive,0,coded,0,,1
snort,neg_raising,0,coded,0,,1
snort,weak_island,0,coded,0,,1
snort,pro_complement,0,coded,0,,1
snort,npi_licenser,0,coded,0,,1
snort,stative,1,coded,0,,1
snort,content_noun_fact,0,coded,0,,1
snort,derived_nominal,0,coded,0,,1
snort,phrasal,0,lexical,0,,
snort,be_copula,0,lexical,0,,
thunder,that_omission,1,coded,0,,1
thunder,comp_inf,0,coded,0,,1
thunder,ecm,0,coded,0,,1
thunder,comp_interrog,0,coded,0,,1
thunder,comp_gerund,0,coded,0,,1
thunder,comp_small_clause,0,coded,0,,1
thunder,np_comp_alt,0,coded,0,,1
thunder,direct_speech,1,coded,0,,1
thunder,subjunctive_comp,0,coded,0,,1
thunder,comp_for_to,0,coded,0,,1
thunder,comp_bare_inf,0,coded,0,,1
thunder,comp_exclamative,0,coded,0,,1
thunder,comp_poss_ing,0,coded,0,,1
thunder,extraposition,0,coded,0,,1
thunder,raising,0,coded,0,,1
thunder,ditransitive,0,coded,0,,1
thunder,factive_passive,0,coded,0,,1
thunder,neg_raising,0,coded,0,,1
thunder,weak_island,0,coded,0,,1
thunder,pro_complement,0,coded,0,,1
thunder,npi_licenser,0,coded,0,,1
thunder,stative,1,coded,0,,1
thunder,content_noun_fact,0,coded,0,,1
thunder,derived_nominal,0,coded,0,,1
thunder,phrasal,0,lexical,0,,
thunder,be_copula,0,lexical,0,,
hiss,that_omission,1,coded,0,,1
hiss,comp_inf,0,coded,0,,1
hiss,ecm,0,coded,0,,1
hiss,comp_interrog,0,coded,0,,1
hiss,comp_gerund,0,coded,0,,1
hiss,comp_small_clause,0,coded,0,,1
hiss,np_comp_alt,0,coded,0,,1
hiss,direct_speech,1,coded,0,,1
hiss,subjunctive_comp,0,coded,0,,1
hiss,comp_for_to,0,coded,0,,1
hiss,comp_bare_inf,0,coded,0,,1
hiss,comp_exclamative,0,coded,0,,1
hiss,comp_poss_ing,0,coded,0,,1
hiss,extraposition,0,coded,0,,1
hiss,raising,0,coded,0,,1
hiss,ditransitive,0,coded,0,,1
hiss,factive_passive,0,coded,0,,1
hiss,neg_raising,0,coded,0,,1
hiss,weak_island,0,coded,0,,1
hiss,pro_complement,0,coded,0,,1
hiss,npi_licenser,0,coded,0,,1
hiss,stative,1,coded,0,,1
hiss,content_noun_fact,0,coded,0,,1
hiss,derived_nominal,0,coded,0,,1
hiss,phrasal,0,lexical,0,,
hiss,be_copula,0,lexical,0,,
splutter,that_omission,1,coded,0,,1
splutter,comp_inf,0,coded,0,,1
splutter,ecm,0,coded,0,,1
splutter,comp_interrog,0,coded,0,,1
splutter,comp_gerund,0,coded,0,,1
splutter,comp_small_clause,0,coded,0,,1
splutter,np_comp_alt,0,coded,0,,1
splutter,direct_speech,1,coded,0,,1
splutter,subjunctive_comp,0,coded,0,,1
splutter,comp_for_to,0,coded,0,,1
splutter,comp_bare_inf,0,coded,0,,1
splutter,comp_exclamative,0,coded,0,,1
splutter,comp_poss_ing,0,coded,0,,1
splutter,extraposition,0,coded,0,,1
splutter,raising,0,coded,0,,1
splutter,ditransitive,0,coded,0,,1
splutter,factive_passive,0,coded,0,,1
splutter,neg_raising,0,coded,0,,1
splutter,weak_island,0,coded,0,,1
splutter,pro_complement,0,coded,0,,1
splutter,npi_licenser,0,coded,0,,1
splutter,stative,1,coded,0,,1
splutter,content_noun_fact,0,coded,0,,1
splutter,derived_nominal,0,coded,0,,1
splutter,phrasal,0,lexical,0,,
splutter,be_copula,0,lexical,0,,
interject,that_omission,1,coded,0,,1
interject,comp_inf,0,coded,0,,1
interject,ecm,0,coded,0,,1
interject,comp_interrog,0,coded,0,,1
interject,comp_gerund,0,coded,0,,1
interject,comp_small_clause,0,coded,0,,1
interject,np_comp_alt,0,coded,0,,1
interject,direct_speech,1,coded,0,,1
interject,subjunctive_comp,0,coded,0,,1
interject,comp_for_to,0,coded,0,,1
interject,comp_bare_inf,0,coded,0,,1
interject,comp_exclamative,0,coded,0,,1
interject,comp_poss_ing,0,coded,0,,1
interject,extraposition,0,coded,0,,1
interject,raising,0,coded,0,,1
interject,ditransitive,0,coded,0,,1
interject,factive_passive,0,coded,0,,1
interject,neg_raising,0,coded,0,,1
interject,weak_island,0,coded,0,,1
interject,pro_complement,0,coded,0,,1
interject,npi_licenser,0,coded,0,,1
interject,stative,1,coded,0,,1
interject,content_noun_fact,0,coded,0,,1
interject,derived_nominal,0,coded,0,,1
interject,phrasal,0,lexical,0,,
interject,be_copula,0,lexical,0,,
crow,that_omission,1,coded,0,,1
crow,comp_inf,0,coded,0,,1
crow,ecm,0,coded,0,,1
crow,comp_interrog,0,coded,0,,1
crow,comp_gerund,0,coded,0,,1
crow,comp_small_clause,0,coded,0,,1
crow,np_comp_alt,0,coded,0,,1
crow,direct_speech,1,coded,0,,1
crow,subjunctive_comp,0,coded,0,,1
crow,comp_for_to,0,coded,0,,1
crow,comp_bare_inf,0,coded,0,,1
crow,comp_exclamative,0,coded,0,,1
crow,comp_poss_ing,0,coded,0,,1
crow,extraposition,0,coded,0,,1
crow,raising,0,coded,0,,1
crow,ditransitive,0,coded,0,,1
crow,factive_passive,0,coded,0,,1
crow,neg_raising,0,coded,0,,1
crow,weak_island,0,coded,0,,1
crow,pro_complement,0,coded,0,,1
crow,npi_licenser,0,coded,0,,1
crow,stative,1,coded,0,,1
crow,content_noun_fact,0,coded,0,,1
crow,derived_nominal,0,coded,0,,1
crow,phrasal,0,lexical,0,,
crow,be_copula,0,lexical,0,,
snarl,that_omission,1,coded,0,,1
snarl,comp_inf,0,coded,0,,1
snarl,ecm,0,coded,0,,1
snarl,comp_interrog,0,coded,0,,1
snarl,comp_gerund,0,coded,0,,1
snarl,comp_small_clause,0,coded,0,,1
snarl,np_comp_alt,0,coded,0,,1
snarl,direct_speech,1,coded,0,,1
snarl,subjunctive_comp,0,coded,0,,1
snarl,comp_for_to,0,coded,0,,1
snarl,comp_bare_inf,0,coded,0,,1
snarl,comp_exclamative,0,coded,0,,1
snarl,comp_poss_ing,0,coded,0,,1
snarl,extraposition,0,coded,0,,1
snarl,raising,0,coded,0,,1
snarl,ditransitive,0,coded,0,,1
snarl,factive_passive,0,coded,0,,1
snarl,neg_raising,0,coded,0,,1
snarl,weak_island,0,coded,0,,1
snarl,pro_complement,0,coded,0,,1
snarl,npi_licenser,0,coded,0,,1
snarl,stative,1,coded,0,,1
snarl,content_noun_fact,0,coded,0,,1
snarl,derived_nominal,0,coded,0,,1
snarl,phrasal,0,lexical,0,,
snarl,be_copula,0,lexical,0,,
drawl,that_omission,1,coded,0,,1
drawl,comp_inf,0,coded,0,,1
drawl,ecm,0,coded,0,,1
drawl,comp_interrog,0,coded,0,,1
drawl,comp_gerund,0,coded,0,,1
drawl,comp_small_clause,0,coded,0,,1
drawl,np_comp_alt,0,coded,0,,1
drawl,direct_speech,1,coded,0,,1
drawl,subjunctive_comp,0,coded,0,,1
drawl,comp_for_to,0,coded,0,,1
drawl,comp_bare_inf,0,coded,0,,1
drawl,comp_exclamative,0,coded,0,,1
drawl,comp_poss_ing,0,coded,0,,1
drawl,extraposition,0,coded,0,,1
drawl,raising,0,coded,0,,1
drawl,ditransitive,0,coded,0,,1
drawl,factive_passive,0,coded,0,,1
drawl,neg_raising,0,coded,0,,1
drawl,weak_island,0,coded,0,,1
drawl,pro_complement,0,coded,0,,1
drawl,npi_licenser,0,coded,0,,1
drawl,stative,1,coded,0,,1
drawl,content_noun_fact,0,coded,0,,1
drawl,derived_nominal,0,coded,0,,1
drawl,phrasal,0,lexical,0,,
drawl,be_copula,0,lexical,0,,
moralize,that_omission,1,coded,0,,1
moralize,comp_inf,0,coded,0,,1
moralize,ecm,0,coded,0,,1
moralize,comp_interrog,0,coded,0,,1
moralize,comp_gerund,0,coded,0,,1
moralize,comp_small_clause,0,coded,0,,1
moralize,np_comp_alt,0,coded,0,,1
moralize,direct_speech,0,coded,0,,1
moralize,subjunctive_comp,0,coded,0,,1
moralize,comp_for_to,0,coded,0,,1
moralize,comp_bare_inf,0,coded,0,,1
moralize,comp_exclamative,0,coded,0,,1
moralize,comp_poss_ing,0,coded,0,,1
moralize,extraposition,0,coded,0,,1
moralize,raising,0,coded,0,,1
moralize,ditransitive,0,coded,0,,1
moralize,factive_passive,0,coded,0,,1
moralize,neg_raising,0,coded,0,,1
moralize,weak_island,0,coded,0,,1
moralize,pro_complement,0,coded,0,,1
moralize,npi_licenser,0,coded,0,,1
moralize,stative,1,coded,0,,1
moralize,content_noun_fact,0,coded,0,,1
moralize,derived_nominal,0,coded,0,,1
moralize,phrasal,0,lexical,0,,
moralize,be_copula,0,lexical,0,,
forewarn,that_omission,1,coded,0,,1
forewarn,comp_inf,0,coded,0,,1
forewarn,ecm,0,coded,0,,1
forewarn,comp_interrog,0,coded,0,,1
forewarn,comp_gerund,0,coded,0,,1
forewarn,comp_small_clause,0,coded,0,,1
forewarn,np_comp_alt,0,coded,0,,1
forewarn,direct_speech,0,coded,0,,1
forewarn,subjunctive_comp,0,coded,0,,1
forewarn,comp_for_to,0,coded,0,,1
forewarn,comp_bare_inf,0,coded,0,,1
forewarn,comp_exclamative,0,coded,0,,1
forewarn,comp_poss_ing,0,coded,0,,1
forewarn,extraposition,0,coded,0,,1
forewarn,raising,0,coded,0,,1
forewarn,ditransitive,1,coded,0,,1
forewarn,factive_passive,1,coded,0,,1
forewarn,neg_raising,0,coded,0,,1
forewarn,weak_island,0,coded,0,,1
forewarn,pro_complement,0,coded,0,,1
forewarn,npi_licenser,0,coded,0,,1
forewarn,stative,1,coded,0,,1
forewarn,content_noun_fact,0,coded,0,,1
forewarn,derived_nominal,0,coded,0,,1
forewarn,phrasal,0,lexical,0,,
forewarn,be_copula,0,lexical,0,,
depose,that_omission,1,coded,0,,1
depose,comp_inf,0,coded,0,,1
depose,ecm,0,coded,0,,1
depose,comp_interrog,0,coded,0,,1
depose,comp_gerund,0,coded,0,,1
depose,comp_small_clause,0,coded,0,,1
depose,np_comp_alt,1,coded,0,,1
depose,direct_speech,0,coded,0,,1
depose,subjunctive_comp,0,coded,0,,1
depose,comp_for_to,0,coded,0,,1
depose,comp_bare_inf,0,coded,0,,1
depose,comp_exclamative,0,coded,0,,1
depose,comp_poss_ing,0,coded,0,,1
depose,extraposition,0,coded,0,,1
depose,raising,0,coded,0,,1
depose,ditransitive,0,coded,0,,1
depose,factive_passive,0,coded,0,,1
depose,neg_raising,0,coded,0,,1
depose,weak_island,1,coded,0,,1
depose,pro_complement,0,coded,0,,1
depose,npi_licenser,0,coded,0,,1
depose,stative,1,coded,0,,1
depose,content_noun_fact,1,coded,0,,1
depose,derived_nominal,0,coded,0,,1
depose,phrasal,0,lexical,0,,
depose,be_copula,0,lexical,0,,
asseverate,that_omission,1,coded,0,,1
asseverate,comp_inf,0,coded,0,,1
asseverate,ecm,0,coded,0,,1
asseverate,comp_interrog,0,coded,0,,1
asseverate,comp_gerund,0,coded,0,,1
asseverate,comp_small_clause,0,coded,0,,1
asseverate,np_comp_alt,1,coded,0,,1
asseverate,direct_speech,1,coded,0,,1
asseverate,subjunctive_comp,0,coded,0,,1
asseverate,comp_for_to,0,coded,0,,1
asseverate,comp_bare_inf,0,coded,0,,1
asseverate,comp_exclamative,0,coded,0,,1
asseverate,comp_poss_ing,0,coded,0,,1
asseverate,extraposition,0,coded,0,,1
asseverate,raising,0,coded,0,,1
asseverate,ditransitive,0,coded,0,,1
asseverate,factive_passive,0,coded,0,,1
asseverate,neg_raising,0,coded,0,,1
asseverate,weak_island,0,coded,0,,1
asseverate,pro_complement,0,coded,0,,1
asseverate,npi_licenser,0,coded,0,,1
asseverate,stative,1,coded,0,,1
asseverate,content_noun_fact,0,coded,0,,1
asseverate,derived_nominal,0,coded,0,,1
asseverate,phrasal,0,lexical,0,,
asseverate,be_copula,0,lexical,0,,
tip_off,that_omission,1,coded,0,,1
tip_off,comp_inf,0,coded,0,,1
tip_off,ecm,0,coded,0,,1
tip_off,comp_interrog,0,coded,0,,1
tip_off,comp_gerund,0,coded,0,,1
tip_off,comp_small_clause,0,coded,0,,1
tip_off,np_comp_alt,0,coded,0,,1
tip_off,direct_speech,0,coded,0,,1
tip_off,subjunctive_comp,0,coded,0,,1
tip_off,comp_for_to,0,coded,0,,1
tip_off,comp_bare_inf,0,coded,0,,1
tip_off,comp_exclamative,0,coded,0,,1
tip_off,comp_poss_ing,0,coded,0,,1
tip_off,extraposition,0,coded,0,,1
tip_off,raising,0,coded,0,,1
tip_off,ditransitive,1,coded,0,,1
tip_off,factive_passive,1,coded,0,,1
tip_off,neg_raising,0,coded,0,,1
tip_off,weak_island,0,coded,0,,1
tip_off,pro_complement,0,coded,0,,1
tip_off,npi_licenser,0,coded,0,,1
tip_off,stative,1,coded,0,,1
tip_off,content_noun_fact,0,coded,0,,1
tip_off,derived_nominal,0,coded,0,,1
tip_off,phrasal,1,lexical,0,,
tip_off,be_copula,0,lexical,0,,
choke_out,that_omission,1,coded,0,,1
choke_out,comp_inf,0,coded,0,,1
choke_out,ecm,0,coded,0,,1
choke_out,comp_interrog,0,coded,0,,1
choke_out,comp_gerund,0,coded,0,,1
choke_out,comp_small_clause,0,coded,0,,1
choke_out,np_comp_alt,0,coded,0,,1
choke_out,direct_speech,1,coded,0,,1
choke_out,subjunctive_comp,0,coded,0,,1
choke_out,comp_for_to,0,coded,0,,1
choke_out,comp_bare_inf,0,coded,0,,1
choke_out,comp_exclamative,0,coded,0,,1
choke_out,comp_poss_ing,0,coded,0,,1
choke_out,extraposition,0,coded,0,,1
choke_out,raising,0,coded,0,,1
choke_out,ditransitive,0,coded,0,,1
choke_out,factive_passive,0,coded,0,,1
choke_out,neg_raising,0,coded,0,,1
choke_out,weak_island,0,coded,0,,1
choke_out,pro_complement,0,coded,0,,1
choke_out,npi_licenser,0,coded,0,,1
choke_out,stative,1,coded,0,,1
choke_out,content_noun_fact,0,coded,0,,1
choke_out,derived_nominal,0,coded,0,,1
choke_out,phrasal,1,lexical,0,,
choke_out,be_copula,0,lexical,0,,
seethe,that_omission,0,coded,0,,1
seethe,comp_inf,0,coded,0,,1
seethe,ecm,0,coded,0,,1
seethe,comp_interrog,0,coded,0,,1
seethe,comp_gerund,0,coded,0,,1
seethe,comp_small_clause,0,coded,0,,1
seethe,np_comp_alt,0,coded,0,,1
seethe,direct_speech,0,coded,0,,1
seethe,subjunctive_comp,0,coded,0,,1
seethe,comp_for_to,0,coded,0,,1
seethe,comp_bare_inf,0,coded,0,,1
seethe,comp_exclamative,0,coded,0,,1
seethe,comp_poss_ing,0,coded,0,,1
seethe,extraposition,0,coded,0,,1
seethe,raising,0,coded,0,,1
seethe,ditransitive,0,coded,0,,1
seethe,factive_passive,0,coded,0,,1
seethe,neg_raising,0,coded,0,,1
seethe,weak_island,1,coded,0,,1
seethe,pro_complement,0,coded,0,,1
seethe,npi_licenser,0,coded,0,,1
seethe,stative,1,coded,0,,1
seethe,content_noun_fact,1,coded,0,,1
seethe,derived_nominal,0,coded,0,,1
seethe,phrasal,0,lexical,0,,
seethe,be_copula,0,lexical,0,,
rue,that_omission,0,coded,0,,1
rue,comp_inf,0,coded,0,,1
rue,ecm,0,coded,0,,1
rue,comp_interrog,0,coded,0,,1
rue,comp_gerund,0,coded,0,,1
rue,comp_small_clause,0,coded,0,,1
rue,np_comp_alt,0,coded,0,,1
rue,direct_speech,0,coded,0,,1
rue,subjunctive_comp,0,coded,0,,1
rue,comp_for_to,0,coded,0,,1
rue,comp_bare_inf,0,coded,0,,1
rue,comp_exclamative,0,coded,0,,1
rue,comp_poss_ing,0,coded,0,,1
rue,extraposition,0,coded,0,,1
rue,raising,0,coded,0,,1
rue,ditransitive,0,coded,0,,1
rue,factive_passive,0,coded,0,,1
rue,neg_raising,0,coded,0,,1
rue,weak_island,1,coded,0,,1
rue,pro_complement,0,coded,0,,1
rue,npi_licenser,0,coded,0,,1
rue,stative,1,coded,0,,1
rue,content_noun_fact,1,coded,0,,1
rue,derived_nominal,0,coded,0,,1
rue,phrasal,0,lexical,0,,
rue,be_copula,0,lexical,0,,
bristle,that_omission,0,coded,0,,1
bristle,comp_inf,0,coded,0,,1
bristle,ecm,0,coded,0,,1
bristle,comp_interrog,0,coded,0,,1
bristle,comp_gerund,0,coded,0,,1
bristle,comp_small_clause,0,coded,0,,1
bristle,np_comp_alt,0,coded,0,,1
bristle,direct_speech,0,coded,0,,1
bristle,subjunctive_comp,0,coded,0,,1
bristle,comp_for_to,0,coded,0,,1
bristle,comp_bare_inf,0,coded,0,,1
bristle,comp_exclamative,0,coded,0,,1
bristle,comp_poss_ing,0,coded,0,,1
bristle,extraposition,0,coded,0,,1
bristle,raising,0,coded,0,,1
bristle,ditransitive,0,coded,0,,1
bristle,factive_passive,0,coded,0,,1
bristle,neg_raising,0,coded,0,,1
bristle,weak_island,1,coded,0,,1
bristle,pro_complement,0,coded,0,,1
bristle,npi_licenser,0,coded,0,,1
bristle,stative,1,coded,0,,1
bristle,content_noun_fact,1,coded,0,,1
bristle,derived_nominal,0,coded,0,,1
bristle,phrasal,0,lexical,0,,
bristle,be_copula,0,lexical,0,,
fancy,that_omission,1,coded,0,,1
fancy,comp_inf,0,coded,0,,1
fancy,ecm,0,coded,0,,1
fancy,comp_interrog,0,coded,0,,1
fancy,comp_gerund,0,coded,0,,1
fancy,comp_small_clause,0,coded,0,,1
fancy,np_comp_alt,0,coded,0,,1
fancy,direct_speech,0,coded,0,,1
fancy,subjunctive_comp,0,coded,0,,1
fancy,comp_for_to,0,coded,0,,1
fancy,comp_bare_inf,0,coded,0,,1
fancy,comp_exclamative,0,coded,0,,1
fancy,comp_poss_ing,0,coded,0,,1
fancy,extraposition,0,coded,0,,1
fancy,raising,0,coded,0,,1
fancy,ditransitive,0,coded,0,,1
fancy,factive_passive,0,coded,0,,1
fancy,neg_raising,1,coded,0,,1
fancy,weak_island,0,coded,0,,1
fancy,pro_complement,1,coded,0,,1
fancy,npi_licenser,0,coded,0,,1
fancy,stative,1,coded,0,,1
fancy,content_noun_fact,0,coded,0,,1
fancy,derived_nominal,0,coded,0,,1
fancy,phrasal,0,lexical,0,,
fancy,be_copula,0,lexical,0,,
direct,that_omission,1,coded,0,,1
direct,comp_inf,1,coded,0,,1
direct,ecm,0,coded,0,,1
direct,comp_interrog,0,coded,0,,1
direct,comp_gerund,0,coded,0,,1
direct,comp_small_clause,0,coded,0,,1
direct,np_comp_alt,0,coded,0,,1
direct,direct_speech,0,coded,0,,1
direct,subjunctive_comp,1,coded,0,,1
direct,comp_for_to,0,coded,0,,1
direct,comp_bare_inf,0,coded,0,,1
direct,comp_exclamative,0,coded,0,,1
direct,comp_poss_ing,0,coded,0,,1
direct,extraposition,0,coded,0,,1
direct,raising,0,coded,0,,1
direct,ditransitive,1,coded,0,,1
direct,factive_passive,0,coded,0,,1
direct,neg_raising,0,coded,0,,1
direct,weak_island,0,coded,0,,1
direct,pro_complement,0,coded,0,,1
direct,npi_licenser,0,coded,0,,1
direct,stative,1,coded,0,,1
direct,content_noun_fact,0,coded,0,,1
direct,derived_nominal,0,coded,0,,1
direct,phrasal,0,lexical,0,,
direct,be_copula,0,lexical,0,,
enjoin,that_omission,1,coded,0,,1
enjoin,comp_inf,0,coded,0,,1
enjoin,ecm,0,coded,0,,1
enjoin,comp_interrog,0,coded,0,,1
enjoin,comp_gerund,0,coded,0,,1
enjoin,comp_small_clause,0,coded,0,,1
enjoin,np_comp_alt,0,coded,0,,1
enjoin,direct_speech,0,coded,0,,1
enjoin,subjunctive_comp,1,coded,0,,1
enjoin,comp_for_to,0,coded,0,,1
enjoin,comp_bare_inf,0,coded,0,,1
enjoin,comp_exclamative,0,coded,0,,1
enjoin,comp_poss_ing,0,coded,0,,1
enjoin,extraposition,0,coded,0,,1
enjoin,raising,0,coded,0,,1
enjoin,ditransitive,0,coded,0,,1
enjoin,factive_passive,0,coded,0,,1
enjoin,neg_raising,0,coded,0,,1
enjoin,weak_island,0,coded,0,,1
enjoin,pro_complement,0,coded,0,,1
enjoin,npi_licenser,0,coded,0,,1
enjoin,stative,1,coded,0,,1
enjoin,content_noun_fact,0,coded,0,,1
enjoin,derived_nominal,0,coded,0,,1
enjoin,phrasal,0,lexical,0,,
enjoin,be_copula,0,lexical,0,,
mandate,that_omission,1,coded,0,,1
mandate,comp_inf,0,coded,0,,1
mandate,ecm,0,coded,0,,1
mandate,comp_interrog,0,coded,0,,1
mandate,comp_gerund,0,coded,0,,1
mandate,comp_small_clause,0,coded,0,,1
mandate,np_comp_alt,0,coded,0,,1
mandate,direct_speech,0,coded,0,,1
mandate,subjunctive_comp,1,coded,0,,1
mandate,comp_for_to,0,coded,0,,1
mandate,comp_bare_inf,0,coded,0,,1
mandate,comp_exclamative,0,coded,0,,1
mandate,comp_poss_ing,0,coded,0,,1
mandate,extraposition,0,coded,0,,1
mandate,raising,0,coded,0,,1
mandate,ditransitive,0,coded,0,,1
mandate,factive_passive,0,coded,0,,1
mandate,neg_raising,0,coded,0,,1
mandate,weak_island,0,coded,0,,1
mandate,pro_complement,0,coded,0,,1
mandate,npi_licenser,0,coded,0,,1
mandate,stative,1,coded,0,,1
mandate,content_noun_fact,0,coded,0,,1
mandate,derived_nominal,0,coded,0,,1
mandate,phrasal,0,lexical,0,,
mandate,be_copula,0,lexical,0,,
prescribe,that_omission,1,coded,0,,1
prescribe,comp_inf,0,coded,0,,1
prescribe,ecm,0,coded,0,,1
prescribe,comp_interrog,0,coded,0,,1
prescribe,comp_gerund,0,coded,0,,1
prescribe,comp_small_clause,0,coded,0,,1
prescribe,np_comp_alt,0,coded,0,,1
prescribe,direct_speech,0,coded,0,,1
prescribe,subjunctive_comp,1,coded,0,,1
prescribe,comp_for_to,0,coded,0,,1
prescribe,comp_bare_inf,0,coded,0,,1
prescribe,comp_exclamative,0,coded,0,,1
prescribe,comp_poss_ing,0,coded,0,,1
prescribe,extraposition,0,coded,0,,1
prescribe,raising,0,coded,0,,1
prescribe,ditransitive,0,coded,0,,1
prescribe,factive_passive,0,coded,0,,1
prescribe,neg_raising,0,coded,0,,1
prescribe,weak_island,0,coded,0,,1
prescribe,pro_complement,0,coded,0,,1
prescribe,npi_licenser,0,coded,0,,1
prescribe,stative,1,coded,0,,1
prescribe,content_noun_fact,0,coded,0,,1
prescribe,derived_nominal,0,coded,0,,1
prescribe,phrasal,0,lexical,0,,
prescribe,be_copula,0,lexical,0,,
exhort,that_omission,1,coded,0,,1
exhort,comp_inf,1,coded,0,,1
exhort,ecm,0,coded,0,,1
exhort,comp_interrog,0,coded,0,,1
exhort,comp_gerund,0,coded,0,,1
exhort,comp_small_clause,0,coded,0,,1
exhort,np_comp_alt,0,coded,0,,1
exhort,direct_speech,0,coded,0,,1
exhort,subjunctive_comp,0,coded,0,,1
exhort,comp_for_to,0,coded,0,,1
exhort,comp_bare_inf,0,coded,0,,1
exhort,comp_exclamative,0,coded,0,,1
exhort,comp_poss_ing,0,coded,0,,1
exhort,extraposition,0,coded,0,,1
exhort,raising,0,coded,0,,1
exhort,ditransitive,1,coded,0,,1
exhort,factive_passive,0,coded,0,,1
exhort,neg_raising,0,coded,0,,1
exhort,weak_island,0,coded,0,,1
exhort,pro_complement,0,coded,0,,1
exhort,npi_licenser,0,coded,0,,1
exhort,stative,1,coded,0,,1
exhort,content_noun_fact,0,coded,0,,1
exhort,derived_nominal,0,coded,0,,1
exhort,phrasal,0,lexical,0,,
exhort,be_copula,0,lexical,0,,
be_abashed,that_omission,1,estimated,0,,1
be_abashed,comp_inf,0,estimated,0,,1
be_abashed,ecm,0,estimated,0,,1
be_abashed,comp_interrog,0,estimated,0,,1
be_abashed,comp_gerund,1,estimated,0,,1
be_abashed,comp_small_clause,0,estimated,0,,1
be_abashed,np_comp_alt,0,estimated,0,,1
be_abashed,direct_speech,0,estimated,0,,1
be_abashed,subjunctive_comp,0,estimated,0,,1
be_abashed,comp_for_to,0,estimated,0,,1
be_abashed,comp_bare_inf,0,estimated,0,,1
be_abashed,comp_exclamative,0,estimated,0,,1
be_abashed,comp_poss_ing,0,estimated,0,,1
be_abashed,extraposition,0,estimated,0,,1
be_abashed,raising,0,estimated,0,,1
be_abashed,ditransitive,0,na,0,,
be_abashed,factive_passive,0,na,0,,
be_abashed,neg_raising,0,estimated,0,,1
be_abashed,weak_island,0,estimated,0,,1
be_abashed,pro_complement,0,estimated,0,,1
be_abashed,npi_licenser,0,estimated,0,,1
be_abashed,stative,1,estimated,0,,1
be_abashed,content_noun_fact,1,estimated,0,,1
be_abashed,derived_nominal,0,estimated,0,,1
be_abashed,phrasal,0,lexical,0,,
be_abashed,be_copula,1,lexical,0,,
absorb,that_omission,1,estimated,0,,1
absorb,comp_inf,0,estimated,0,,1
absorb,ecm,0,estimated,0,,1
absorb,comp_interrog,1,estimated,0,,1
absorb,comp_gerund,0,estimated,0,,1
absorb,comp_small_clause,0,estimated,0,,1
absorb,np_comp_alt,0,estimated,0,,1
absorb,direct_speech,0,estimated,0,,1
absorb,subjunctive_comp,0,estimated,0,,1
absorb,comp_for_to,0,estimated,0,,1
absorb,comp_bare_inf,0,estimated,0,,1
absorb,comp_exclamative,0,estimated,0,,1
absorb,comp_poss_ing,0,estimated,0,,1
absorb,extraposition,0,estimated,0,,1
absorb,raising,0,estimated,0,,1
absorb,ditransitive,0,estimated,0,,1
absorb,factive_passive,1,estimated,0,,1
absorb,neg_raising,0,estimated,0,,1
absorb,weak_island,0,estimated,0,,1
absorb,pro_complement,0,estimated,0,,1
absorb,npi_licenser,0,estimated,0,,1
absorb,stative,1,estimated,0,,1
absorb,content_noun_fact,1,estimated,0,,1
absorb,derived_nominal,0,estimated,0,,1
absorb,phrasal,0,lexical,0,,
absorb,be_copula,0,lexical,0,,
be_adamant,that_omission,1,estimated,0,,1
be_adamant,comp_inf,0,estimated,0,,1
be_adamant,ecm,0,estimated,0,,1
be_adamant,comp_interrog,0,estimated,0,,1
be_adamant,comp_gerund,1,estimated,0,,1
be_adamant,comp_small_clause,0,estimated,0,,1
be_adamant,np_comp_alt,0,estimated,0,,1
be_adamant,direct_speech,0,estimated,0,,1
be_adamant,subjunctive_comp,0,estimated,0,,1
be_adamant,comp_for_to,0,estimated,0,,1
be_adamant,comp_bare_inf,0,estimated,0,,1
be_adamant,comp_exclamative,0,estimated,0,,1
be_adamant,comp_poss_ing,0,estimated,0,,1
be_adamant,extraposition,0,estimated,0,,1
be_adamant,raising,0,estimated,0,,1
be_adamant,ditransitive,0,na,0,,
be_adamant,factive_passive,0,na,0,,
be_adamant,neg_raising,0,estimated,0,,1
be_adamant,weak_island,0,estimated,0,,1
be_adamant,pro_complement,0,estimated,0,,1
be_adamant,npi_licenser,0,estimated,0,,1
be_adamant,stative,1,estimated,0,,1
be_adamant,content_noun_fact,0,estimated,0,,1
be_adamant,derived_nominal,0,estimated,0,,1
be_adamant,phrasal,0,lexical,0,,
be_adamant,be_copula,1,lexical,0,,
add_in,that_omission,1,estimated,0,,1
add_in,comp_inf,0,estimated,0,,1
add_in,ecm,0,estimated,0,,1
add_in,comp_interrog,1,estimated,0,,1
add_in,comp_gerund,0,estimated,0,,1
add_in,comp_small_clause,0,estimated,0,,1
add_in,np_comp_alt,0,estimated,0,,1
add_in,direct_speech,1,estimated,0,,1
add_in,subjunctive_comp,0,estimated,0,,1
add_in,comp_for_to,0,estimated,0,,1
add_in,comp_bare_inf,0,estimated,0,,1
add_in,comp_exclamative,0,estimated,0,,1
add_in,comp_poss_ing,0,estimated,0,,1
add_in,extraposition,0,estimated,0,,1
add_in,raising,0,estimated,0,,1
add_in,ditransitive,0,estimated,0,,1
add_in,factive_passive,0,estimated,0,,1
add_in,neg_raising,0,estimated,0,,1
add_in,weak_island,0,estimated,0,,1
add_in,pro_complement,0,estimated,0,,1
add_in,npi_licenser,0,estimated,0,,1
add_in,stative,0,estimated,0,,1
add_in,content_noun_fact,0,estimated,0,,1
add_in,derived_nominal,0,estimated,0,,1
add_in,phrasal,1,lexical,0,,
add_in,be_copula,0,lexical,0,,
admire,that_omission,1,estimated,0,,1
admire,comp_inf,0,estimated,0,,1
admire,ecm,0,estimated,0,,1
admire,comp_interrog,0,estimated,0,,1
admire,comp_gerund,1,estimated,0,,1
admire,comp_small_clause,0,estimated,0,,1
admire,np_comp_alt,0,estimated,0,,1
admire,direct_speech,0,estimated,0,,1
admire,subjunctive_comp,0,estimated,0,,1
admire,comp_for_to,0,estimated,0,,1
admire,comp_bare_inf,0,estimated,0,,1
admire,comp_exclamative,0,estimated,0,,1
admire,comp_poss_ing,0,estimated,0,,1
admire,extraposition,1,estimated,0,,1
admire,raising,0,estimated,0,,1
admire,ditransitive,0,estimated,0,,1
admire,factive_passive,1,estimated,0,,1
admire,neg_raising,0,estimated,0,,1
admire,weak_island,0,estimated,0,,1
admire,pro_complement,0,estimated,0,,1
admire,npi_licenser,0,estimated,0,,1
admire,stative,1,estimated,0,,1
admire,content_noun_fact,1,estimated,0,,1
admire,derived_nominal,0,estimated,0,,1
admire,phrasal,0,lexical,0,,
admire,be_copula,0,lexical,0,,
adore,that_omission,1,estimated,0,,1
adore,comp_inf,0,estimated,0,,1
adore,ecm,0,estimated,0,,1
adore,comp_interrog,0,estimated,0,,1
adore,comp_gerund,1,estimated,0,,1
adore,comp_small_clause,0,estimated,0,,1
adore,np_comp_alt,0,estimated,0,,1
adore,direct_speech,0,estimated,0,,1
adore,subjunctive_comp,0,estimated,0,,1
adore,comp_for_to,0,estimated,0,,1
adore,comp_bare_inf,0,estimated,0,,1
adore,comp_exclamative,0,estimated,0,,1
adore,comp_poss_ing,0,estimated,0,,1
adore,extraposition,1,estimated,0,,1
adore,raising,0,estimated,0,,1
adore,ditransitive,0,estimated,0,,1
adore,factive_passive,1,estimated,0,,1
adore,neg_raising,0,estimated,0,,1
adore,weak_island,0,estimated,0,,1
adore,pro_complement,0,estimated,0,,1
adore,npi_licenser,0,estimated,0,,1
adore,stative,1,estimated,0,,1
adore,content_noun_fact,1,estimated,0,,1
adore,derived_nominal,0,estimated,0,,1
adore,phrasal,0,lexical,0,,
adore,be_copula,0,lexical,0,,
advocate,that_omission,1,estimated,0,,1
advocate,comp_inf,0,estimated,0,,1
advocate,ecm,0,estimated,0,,1
advocate,comp_interrog,1,estimated,0,,1
advocate,comp_gerund,0,estimated,0,,1
advocate,comp_small_clause,0,estimated,0,,1
advocate,np_comp_alt,0,estimated,0,,1
advocate,direct_speech,1,estimated,0,,1
advocate,subjunctive_comp,0,estimated,0,,1
advocate,comp_for_to,0,estimated,0,,1
advocate,comp_bare_inf,0,estimated,0,,1
advocate,comp_exclamative,0,estimated,0,,1
advocate,comp_poss_ing,0,estimated,0,,1
advocate,extraposition,0,estimated,0,,1
advocate,raising,0,estimated,0,,1
advocate,ditransitive,0,estimated,0,,1
advocate,factive_passive,0,estimated,0,,1
advocate,neg_raising,0,estimated,0,,1
advocate,weak_island,0,estimated,0,,1
advocate,pro_complement,0,estimated,0,,1
advocate,npi_licenser,0,estimated,0,,1
advocate,stative,0,estimated,0,,1
advocate,content_noun_fact,0,estimated,0,,1
advocate,derived_nominal,0,estimated,0,,1
advocate,phrasal,0,lexical,0,,
advocate,be_copula,0,lexical,0,,
be_aggrieved,that_omission,1,estimated,0,,1
be_aggrieved,comp_inf,0,estimated,0,,1
be_aggrieved,ecm,0,estimated,0,,1
be_aggrieved,comp_interrog,0,estimated,0,,1
be_aggrieved,comp_gerund,1,estimated,0,,1
be_aggrieved,comp_small_clause,0,estimated,0,,1
be_aggrieved,np_comp_alt,0,estimated,0,,1
be_aggrieved,direct_speech,0,estimated,0,,1
be_aggrieved,subjunctive_comp,0,estimated,0,,1
be_aggrieved,comp_for_to,0,estimated,0,,1
be_aggrieved,comp_bare_inf,0,estimated,0,,1
be_aggrieved,comp_exclamative,0,estimated,0,,1
be_aggrieved,comp_poss_ing,0,estimated,0,,1
be_aggrieved,extraposition,0,estimated,0,,1
be_aggrieved,raising,0,estimated,0,,1
be_aggrieved,ditransitive,0,na,0,,
be_aggrieved,factive_passive,0,na,0,,
be_aggrieved,neg_raising,0,estimated,0,,1
be_aggrieved,weak_island,0,estimated,0,,1
be_aggrieved,pro_complement,0,estimated,0,,1
be_aggrieved,npi_licenser,0,estimated,0,,1
be_aggrieved,stative,1,estimated,0,,1
be_aggrieved,content_noun_fact,1,estimated,0,,1
be_aggrieved,derived_nominal,0,estimated,0,,1
be_aggrieved,phrasal,0,lexical,0,,
be_aggrieved,be_copula,1,lexical,0,,
be_aghast,that_omission,1,estimated,0,,1
be_aghast,comp_inf,0,estimated,0,,1
be_aghast,ecm,0,estimated,0,,1
be_aghast,comp_interrog,0,estimated,0,,1
be_aghast,comp_gerund,1,estimated,0,,1
be_aghast,comp_small_clause,0,estimated,0,,1
be_aghast,np_comp_alt,0,estimated,0,,1
be_aghast,direct_speech,0,estimated,0,,1
be_aghast,subjunctive_comp,0,estimated,0,,1
be_aghast,comp_for_to,0,estimated,0,,1
be_aghast,comp_bare_inf,0,estimated,0,,1
be_aghast,comp_exclamative,0,estimated,0,,1
be_aghast,comp_poss_ing,0,estimated,0,,1
be_aghast,extraposition,0,estimated,0,,1
be_aghast,raising,0,estimated,0,,1
be_aghast,ditransitive,0,na,0,,
be_aghast,factive_passive,0,na,0,,
be_aghast,neg_raising,0,estimated,0,,1
be_aghast,weak_island,0,estimated,0,,1
be_aghast,pro_complement,0,estimated,0,,1
be_aghast,npi_licenser,0,estimated,0,,1
be_aghast,stative,1,estimated,0,,1
be_aghast,content_noun_fact,1,estimated,0,,1
be_aghast,derived_nominal,0,estimated,0,,1
be_aghast,phrasal,0,lexical,0,,
be_aghast,be_copula,1,lexical,0,,
be_amazed,that_omission,1,estimated,0,,1
be_amazed,comp_inf,0,estimated,0,,1
be_amazed,ecm,0,estimated,0,,1
be_amazed,comp_interrog,0,estimated,0,,1
be_amazed,comp_gerund,1,estimated,0,,1
be_amazed,comp_small_clause,0,estimated,0,,1
be_amazed,np_comp_alt,0,estimated,0,,1
be_amazed,direct_speech,0,estimated,0,,1
be_amazed,subjunctive_comp,0,estimated,0,,1
be_amazed,comp_for_to,0,estimated,0,,1
be_amazed,comp_bare_inf,0,estimated,0,,1
be_amazed,comp_exclamative,0,estimated,0,,1
be_amazed,comp_poss_ing,0,estimated,0,,1
be_amazed,extraposition,0,estimated,0,,1
be_amazed,raising,0,estimated,0,,1
be_amazed,ditransitive,0,na,0,,
be_amazed,factive_passive,0,na,0,,
be_amazed,neg_raising,0,estimated,0,,1
be_amazed,weak_island,0,estimated,0,,1
be_amazed,pro_complement,0,estimated,0,,1
be_amazed,npi_licenser,0,estimated,0,,1
be_amazed,stative,1,estimated,0,,1
be_amazed,content_noun_fact,1,estimated,0,,1
be_amazed,derived_nominal,0,estimated,0,,1
be_amazed,phrasal,0,lexical,0,,
be_amazed,be_copula,1,lexical,0,,
be_amused,that_omission,1,estimated,0,,1
be_amused,comp_inf,0,estimated,0,,1
be_amused,ecm,0,estimated,0,,1
be_amused,comp_interrog,0,estimated,0,,1
be_amused,comp_gerund,1,estimated,0,,1
be_amused,comp_small_clause,0,estimated,0,,1
be_amused,np_comp_alt,0,estimated,0,,1
be_amused,direct_speech,0,estimated,0,,1
be_amused,subjunctive_comp,0,estimated,0,,1
be_amused,comp_for_to,0,estimated,0,,1
be_amused,comp_bare_inf,0,estimated,0,,1
be_amused,comp_exclamative,0,estimated,0,,1
be_amused,comp_poss_ing,0,estimated,0,,1
be_amused,extraposition,0,estimated,0,,1
be_amused,raising,0,estimated,0,,1
be_amused,ditransitive,0,na,0,,
be_amused,factive_passive,0,na,0,,
be_amused,neg_raising,0,estimated,0,,1
be_amused,weak_island,0,estimated,0,,1
be_amused,pro_complement,0,estimated,0,,1
be_amused,npi_licenser,0,estimated,0,,1
be_amused,stative,1,estimated,0,,1
be_amused,content_noun_fact,1,estimated,0,,1
be_amused,derived_nominal,0,estimated,0,,1
be_amused,phrasal,0,lexical,0,,
be_amused,be_copula,1,lexical,0,,
be_anguished,that_omission,1,estimated,0,,1
be_anguished,comp_inf,0,estimated,0,,1
be_anguished,ecm,0,estimated,0,,1
be_anguished,comp_interrog,0,estimated,0,,1
be_anguished,comp_gerund,1,estimated,0,,1
be_anguished,comp_small_clause,0,estimated,0,,1
be_anguished,np_comp_alt,0,estimated,0,,1
be_anguished,direct_speech,0,estimated,0,,1
be_anguished,subjunctive_comp,0,estimated,0,,1
be_anguished,comp_for_to,0,estimated,0,,1
be_anguished,comp_bare_inf,0,estimated,0,,1
be_anguished,comp_exclamative,0,estimated,0,,1
be_anguished,comp_poss_ing,0,estimated,0,,1
be_anguished,extraposition,0,estimated,0,,1
be_anguished,raising,0,estimated,0,,1
be_anguished,ditransitive,0,na,0,,
be_anguished,factive_passive,0,na,0,,
be_anguished,neg_raising,0,estimated,0,,1
be_anguished,weak_island,0,estimated,0,,1
be_anguished,pro_complement,0,estimated,0,,1
be_anguished,npi_licenser,0,estimated,0,,1
be_anguished,stative,1,estimated,0,,1
be_anguished,content_noun_fact,1,estimated,0,,1
be_anguished,derived_nominal,0,estimated,0,,1
be_anguished,phrasal,0,lexical,0,,
be_anguished,be_copula,1,lexical,0,,
animadvert,that_omission,1,estimated,0,,1
animadvert,comp_inf,0,estimated,0,,1
animadvert,ecm,0,estimated,0,,1
animadvert,comp_interrog,1,estimated,0,,1
animadvert,comp_gerund,0,estimated,0,,1
animadvert,comp_small_clause,0,estimated,0,,1
animadvert,np_comp_alt,0,estimated,0,,1
animadvert,direct_speech,1,estimated,0,,1
animadvert,subjunctive_comp,0,estimated,0,,1
animadvert,comp_for_to,0,estimated,0,,1
animadvert,comp_bare_inf,0,estimated,0,,1
animadvert,comp_exclamative,0,estimated,0,,1
animadvert,comp_poss_ing,0,estimated,0,,1
animadvert,extraposition,0,estimated,0,,1
animadvert,raising,0,estimated,0,,1
animadvert,ditransitive,0,estimated,0,,1
animadvert,factive_passive,0,estimated,0,,1
animadvert,neg_raising,0,estimated,0,,1
animadvert,weak_island,0,estimated,0,,1
animadvert,pro_complement,0,estimated,0,,1
animadvert,npi_licenser,0,estimated,0,,1
animadvert,stative,0,estimated,0,,1
animadvert,content_noun_fact,0,estimated,0,,1
animadvert,derived_nominal,0,estimated,0,,1
animadvert,phrasal,0,lexical,0,,
animadvert,be_copula,0,lexical,0,,
be_anxious,that_omission,1,estimated,0,,1
be_anxious,comp_inf,0,estimated,0,,1
be_anxious,ecm,0,estimated,0,,1
be_anxious,comp_interrog,0,estimated,0,,1
be_anxious,comp_gerund,1,estimated,0,,1
be_anxious,comp_small_clause,0,estimated,0,,1
be_anxious,np_comp_alt,0,estimated,0,,1
be_anxious,direct_speech,0,estimated,0,,1
be_anxious,subjunctive_comp,0,estimated,0,,1
be_anxious,comp_for_to,0,estimated,0,,1
be_anxious,comp_bare_inf,0,estimated,0,,1
be_anxious,comp_exclamative,0,estimated,0,,1
be_anxious,comp_poss_ing,0,estimated,0,,1
be_anxious,extraposition,0,estimated,0,,1
be_anxious,raising,0,estimated,0,,1
be_anxious,ditransitive,0,na,0,,
be_anxious,factive_passive,0,na,0,,
be_anxious,neg_raising,0,estimated,0,,1
be_anxious,weak_island,0,estimated,0,,1
be_anxious,pro_complement,0,estimated,0,,1
be_anxious,npi_licenser,0,estimated,0,,1
be_anxious,stative,1,estimated,0,,1
be_anxious,content_noun_fact,0,estimated,0,,1
be_anxious,derived_nominal,0,estimated,0,,1
be_anxious,phrasal,0,lexical,0,,
be_anxious,be_copula,1,lexical,0,,
be_apologetic,that_omission,1,estimated,0,,1
be_apologetic,comp_inf,0,estimated,0,,1
be_apologetic,ecm,0,estimated,0,,1
be_apologetic,comp_interrog,0,estimated,0,,1
be_apologetic,comp_gerund,1,estimated,0,,1
be_apologetic,comp_small_clause,0,estimated,0,,1
be_apologetic,np_comp_alt,0,estimated,0,,1
be_apologetic,direct_speech,0,estimated,0,,1
be_apologetic,subjunctive_comp,0,estimated,0,,1
be_apologetic,comp_for_to,0,estimated,0,,1
be_apologetic,comp_bare_inf,0,estimated,0,,1
be_apologetic,comp_exclamative,0,estimated,0,,1
be_apologetic,comp_poss_ing,0,estimated,0,,1
be_apologetic,extraposition,0,estimated,0,,1
be_apologetic,raising,0,estimated,0,,1
be_apologetic,ditransitive,0,na,0,,
be_apologetic,factive_passive,0,na,0,,
be_apologetic,neg_raising,0,estimated,0,,1
be_apologetic,weak_island,0,estimated,0,,1
be_apologetic,pro_complement,0,estimated,0,,1
be_apologetic,npi_licenser,0,estimated,0,,1
be_apologetic,stative,1,estimated,0,,1
be_apologetic,content_noun_fact,1,estimated,0,,1
be_apologetic,derived_nominal,0,estimated,0,,1
be_apologetic,phrasal,0,lexical,0,,
be_apologetic,be_copula,1,lexical,0,,
be_apoplectic,that_omission,1,estimated,0,,1
be_apoplectic,comp_inf,0,estimated,0,,1
be_apoplectic,ecm,0,estimated,0,,1
be_apoplectic,comp_interrog,0,estimated,0,,1
be_apoplectic,comp_gerund,1,estimated,0,,1
be_apoplectic,comp_small_clause,0,estimated,0,,1
be_apoplectic,np_comp_alt,0,estimated,0,,1
be_apoplectic,direct_speech,0,estimated,0,,1
be_apoplectic,subjunctive_comp,0,estimated,0,,1
be_apoplectic,comp_for_to,0,estimated,0,,1
be_apoplectic,comp_bare_inf,0,estimated,0,,1
be_apoplectic,comp_exclamative,0,estimated,0,,1
be_apoplectic,comp_poss_ing,0,estimated,0,,1
be_apoplectic,extraposition,0,estimated,0,,1
be_apoplectic,raising,0,estimated,0,,1
be_apoplectic,ditransitive,0,na,0,,
be_apoplectic,factive_passive,0,na,0,,
be_apoplectic,neg_raising,0,estimated,0,,1
be_apoplectic,weak_island,0,estimated,0,,1
be_apoplectic,pro_complement,0,estimated,0,,1
be_apoplectic,npi_licenser,0,estimated,0,,1
be_apoplectic,stative,1,estimated,0,,1
be_apoplectic,content_noun_fact,1,estimated,0,,1
be_apoplectic,derived_nominal,0,estimated,0,,1
be_apoplectic,phrasal,0,lexical,0,,
be_apoplectic,be_copula,1,lexical,0,,
be_appalled,that_omission,1,estimated,0,,1
be_appalled,comp_inf,0,estimated,0,,1
be_appalled,ecm,0,estimated,0,,1
be_appalled,comp_interrog,0,estimated,0,,1
be_appalled,comp_gerund,1,estimated,0,,1
be_appalled,comp_small_clause,0,estimated,0,,1
be_appalled,np_comp_alt,0,estimated,0,,1
be_appalled,direct_speech,0,estimated,0,,1
be_appalled,subjunctive_comp,0,estimated,0,,1
be_appalled,comp_for_to,0,estimated,0,,1
be_appalled,comp_bare_inf,0,estimated,0,,1
be_appalled,comp_exclamative,0,estimated,0,,1
be_appalled,comp_poss_ing,0,estimated,0,,1
be_appalled,extraposition,0,estimated,0,,1
be_appalled,raising,0,estimated,0,,1
be_appalled,ditransitive,0,na,0,,
be_appalled,factive_passive,0,na,0,,
be_appalled,neg_raising,0,estimated,0,,1
be_appalled,weak_island,0,estimated,0,,1
be_appalled,pro_complement,0,estimated,0,,1
be_appalled,npi_licenser,0,estimated,0,,1
be_appalled,stative,1,estimated,0,,1
be_appalled,content_noun_fact,1,estimated,0,,1
be_appalled,derived_nominal,0,estimated,0,,1
be_appalled,phrasal,0,lexical,0,,
be_appalled,be_copula,1,lexical,0,,
be_appreciative,that_omission,1,estimated,0,,1
be_appreciative,comp_inf,0,estimated,0,,1
be_appreciative,ecm,0,estimated,0,,1
be_appreciative,comp_interrog,0,estimated,0,,1
be_appreciative,comp_gerund,1,estimated,0,,1
be_appreciative,comp_small_clause,0,estimated,0,,1
be_appreciative,np_comp_alt,0,estimated,0,,1
be_appreciative,direct_speech,0,estimated,0,,1
be_appreciative,subjunctive_comp,0,estimated,0,,1
be_appreciative,comp_for_to,0,estimated,0,,1
be_appreciative,comp_bare_inf,0,estimated,0,,1
be_appreciative,comp_exclamative,0,estimated,0,,1
be_appreciative,comp_poss_ing,0,estimated,0,,1
be_appreciative,extraposition,0,estimated,0,,1
be_appreciative,raising,0,estimated,0,,1
be_appreciative,ditransitive,0,na,0,,
be_appreciative,factive_passive,0,na,0,,
be_appreciative,neg_raising,0,estimated,0,,1
be_appreciative,weak_island,0,estimated,0,,1
be_appreciative,pro_complement,0,estimated,0,,1
be_appreciative,npi_licenser,0,estimated,0,,1
be_appreciative,stative,1,estimated,0,,1
be_appreciative,content_noun_fact,1,estimated,0,,1
be_appreciative,derived_nominal,0,estimated,0,,1
be_appreciative,phrasal,0,lexical,0,,
be_appreciative,be_copula,1,lexical,0,,
be_apprehensive,that_omission,1,estimated,0,,1
be_apprehensive,comp_inf,0,estimated,0,,1
be_apprehensive,ecm,0,estimated,0,,1
be_apprehensive,comp_interrog,0,estimated,0,,1
be_apprehensive,comp_gerund,1,estimated,0,,1
be_apprehensive,comp_small_clause,0,estimated,0,,1
be_apprehensive,np_comp_alt,0,estimated,0,,1
be_apprehensive,direct_speech,0,estimated,0,,1
be_apprehensive,subjunctive_comp,0,estimated,0,,1
be_apprehensive,comp_for_to,0,estimated,0,,1
be_apprehensive,comp_bare_inf,0,estimated,0,,1
be_apprehensive,comp_exclamative,0,estimated,0,,1
be_apprehensive,comp_poss_ing,0,estimated,0,,1
be_apprehensive,extraposition,0,estimated,0,,1
be_apprehensive,raising,0,estimated,0,,1
be_apprehensive,ditransitive,0,na,0,,
be_apprehensive,factive_passive,0,na,0,,
be_apprehensive,neg_raising,0,estimated,0,,1
be_apprehensive,weak_island,0,estimated,0,,1
be_apprehensive,pro_complement,0,estimated,0,,1
be_apprehensive,npi_licenser,0,estimated,0,,1
be_apprehensive,stative,1,estimated,0,,1
be_apprehensive,content_noun_fact,0,estimated,0,,1
be_apprehensive,derived_nominal,0,estimated,0,,1
be_apprehensive,phrasal,0,lexical,0,,
be_apprehensive,be_copula,1,lexical,0,,
apprise,that_omission,1,estimated,0,,1
apprise,comp_inf,0,estimated,0,,1
apprise,ecm,0,estimated,0,,1
apprise,comp_interrog,1,estimated,0,,1
apprise,comp_gerund,0,estimated,0,,1
apprise,comp_small_clause,0,estimated,0,,1
apprise,np_comp_alt,0,estimated,0,,1
apprise,direct_speech,1,estimated,0,,1
apprise,subjunctive_comp,0,estimated,0,,1
apprise,comp_for_to,0,estimated,0,,1
apprise,comp_bare_inf,0,estimated,0,,1
apprise,comp_exclamative,0,estimated,0,,1
apprise,comp_poss_ing,0,estimated,0,,1
apprise,extraposition,0,estimated,0,,1
apprise,raising,0,estimated,0,,1
apprise,ditransitive,0,estimated,0,,1
apprise,factive_passive,0,estimated,0,,1
apprise,neg_raising,0,estimated,0,,1
apprise,weak_island,0,estimated,0,,1
apprise,pro_complement,0,estimated,0,,1
apprise,npi_licenser,0,estimated,0,,1
apprise,stative,0,estimated,0,,1
apprise,content_noun_fact,0,estimated,0,,1
apprise,derived_nominal,0,estimated,0,,1
apprise,phrasal,0,lexical,0,,
apprise,be_copula,0,lexical,0,,
be_astonished,that_omission,1,estimated,0,,1
be_astonished,comp_inf,0,estimated,0,,1
be_astonished,ecm,0,estimated,0,,1
be_astonished,comp_interrog,0,estimated,0,,1
be_astonished,comp_gerund,1,estimated,0,,1
be_astonished,comp_small_clause,0,estimated,0,,1
be_astonished,np_comp_alt,0,estimated,0,,1
be_astonished,direct_speech,0,estimated,0,,1
be_astonished,subjunctive_comp,0,estimated,0,,1
be_astonished,comp_for_to,0,estimated,0,,1
be_astonished,comp_bare_inf,0,estimated,0,,1
be_astonished,comp_exclamative,0,estimated,0,,1
be_astonished,comp_poss_ing,0,estimated,0,,1
be_astonished,extraposition,0,estimated,0,,1
be_astonished,raising,0,estimated,0,,1
be_astonished,ditransitive,0,na,0,,
be_astonished,factive_passive,0,na,0,,
be_astonished,neg_raising,0,estimated,0,,1
be_astonished,weak_island,0,estimated,0,,1
be_astonished,pro_complement,0,estimated,0,,1
be_astonished,npi_licenser,0,estimated,0,,1
be_astonished,stative,1,estimated,0,,1
be_astonished,content_noun_fact,1,estimated,0,,1
be_astonished,derived_nominal,0,estimated,0,,1
be_astonished,phrasal,0,lexical,0,,
be_astonished,be_copula,1,lexical,0,,
be_astounded,that_omission,1,estimated,0,,1
be_astounded,comp_inf,0,estimated,0,,1
be_astounded,ecm,0,estimated,0,,1
be_astounded,comp_interrog,0,estimated,0,,1
be_astounded,comp_gerund,1,estimated,0,,1
be_astounded,comp_small_clause,0,estimated,0,,1
be_astounded,np_comp_alt,0,estimated,0,,1
be_astounded,direct_speech,0,estimated,0,,1
be_astounded,subjunctive_comp,0,estimated,0,,1
be_astounded,comp_for_to,0,estimated,0,,1
be_astounded,comp_bare_inf,0,estimated,0,,1
be_astounded,comp_exclamative,0,estimated,0,,1
be_astounded,comp_poss_ing,0,estimated,0,,1
be_astounded,extraposition,0,estimated,0,,1
be_astounded,raising,0,estimated,0,,1
be_astounded,ditransitive,0,na,0,,
be_astounded,factive_passive,0,na,0,,
be_astounded,neg_raising,0,estimated,0,,1
be_astounded,weak_island,0,estimated,0,,1
be_astounded,pro_complement,0,estimated,0,,1
be_astounded,npi_licenser,0,estimated,0,,1
be_astounded,stative,1,estimated,0,,1
be_astounded,content_noun_fact,1,estimated,0,,1
be_astounded,derived_nominal,0,estimated,0,,1
be_astounded,phrasal,0,lexical,0,,
be_astounded,be_copula,1,lexical,0,,
be_awed,that_omission,1,estimated,0,,1
be_awed,comp_inf,0,estimated,0,,1
be_awed,ecm,0,estimated,0,,1
be_awed,comp_interrog,0,estimated,0,,1
be_awed,comp_gerund,1,estimated,0,,1
be_awed,comp_small_clause,0,estimated,0,,1
be_awed,np_comp_alt,0,estimated,0,,1
be_awed,direct_speech,0,estimated,0,,1
be_awed,subjunctive_comp,0,estimated,0,,1
be_awed,comp_for_to,0,estimated,0,,1
be_awed,comp_bare_inf,0,estimated,0,,1
be_awed,comp_exclamative,0,estimated,0,,1
be_awed,comp_poss_ing,0,estimated,0,,1
be_awed,extraposition,0,estimated,0,,1
be_awed,raising,0,estimated,0,,1
be_awed,ditransitive,0,na,0,,
be_awed,factive_passive,0,na,0,,
be_awed,neg_raising,0,estimated,0,,1
be_awed,weak_island,0,estimated,0,,1
be_awed,pro_complement,0,estimated,0,,1
be_awed,npi_licenser,0,estimated,0,,1
be_awed,stative,1,estimated,0,,1
be_awed,content_noun_fact,1,estimated,0,,1
be_awed,derived_nominal,0,estimated,0,,1
be_awed,phrasal,0,lexical,0,,
be_awed,be_copula,1,lexical,0,,
bear,that_omission,1,estimated,0,,1
bear,comp_inf,0,estimated,0,,1
bear,ecm,0,estimated,0,,1
bear,comp_interrog,0,estimated,0,,1
bear,comp_gerund,1,estimated,0,,1
bear,comp_small_clause,0,estimated,0,,1
bear,np_comp_alt,0,estimated,0,,1
bear,direct_speech,0,estimated,0,,1
bear,subjunctive_comp,0,estimated,0,,1
bear,comp_for_to,0,estimated,0,,1
bear,comp_bare_inf,0,estimated,0,,1
bear,comp_exclamative,0,estimated,0,,1
bear,comp_poss_ing,0,estimated,0,,1
bear,extraposition,1,estimated,0,,1
bear,raising,0,estimated,0,,1
bear,ditransitive,0,estimated,0,,1
bear,factive_passive,1,estimated,0,,1
bear,neg_raising,0,estimated,0,,1
bear,weak_island,0,estimated,0,,1
bear,pro_complement,0,estimated,0,,1
bear,npi_licenser,0,estimated,0,,1
bear,stative,1,estimated,0,,1
bear,content_noun_fact,1,estimated,0,,1
bear,derived_nominal,0,estimated,0,,1
bear,phrasal,0,lexical,0,,
bear,be_copula,0,lexical,0,,
be_befuddled,that_omission,1,estimated,0,,1
be_befuddled,comp_inf,0,estimated,0,,1
be_befuddled,ecm,0,estimated,0,,1
be_befuddled,comp_interrog,0,estimated,0,,1
be_befuddled,comp_gerund,1,estimated,0,,1
be_befuddled,comp_small_clause,0,estimated,0,,1
be_befuddled,np_comp_alt,0,estimated,0,,1
be_befuddled,direct_speech,0,estimated,0,,1
be_befuddled,subjunctive_comp,0,estimated,0,,1
be_befuddled,comp_for_to,0,estimated,0,,1
be_befuddled,comp_bare_inf,0,estimated,0,,1
be_befuddled,comp_exclamative,0,estimated,0,,1
be_befuddled,comp_poss_ing,0,estimated,0,,1
be_befuddled,extraposition,0,estimated,0,,1
be_befuddled,raising,0,estimated,0,,1
be_befuddled,ditransitive,0,na,0,,
be_befuddled,factive_passive,0,na,0,,
be_befuddled,neg_raising,0,estimated,0,,1
be_befuddled,weak_island,0,estimated,0,,1
be_befuddled,pro_complement,0,estimated,0,,1
be_befuddled,npi_licenser,0,estimated,0,,1
be_befuddled,stative,1,estimated,0,,1
be_befuddled,content_noun_fact,1,estimated,0,,1
be_befuddled,derived_nominal,0,estimated,0,,1
be_befuddled,phrasal,0,lexical,0,,
be_befuddled,be_copula,1,lexical,0,,
be_bemused,that_omission,1,estimated,0,,1
be_bemused,comp_inf,0,estimated,0,,1
be_bemused,ecm,0,estimated,0,,1
be_bemused,comp_interrog,0,estimated,0,,1
be_bemused,comp_gerund,1,estimated,0,,1
be_bemused,comp_small_clause,0,estimated,0,,1
be_bemused,np_comp_alt,0,estimated,0,,1
be_bemused,direct_speech,0,estimated,0,,1
be_bemused,subjunctive_comp,0,estimated,0,,1
be_bemused,comp_for_to,0,estimated,0,,1
be_bemused,comp_bare_inf,0,estimated,0,,1
be_bemused,comp_exclamative,0,estimated,0,,1
be_bemused,comp_poss_ing,0,estimated,0,,1
be_bemused,extraposition,0,estimated,0,,1
be_bemused,raising,0,estimated,0,,1
be_bemused,ditransitive,0,na,0,,
be_bemused,factive_passive,0,na,0,,
be_bemused,neg_raising,0,estimated,0,,1
be_bemused,weak_island,0,estimated,0,,1
be_bemused,pro_complement,0,estimated,0,,1
be_bemused,npi_licenser,0,estimated,0,,1
be_bemused,stative,1,estimated,0,,1
be_bemused,content_noun_fact,1,estimated,0,,1
be_bemused,derived_nominal,0,estimated,0,,1
be_bemused,phrasal,0,lexical,0,,
be_bemused,be_copula,1,lexical,0,,
beseech,that_omission,1,estimated,0,,1
beseech,comp_inf,0,estimated,0,,1
beseech,ecm,0,estimated,0,,1
beseech,comp_interrog,1,estimated,0,,1
beseech,comp_gerund,0,estimated,0,,1
beseech,comp_small_clause,0,estimated,0,,1
beseech,np_comp_alt,0,estimated,0,,1
beseech,direct_speech,1,estimated,0,,1
beseech,subjunctive_comp,0,estimated,0,,1
beseech,comp_for_to,0,estimated,0,,1
beseech,comp_bare_inf,0,estimated,0,,1
beseech,comp_exclamative,0,estimated,0,,1
beseech,comp_poss_ing,0,estimated,0,,1
beseech,extraposition,0,estimated,0,,1
beseech,raising,0,estimated,0,,1
beseech,ditransitive,0,estimated,0,,1
beseech,factive_passive,0,estimated,0,,1
beseech,neg_raising,0,estimated,0,,1
beseech,weak_island,0,estimated,0,,1
beseech,pro_complement,0,estimated,0,,1
beseech,npi_licenser,0,estimated,0,,1
beseech,stative,0,estimated,0,,1
beseech,content_noun_fact,0,estimated,0,,1
beseech,derived_nominal,0,estimated,0,,1
beseech,phrasal,0,lexical,0,,
beseech,be_copula,0,lexical,0,,
betray,that_omission,1,estimated,0,,1
betray,comp_inf,0,estimated,0,,1
betray,ecm,0,estimated,0,,1
betray,comp_interrog,1,estimated,0,,1
betray,comp_gerund,0,estimated,0,,1
betray,comp_small_clause,0,estimated,0,,1
betray,np_comp_alt,0,estimated,0,,1
betray,direct_speech,0,estimated,0,,1
betray,subjunctive_comp,0,estimated,0,,1
betray,comp_for_to,0,estimated,0,,1
betray,comp_bare_inf,0,estimated,0,,1
betray,comp_exclamative,0,estimated,0,,1
betray,comp_poss_ing,0,estimated,0,,1
betray,extraposition,0,estimated,0,,1
betray,raising,0,estimated,0,,1
betray,ditransitive,0,estimated,0,,1
betray,factive_passive,0,estimated,0,,1
betray,neg_raising,0,estimated,0,,1
betray,weak_island,0,estimated,0,,1
betray,pro_complement,0,estimated,0,,1
betray,npi_licenser,0,estimated,0,,1
betray,stative,0,estimated,0,,1
betray,content_noun_fact,0,estimated,0,,1
betray,derived_nominal,0,estimated,0,,1
betray,phrasal,0,lexical,0,,
betray,be_copula,0,lexical,0,,
be_bewildered,that_omission,1,estimated,0,,1
be_bewildered,comp_inf,0,estimated,0,,1
be_bewildered,ecm,0,estimated,0,,1
be_bewildered,comp_interrog,0,estimated,0,,1
be_bewildered,comp_gerund,1,estimated,0,,1
be_bewildered,comp_small_clause,0,estimated,0,,1
be_bewildered,np_comp_alt,0,estimated,0,,1
be_bewildered,direct_speech,0,estimated,0,,1
be_bewildered,subjunctive_comp,0,estimated,0,,1
be_bewildered,comp_for_to,0,estimated,0,,1
be_bewildered,comp_bare_inf,0,estimated,0,,1
be_bewildered,comp_exclamative,0,estimated,0,,1
be_bewildered,comp_poss_ing,0,estimated,0,,1
be_bewildered,extraposition,0,estimated,0,,1
be_bewildered,raising,0,estimated,0,,1
be_bewildered,ditransitive,0,na,0,,
be_bewildered,factive_passive,0,na,0,,
be_bewildered,neg_raising,0,estimated,0,,1
be_bewildered,weak_island,0,estimated,0,,1
be_bewildered,pro_complement,0,estimated,0,,1
be_bewildered,npi_licenser,0,estimated,0,,1
be_bewildered,stative,1,estimated,0,,1
be_bewildered,content_noun_fact,1,estimated,0,,1
be_bewildered,derived_nominal,0,estimated,0,,1
be_bewildered,phrasal,0,lexical,0,,
be_bewildered,be_copula,1,lexical,0,,
be_bitter,that_omission,1,estimated,0,,1
be_bitter,comp_inf,0,estimated,0,,1
be_bitter,ecm,0,estimated,0,,1
be_bitter,comp_interrog,0,estimated,0,,1
be_bitter,comp_gerund,1,estimated,0,,1
be_bitter,comp_small_clause,0,estimated,0,,1
be_bitter,np_comp_alt,0,estimated,0,,1
be_bitter,direct_speech,0,estimated,0,,1
be_bitter,subjunctive_comp,0,estimated,0,,1
be_bitter,comp_for_to,0,estimated,0,,1
be_bitter,comp_bare_inf,0,estimated,0,,1
be_bitter,comp_exclamative,0,estimated,0,,1
be_bitter,comp_poss_ing,0,estimated,0,,1
be_bitter,extraposition,0,estimated,0,,1
be_bitter,raising,0,estimated,0,,1
be_bitter,ditransitive,0,na,0,,
be_bitter,factive_passive,0,na,0,,
be_bitter,neg_raising,0,estimated,0,,1
be_bitter,weak_island,0,estimated,0,,1
be_bitter,pro_complement,0,estimated,0,,1
be_bitter,npi_licenser,0,estimated,0,,1
be_bitter,stative,1,estimated,0,,1
be_bitter,content_noun_fact,1,estimated,0,,1
be_bitter,derived_nominal,0,estimated,0,,1
be_bitter,phrasal,0,lexical,0,,
be_bitter,be_copula,1,lexical,0,,
blurt,that_omission,1,estimated,0,,1
blurt,comp_inf,0,estimated,0,,1
blurt,ecm,0,estimated,0,,1
blurt,comp_interrog,1,estimated,0,,1
blurt,comp_gerund,0,estimated,0,,1
blurt,comp_small_clause,0,estimated,0,,1
blurt,np_comp_alt,0,estimated,0,,1
blurt,direct_speech,1,estimated,0,,1
blurt,subjunctive_comp,0,estimated,0,,1
blurt,comp_for_to,0,estimated,0,,1
blurt,comp_bare_inf,0,estimated,0,,1
blurt,comp_exclamative,0,estimated,0,,1
blurt,comp_poss_ing,0,estimated,0,,1
blurt,extraposition,0,estimated,0,,1
blurt,raising,0,estimated,0,,1
blurt,ditransitive,0,estimated,0,,1
blurt,factive_passive,0,estimated,0,,1
blurt,neg_raising,0,estimated,0,,1
blurt,weak_island,0,estimated,0,,1
blurt,pro_complement,0,estimated,0,,1
blurt,npi_licenser,0,estimated,0,,1
blurt,stative,0,estimated,0,,1
blurt,content_noun_fact,0,estimated,0,,1
blurt,derived_nominal,0,estimated,0,,1
blurt,phrasal,0,lexical,0,,
blurt,be_copula,0,lexical,0,,
boom,that_omission,1,estimated,0,,1
boom,comp_inf,0,estimated,0,,1
boom,ecm,0,estimated,0,,1
boom,comp_interrog,1,estimated,0,,1
boom,comp_gerund,0,estimated,0,,1
boom,comp_small_clause,0,estimated,0,,1
boom,np_comp_alt,0,estimated,0,,1
boom,direct_speech,1,estimated,0,,1
boom,subjunctive_comp,0,estimated,0,,1
boom,comp_for_to,0,estimated,0,,1
boom,comp_bare_inf,0,estimated,0,,1
boom,comp_exclamative,0,estimated,0,,1
boom,comp_poss_ing,0,estimated,0,,1
boom,extraposition,0,estimated,0,,1
boom,raising,0,estimated,0,,1
boom,ditransitive,0,estimated,0,,1
boom,factive_passive,0,estimated,0,,1
boom,neg_raising,0,estimated,0,,1
boom,weak_island,0,estimated,0,,1
boom,pro_complement,0,estimated,0,,1
boom,npi_licenser,0,estimated,0,,1
boom,stative,0,estimated,0,,1
boom,content_noun_fact,0,estimated,0,,1
boom,derived_nominal,0,estimated,0,,1
boom,phrasal,0,lexical,0,,
boom,be_copula,0,lexical,0,,
burst_out,that_omission,1,estimated,0,,1
burst_out,comp_inf,0,estimated,0,,1
burst_out,ecm,0,estimated,0,,1
burst_out,comp_interrog,1,estimated,0,,1
burst_out,comp_gerund,0,estimated,0,,1
burst_out,comp_small_clause,0,estimated,0,,1
burst_out,np_comp_alt,0,estimated,0,,1
burst_out,direct_speech,1,estimated,0,,1
burst_out,subjunctive_comp,0,estimated,0,,1
burst_out,comp_for_to,0,estimated,0,,1
burst_out,comp_bare_inf,0,estimated,0,,1
burst_out,comp_exclamative,0,estimated,0,,1
burst_out,comp_poss_ing,0,estimated,0,,1
burst_out,extraposition,0,estimated,0,,1
burst_out,raising,0,estimated,0,,1
burst_out,ditransitive,0,estimated,0,,1
burst_out,factive_passive,0,estimated,0,,1
burst_out,neg_raising,0,estimated,0,,1
burst_out,weak_island,0,estimated,0,,1
burst_out,pro_complement,0,estimated,0,,1
burst_out,npi_licenser,0,estimated,0,,1
burst_out,stative,0,estimated,0,,1
burst_out,content_noun_fact,0,estimated,0,,1
burst_out,derived_nominal,0,estimated,0,,1
burst_out,phrasal,1,lexical,0,,
burst_out,be_copula,0,lexical,0,,
call,that_omission,1,estimated,0,,1
call,comp_inf,0,estimated,0,,1
call,ecm,0,estimated,0,,1
call,comp_interrog,1,estimated,0,,1
call,comp_gerund,0,estimated,0,,1
call,comp_small_clause,0,estimated,0,,1
call,np_comp_alt,0,estimated,0,,1
call,direct_speech,1,estimated,0,,1
call,subjunctive_comp,0,estimated,0,,1
call,comp_for_to,0,estimated,0,,1
call,comp_bare_inf,0,estimated,0,,1
call,comp_exclamative,0,estimated,0,,1
call,comp_poss_ing,0,estimated,0,,1
call,extraposition,0,estimated,0,,1
call,raising,0,estimated,0,,1
call,ditransitive,0,estimated,0,,1
call,factive_passive,0,estimated,0,,1
call,neg_raising,0,estimated,0,,1
call,weak_island,0,estimated,0,,1
call,pro_complement,0,estimated,0,,1
call,npi_licenser,0,estimated,0,,1
call,stative,0,estimated,0,,1
call,content_noun_fact,0,estimated,0,,1
call,derived_nominal,0,estimated,0,,1
call,phrasal,0,lexical,0,,
call,be_copula,0,lexical,0,,
call_out,that_omission,1,estimated,0,,1
call_out,comp_inf,0,estimated,0,,1
call_out,ecm,0,estimated,0,,1
call_out,comp_interrog,1,estimated,0,,1
call_out,comp_gerund,0,estimated,0,,1
call_out,comp_small_clause,0,estimated,0,,1
call_out,np_comp_alt,0,estimated,0,,1
call_out,direct_speech,1,estimated,0,,1
call_out,subjunctive_comp,0,estimated,0,,1
call_out,comp_for_to,0,estimated,0,,1
call_out,comp_bare_inf,0,estimated,0,,1
call_out,comp_exclamative,0,estimated,0,,1
call_out,comp_poss_ing,0,estimated,0,,1
call_out,extraposition,0,estimated,0,,1
call_out,raising,0,estimated,0,,1
call_out,ditransitive,0,estimated,0,,1
call_out,factive_passive,0,estimated,0,,1
call_out,neg_raising,0,estimated,0,,1
call_out,weak_island,0,estimated,0,,1
call_out,pro_complement,0,estimated,0,,1
call_out,npi_licenser,0,estimated,0,,1
call_out,stative,0,estimated,0,,1
call_out,content_noun_fact,0,estimated,0,,1
call_out,derived_nominal,0,estimated,0,,1
call_out,phrasal,1,lexical,0,,
call_out,be_copula,0,lexical,0,,
carol,that_omission,1,estimated,0,,1
carol,comp_inf,0,estimated,0,,1
carol,ecm,0,estimated,0,,1
carol,comp_interrog,1,estimated,0,,1
carol,comp_gerund,0,estimated,0,,1
carol,comp_small_clause,0,estimated,0,,1
carol,np_comp_alt,0,estimated,0,,1
carol,direct_speech,1,estimated,0,,1
carol,subjunctive_comp,0,estimated,0,,1
carol,comp_for_to,0,estimated,0,,1
carol,comp_bare_inf,0,estimated,0,,1
carol,comp_exclamative,0,estimated,0,,1
carol,comp_poss_ing,0,estimated,0,,1
carol,extraposition,0,estimated,0,,1
carol,raising,0,estimated,0,,1
carol,ditransitive,0,estimated,0,,1
carol,factive_passive,0,estimated,0,,1
carol,neg_raising,0,estimated,0,,1
carol,weak_island,0,estimated,0,,1
carol,pro_complement,0,estimated,0,,1
carol,npi_licenser,0,estimated,0,,1
carol,stative,0,estimated,0,,1
carol,content_noun_fact,0,estimated,0,,1
carol,derived_nominal,0,estimated,0,,1
carol,phrasal,0,lexical,0,,
carol,be_copula,0,lexical,0,,
catch,that_omission,1,estimated,0,,1
catch,comp_inf,0,estimated,0,,1
catch,ecm,0,estimated,0,,1
catch,comp_interrog,1,estimated,0,,1
catch,comp_gerund,0,estimated,0,,1
catch,comp_small_clause,0,estimated,0,,1
catch,np_comp_alt,0,estimated,0,,1
catch,direct_speech,0,estimated,0,,1
catch,subjunctive_comp,0,estimated,0,,1
catch,comp_for_to,0,estimated,0,,1
catch,comp_bare_inf,0,estimated,0,,1
catch,comp_exclamative,0,estimated,0,,1
catch,comp_poss_ing,0,estimated,0,,1
catch,extraposition,0,estimated,0,,1
catch,raising,0,estimated,0,,1
catch,ditransitive,0,estimated,0,,1
catch,factive_passive,1,estimated,0,,1
catch,neg_raising,0,estimated,0,,1
catch,weak_island,0,estimated,0,,1
catch,pro_complement,0,estimated,0,,1
catch,npi_licenser,0,estimated,0,,1
catch,stative,1,estimated,0,,1
catch,content_noun_fact,1,estimated,0,,1
catch,derived_nominal,0,estimated,0,,1
catch,phrasal,0,lexical,0,,
catch,be_copula,0,lexical,0,,
cherish,that_omission,1,estimated,0,,1
cherish,comp_inf,0,estimated,0,,1
cherish,ecm,0,estimated,0,,1
cherish,comp_interrog,0,estimated,0,,1
cherish,comp_gerund,1,estimated,0,,1
cherish,comp_small_clause,0,estimated,0,,1
cherish,np_comp_alt,0,estimated,0,,1
cherish,direct_speech,0,estimated,0,,1
cherish,subjunctive_comp,0,estimated,0,,1
cherish,comp_for_to,0,estimated,0,,1
cherish,comp_bare_inf,0,estimated,0,,1
cherish,comp_exclamative,0,estimated,0,,1
cherish,comp_poss_ing,0,estimated,0,,1
cherish,extraposition,1,estimated,0,,1
cherish,raising,0,estimated,0,,1
cherish,ditransitive,0,estimated,0,,1
cherish,factive_passive,1,estimated,0,,1
cherish,neg_raising,0,estimated,0,,1
cherish,weak_island,0,estimated,0,,1
cherish,pro_complement,0,estimated,0,,1
cherish,npi_licenser,0,estimated,0,,1
cherish,stative,1,estimated,0,,1
cherish,content_noun_fact,1,estimated,0,,1
cherish,derived_nominal,0,estimated,0,,1
cherish,phrasal,0,lexical,0,,
cherish,be_copula,0,lexical,0,,
chime_in,that_omission,1,estimated,0,,1
chime_in,comp_inf,0,estimated,0,,1
chime_in,ecm,0,estimated,0,,1
chime_in,comp_interrog,1,estimated,0,,1
chime_in,comp_gerund,0,estimated,0,,1
chime_in,comp_small_clause,0,estimated,0,,1
chime_in,np_comp_alt,0,estimated,0,,1
chime_in,direct_speech,1,estimated,0,,1
chime_in,subjunctive_comp,0,estimated,0,,1
chime_in,comp_for_to,0,estimated,0,,1
chime_in,comp_bare_inf,0,estimated,0,,1
chime_in,comp_exclamative,0,estimated,0,,1
chime_in,comp_poss_ing,0,estimated,0,,1
chime_in,extraposition,0,estimated,0,,1
chime_in,raising,0,estimated,0,,1
chime_in,ditransitive,0,estimated,0,,1
chime_in,factive_passive,0,estimated,0,,1
chime_in,neg_raising,0,estimated,0,,1
chime_in,weak_island,0,estimated,0,,1
chime_in,pro_complement,0,estimated,0,,1
chime_in,npi_licenser,0,estimated,0,,1
chime_in,stative,0,estimated,0,,1
chime_in,content_noun_fact,0,estimated,0,,1
chime_in,derived_nominal,0,estimated,0,,1
chime_in,phrasal,1,lexical,0,,
chime_in,be_copula,0,lexical,0,,
chirp,that_omission,1,estimated,0,,1
chirp,comp_inf,0,estimated,0,,1
chirp,ecm,0,estimated,0,,1
chirp,comp_interrog,1,estimated,0,,1
chirp,comp_gerund,0,estimated,0,,1
chirp,comp_small_clause,0,estimated,0,,1
chirp,np_comp_alt,0,estimated,0,,1
chirp,direct_speech,1,estimated,0,,1
chirp,subjunctive_comp,0,estimated,0,,1
chirp,comp_for_to,0,estimated,0,,1
chirp,comp_bare_inf,0,estimated,0,,1
chirp,comp_exclamative,0,estimated,0,,1
chirp,comp_poss_ing,0,estimated,0,,1
chirp,extraposition,0,estimated,0,,1
chirp,raising,0,estimated,0,,1
chirp,ditransitive,0,estimated,0,,1
chirp,factive_passive,0,estimated,0,,1
chirp,neg_raising,0,estimated,0,,1
chirp,weak_island,0,estimated,0,,1
chirp,pro_complement,0,estimated,0,,1
chirp,npi_licenser,0,estimated,0,,1
chirp,stative,0,estimated,0,,1
chirp,content_noun_fact,0,estimated,0,,1
chirp,derived_nominal,0,estimated,0,,1
chirp,phrasal,0,lexical,0,,
chirp,be_copula,0,lexical,0,,
chortle,that_omission,1,estimated,0,,1
chortle,comp_inf,0,estimated,0,,1
chortle,ecm,0,estimated,0,,1
chortle,comp_interrog,1,estimated,0,,1
chortle,comp_gerund,0,estimated,0,,1
chortle,comp_small_clause,0,estimated,0,,1
chortle,np_comp_alt,0,estimated,0,,1
chortle,direct_speech,1,estimated,0,,1
chortle,subjunctive_comp,0,estimated,0,,1
chortle,comp_for_to,0,estimated,0,,1
chortle,comp_bare_inf,0,estimated,0,,1
chortle,comp_exclamative,0,estimated,0,,1
chortle,comp_poss_ing,0,estimated,0,,1
chortle,extraposition,0,estimated,0,,1
chortle,raising,0,estimated,0,,1
chortle,ditransitive,0,estimated,0,,1
chortle,factive_passive,0,estimated,0,,1
chortle,neg_raising,0,estimated,0,,1
chortle,weak_island,0,estimated,0,,1
chortle,pro_complement,0,estimated,0,,1
chortle,npi_licenser,0,estimated,0,,1
chortle,stative,0,estimated,0,,1
chortle,content_noun_fact,0,estimated,0,,1
chortle,derived_nominal,0,estimated,0,,1
chortle,phrasal,0,lexical,0,,
chortle,be_copula,0,lexical,0,,
chuckle,that_omission,1,estimated,0,,1
chuckle,comp_inf,0,estimated,0,,1
chuckle,ecm,0,estimated,0,,1
chuckle,comp_interrog,1,estimated,0,,1
chuckle,comp_gerund,0,estimated,0,,1
chuckle,comp_small_clause,0,estimated,0,,1
chuckle,np_comp_alt,0,estimated,0,,1
chuckle,direct_speech,1,estimated,0,,1
chuckle,subjunctive_comp,0,estimated,0,,1
chuckle,comp_for_to,0,estimated,0,,1
chuckle,comp_bare_inf,0,estimated,0,,1
chuckle,comp_exclamative,0,estimated,0,,1
chuckle,comp_poss_ing,0,estimated,0,,1
chuckle,extraposition,0,estimated,0,,1
chuckle,raising,0,estimated,0,,1
chuckle,ditransitive,0,estimated,0,,1
chuckle,factive_passive,0,estimated,0,,1
chuckle,neg_raising,0,estimated,0,,1
chuckle,weak_island,0,estimated,0,,1
chuckle,pro_complement,0,estimated,0,,1
chuckle,npi_licenser,0,estimated,0,,1
chuckle,stative,0,estimated,0,,1
chuckle,content_noun_fact,0,estimated,0,,1
chuckle,derived_nominal,0,estimated,0,,1
chuckle,phrasal,0,lexical,0,,
chuckle,be_copula,0,lexical,0,,
cite,that_omission,1,estimated,0,,1
cite,comp_inf,0,estimated,0,,1
cite,ecm,0,estimated,0,,1
cite,comp_interrog,1,estimated,0,,1
cite,comp_gerund,0,estimated,0,,1
cite,comp_small_clause,0,estimated,0,,1
cite,np_comp_alt,0,estimated,0,,1
cite,direct_speech,1,estimated,0,,1
cite,subjunctive_comp,0,estimated,0,,1
cite,comp_for_to,0,estimated,0,,1
cite,comp_bare_inf,0,estimated,0,,1
cite,comp_exclamative,0,estimated,0,,1
cite,comp_poss_ing,0,estimated,0,,1
cite,extraposition,0,estimated,0,,1
cite,raising,0,estimated,0,,1
cite,ditransitive,0,estimated,0,,1
cite,factive_passive,0,estimated,0,,1
cite,neg_raising,0,estimated,0,,1
cite,weak_island,0,estimated,0,,1
cite,pro_complement,0,estimated,0,,1
cite,npi_licenser,0,estimated,0,,1
cite,stative,0,estimated,0,,1
cite,content_noun_fact,0,estimated,0,,1
cite,derived_nominal,0,estimated,0,,1
cite,phrasal,0,lexical,0,,
cite,be_copula,0,lexical,0,,
clear,that_omission,1,estimated,0,,1
clear,comp_inf,0,estimated,0,,1
clear,ecm,0,estimated,0,,1
clear,comp_interrog,1,estimated,0,,1
clear,comp_gerund,0,estimated,0,,1
clear,comp_small_clause,0,estimated,0,,1
clear,np_comp_alt,0,estimated,0,,1
clear,direct_speech,1,estimated,0,,1
clear,subjunctive_comp,0,estimated,0,,1
clear,comp_for_to,0,estimated,0,,1
clear,comp_bare_inf,0,estimated,0,,1
clear,comp_exclamative,0,estimated,0,,1
clear,comp_poss_ing,0,estimated,0,,1
clear,extraposition,0,estimated,0,,1
clear,raising,0,estimated,0,,1
clear,ditransitive,0,estimated,0,,1
clear,factive_passive,0,estimated,0,,1
clear,neg_raising,0,estimated,0,,1
clear,weak_island,0,estimated,0,,1
clear,pro_complement,0,estimated,0,,1
clear,npi_licenser,0,estimated,0,,1
clear,stative,0,estimated,0,,1
clear,content_noun_fact,0,estimated,0,,1
clear,derived_nominal,0,estimated,0,,1
clear,phrasal,0,lexical,0,,
clear,be_copula,0,lexical,0,,
cluck,that_omission,1,estimated,0,,1
cluck,comp_inf,0,estimated,0,,1
cluck,ecm,0,estimated,0,,1
cluck,comp_interrog,1,estimated,0,,1
cluck,comp_gerund,0,estimated,0,,1
cluck,comp_small_clause,0,estimated,0,,1
cluck,np_comp_alt,0,estimated,0,,1
cluck,direct_speech,1,estimated,0,,1
cluck,subjunctive_comp,0,estimated,0,,1
cluck,comp_for_to,0,estimated,0,,1
cluck,comp_bare_inf,0,estimated,0,,1
cluck,comp_exclamative,0,estimated,0,,1
cluck,comp_poss_ing,0,estimated,0,,1
cluck,extraposition,0,estimated,0,,1
cluck,raising,0,estimated,0,,1
cluck,ditransitive,0,estimated,0,,1
cluck,factive_passive,0,estimated,0,,1
cluck,neg_raising,0,estimated,0,,1
cluck,weak_island,0,estimated,0,,1
cluck,pro_complement,0,estimated,0,,1
cluck,npi_licenser,0,estimated,0,,1
cluck,stative,0,estimated,0,,1
cluck,content_noun_fact,0,estimated,0,,1
cluck,derived_nominal,0,estimated,0,,1
cluck,phrasal,0,lexical,0,,
cluck,be_copula,0,lexical,0,,
be_clueless,that_omission,1,estimated,0,,1
be_clueless,comp_inf,0,estimated,0,,1
be_clueless,ecm,0,estimated,0,,1
be_clueless,comp_interrog,0,estimated,0,,1
be_clueless,comp_gerund,0,estimated,0,,1
be_clueless,comp_small_clause,0,estimated,0,,1
be_clueless,np_comp_alt,0,estimated,0,,1
be_clueless,direct_speech,0,estimated,0,,1
be_clueless,subjunctive_comp,0,estimated,0,,1
be_clueless,comp_for_to,0,estimated,0,,1
be_clueless,comp_bare_inf,0,estimated,0,,1
be_clueless,comp_exclamative,0,estimated,0,,1
be_clueless,comp_poss_ing,0,estimated,0,,1
be_clueless,extraposition,0,estimated,0,,1
be_clueless,raising,0,estimated,0,,1
be_clueless,ditransitive,0,na,0,,
be_clueless,factive_passive,0,na,0,,
be_clueless,neg_raising,0,estimated,0,,1
be_clueless,weak_island,0,estimated,0,,1
be_clueless,pro_complement,0,estimated,0,,1
be_clueless,npi_licenser,0,estimated,0,,1
be_clueless,stative,1,estimated,0,,1
be_clueless,content_noun_fact,0,estimated,0,,1
be_clueless,derived_nominal,0,estimated,0,,1
be_clueless,phrasal,0,lexical,0,,
be_clueless,be_copula,1,lexical,0,,
be_cocksure,that_omission,1,estimated,0,,1
be_cocksure,comp_inf,0,estimated,0,,1
be_cocksure,ecm,0,estimated,0,,1
be_cocksure,comp_interrog,0,estimated,0,,1
be_cocksure,comp_gerund,0,estimated,0,,1
be_cocksure,comp_small_clause,0,estimated,0,,1
be_cocksure,np_comp_alt,0,estimated,0,,1
be_cocksure,direct_speech,0,estimated,0,,1
be_cocksure,subjunctive_comp,0,estimated,0,,1
be_cocksure,comp_for_to,0,estimated,0,,1
be_cocksure,comp_bare_inf,0,estimated,0,,1
be_cocksure,comp_exclamative,0,estimated,0,,1
be_cocksure,comp_poss_ing,0,estimated,0,,1
be_cocksure,extraposition,0,estimated,0,,1
be_cocksure,raising,0,estimated,0,,1
be_cocksure,ditransitive,0,na,0,,
be_cocksure,factive_passive,0,na,0,,
be_cocksure,neg_raising,0,estimated,0,,1
be_cocksure,weak_island,0,estimated,0,,1
be_cocksure,pro_complement,0,estimated,0,,1
be_cocksure,npi_licenser,0,estimated,0,,1
be_cocksure,stative,1,estimated,0,,1
be_cocksure,content_noun_fact,0,estimated,0,,1
be_cocksure,derived_nominal,0,estimated,0,,1
be_cocksure,phrasal,0,lexical,0,,
be_cocksure,be_copula,1,lexical,0,,
be_cognizant,that_omission,1,estimated,0,,1
be_cognizant,comp_inf,0,estimated,0,,1
be_cognizant,ecm,0,estimated,0,,1
be_cognizant,comp_interrog,0,estimated,0,,1
be_cognizant,comp_gerund,0,estimated,0,,1
be_cognizant,comp_small_clause,0,estimated,0,,1
be_cognizant,np_comp_alt,0,estimated,0,,1
be_cognizant,direct_speech,0,estimated,0,,1
be_cognizant,subjunctive_comp,0,estimated,0,,1
be_cognizant,comp_for_to,0,estimated,0,,1
be_cognizant,comp_bare_inf,0,estimated,0,,1
be_cognizant,comp_exclamative,0,estimated,0,,1
be_cognizant,comp_poss_ing,0,estimated,0,,1
be_cognizant,extraposition,0,estimated,0,,1
be_cognizant,raising,0,estimated,0,,1
be_cognizant,ditransitive,0,na,0,,
be_cognizant,factive_passive,0,na,0,,
be_cognizant,neg_raising,0,estimated,0,,1
be_cognizant,weak_island,0,estimated,0,,1
be_cognizant,pro_complement,0,estimated,0,,1
be_cognizant,npi_licenser,0,estimated,0,,1
be_cognizant,stative,1,estimated,0,,1
be_cognizant,content_noun_fact,0,estimated,0,,1
be_cognizant,derived_nominal,0,estimated,0,,1
be_cognizant,phrasal,0,lexical,0,,
be_cognizant,be_copula,1,lexical,0,,
be_concerned,that_omission,1,estimated,0,,1
be_concerned,comp_inf,0,estimated,0,,1
be_concerned,ecm,0,estimated,0,,1
be_concerned,comp_interrog,0,estimated,0,,1
be_concerned,comp_gerund,1,estimated,0,,1
be_concerned,comp_small_clause,0,estimated,0,,1
be_concerned,np_comp_alt,0,estimated,0,,1
be_concerned,direct_speech,0,estimated,0,,1
be_concerned,subjunctive_comp,0,estimated,0,,1
be_concerned,comp_for_to,0,estimated,0,,1
be_concerned,comp_bare_inf,0,estimated,0,,1
be_concerned,comp_exclamative,0,estimated,0,,1
be_concerned,comp_poss_ing,0,estimated,0,,1
be_concerned,extraposition,0,estimated,0,,1
be_concerned,raising,0,estimated,0,,1
be_concerned,ditransitive,0,na,0,,
be_concerned,factive_passive,0,na,0,,
be_concerned,neg_raising,0,estimated,0,,1
be_concerned,weak_island,0,estimated,0,,1
be_concerned,pro_complement,0,estimated,0,,1
be_concerned,npi_licenser,0,estimated,0,,1
be_concerned,stative,1,estimated,0,,1
be_concerned,content_noun_fact,1,estimated,0,,1
be_concerned,derived_nominal,0,estimated,0,,1
be_concerned,phrasal,0,lexical,0,,
be_concerned,be_copula,1,lexical,0,,
concur,that_omission,1,estimated,0,,1
concur,comp_inf,0,estimated,0,,1
concur,ecm,0,estimated,0,,1
concur,comp_interrog,1,estimated,0,,1
concur,comp_gerund,0,estimated,0,,1
concur,comp_small_clause,0,estimated,0,,1
concur,np_comp_alt,0,estimated,0,,1
concur,direct_speech,1,estimated,0,,1
concur,subjunctive_comp,0,estimated,0,,1
concur,comp_for_to,0,estimated,0,,1
concur,comp_bare_inf,0,estimated,0,,1
concur,comp_exclamative,0,estimated,0,,1
concur,comp_poss_ing,0,estimated,0,,1
concur,extraposition,0,estimated,0,,1
concur,raising,0,estimated,0,,1
concur,ditransitive,0,estimated,0,,1
concur,factive_passive,0,estimated,0,,1
concur,neg_raising,0,estimated,0,,1
concur,weak_island,0,estimated,0,,1
concur,pro_complement,0,estimated,0,,1
concur,npi_licenser,0,estimated,0,,1
concur,stative,0,estimated,0,,1
concur,content_noun_fact,0,estimated,0,,1
concur,derived_nominal,0,estimated,0,,1
concur,phrasal,0,lexical,0,,
concur,be_copula,0,lexical,0,,
continue,that_omission,1,estimated,0,,1
continue,comp_inf,0,estimated,0,,1
continue,ecm,0,estimated,0,,1
continue,comp_interrog,1,estimated,0,,1
continue,comp_gerund,0,estimated,0,,1
continue,comp_small_clause,0,estimated,0,,1
continue,np_comp_alt,0,estimated,0,,1
continue,direct_speech,1,estimated,0,,1
continue,subjunctive_comp,0,estimated,0,,1
continue,comp_for_to,0,estimated,0,,1
continue,comp_bare_inf,0,estimated,0,,1
continue,comp_exclamative,0,estimated,0,,1
continue,comp_poss_ing,0,estimated,0,,1
continue,extraposition,0,estimated,0,,1
continue,raising,0,estimated,0,,1
continue,ditransitive,0,estimated,0,,1
continue,factive_passive,0,estimated,0,,1
continue,neg_raising,0,estimated,0,,1
continue,weak_island,0,estimated,0,,1
continue,pro_complement,0,estimated,0,,1
continue,npi_licenser,0,estimated,0,,1
continue,stative,0,estimated,0,,1
continue,content_noun_fact,0,estimated,0,,1
continue,derived_nominal,0,estimated,0,,1
continue,phrasal,0,lexical,0,,
continue,be_copula,0,lexical,0,,
coo,that_omission,1,estimated,0,,1
coo,comp_inf,0,estimated,0,,1
coo,ecm,0,estimated,0,,1
coo,comp_interrog,1,estimated,0,,1
coo,comp_gerund,0,estimated,0,,1
coo,comp_small_clause,0,estimated,0,,1
coo,np_comp_alt,0,estimated,0,,1
coo,direct_speech,1,estimated,0,,1
coo,subjunctive_comp,0,estimated,0,,1
coo,comp_for_to,0,estimated,0,,1
coo,comp_bare_inf,0,estimated,0,,1
coo,comp_exclamative,0,estimated,0,,1
coo,comp_poss_ing,0,estimated,0,,1
coo,extraposition,0,estimated,0,,1
coo,raising,0,estimated,0,,1
coo,ditransitive,0,estimated,0,,1
coo,factive_passive,0,estimated,0,,1
coo,neg_raising,0,estimated,0,,1
coo,weak_island,0,estimated,0,,1
coo,pro_complement,0,estimated,0,,1
coo,npi_licenser,0,estimated,0,,1
coo,stative,0,estimated,0,,1
coo,content_noun_fact,0,estimated,0,,1
coo,derived_nominal,0,estimated,0,,1
coo,phrasal,0,lexical,0,,
coo,be_copula,0,lexical,0,,
correct,that_omission,1,estimated,0,,1
correct,comp_inf,0,estimated,0,,1
correct,ecm,0,estimated,0,,1
correct,comp_interrog,1,estimated,0,,1
correct,comp_gerund,0,estimated,0,,1
correct,comp_small_clause,0,estimated,0,,1
correct,np_comp_alt,0,estimated,0,,1
correct,direct_speech,1,estimated,0,,1
correct,subjunctive_comp,0,estimated,0,,1
correct,comp_for_to,0,estimated,0,,1
correct,comp_bare_inf,0,estimated,0,,1
correct,comp_exclamative,0,estimated,0,,1
correct,comp_poss_ing,0,estimated,0,,1
correct,extraposition,0,estimated,0,,1
correct,raising,0,estimated,0,,1
correct,ditransitive,0,estimated,0,,1
correct,factive_passive,0,estimated,0,,1
correct,neg_raising,0,estimated,0,,1
correct,weak_island,0,estimated,0,,1
correct,pro_complement,0,estimated,0,,1
correct,npi_licenser,0,estimated,0,,1
correct,stative,0,estimated,0,,1
correct,content_noun_fact,0,estimated,0,,1
correct,derived_nominal,0,estimated,0,,1
correct,phrasal,0,lexical,0,,
correct,be_copula,0,lexical,0,,
counter,that_omission,1,estimated,0,,1
counter,comp_inf,0,estimated,0,,1
counter,ecm,0,estimated,0,,1
counter,comp_interrog,1,estimated,0,,1
counter,comp_gerund,0,estimated,0,,1
counter,comp_small_clause,0,estimated,0,,1
counter,np_comp_alt,0,estimated,0,,1
counter,direct_speech,1,estimated,0,,1
counter,subjunctive_comp,0,estimated,0,,1
counter,comp_for_to,0,estimated,0,,1
counter,comp_bare_inf,0,estimated,0,,1
counter,comp_exclamative,0,estimated,0,,1
counter,comp_poss_ing,0,estimated,0,,1
counter,extraposition,0,estimated,0,,1
counter,raising,0,estimated,0,,1
counter,ditransitive,0,estimated,0,,1
counter,factive_passive,0,estimated,0,,1
counter,neg_raising,0,estimated,0,,1
counter,weak_island,0,estimated,0,,1
counter,pro_complement,0,estimated,0,,1
counter,npi_licenser,0,estimated,0,,1
counter,stative,0,estimated,0,,1
counter,content_noun_fact,0,estimated,0,,1
counter,derived_nominal,0,estimated,0,,1
counter,phrasal,0,lexical,0,,
counter,be_copula,0,lexical,0,,
criticize,that_omission,1,estimated,0,,1
criticize,comp_inf,0,estimated,0,,1
criticize,ecm,0,estimated,0,,1
criticize,comp_interrog,1,estimated,0,,1
criticize,comp_gerund,0,estimated,0,,1
criticize,comp_small_clause,0,estimated,0,,1
criticize,np_comp_alt,0,estimated,0,,1
criticize,direct_speech,1,estimated,0,,1
criticize,subjunctive_comp,0,estimated,0,,1
criticize,comp_for_to,0,estimated,0,,1
criticize,comp_bare_inf,0,estimated,0,,1
criticize,comp_exclamative,0,estimated,0,,1
criticize,comp_poss_ing,0,estimated,0,,1
criticize,extraposition,0,estimated,0,,1
criticize,raising,0,estimated,0,,1
criticize,ditransitive,0,estimated,0,,1
criticize,factive_passive,0,estimated,0,,1
criticize,neg_raising,0,estimated,0,,1
criticize,weak_island,0,estimated,0,,1
criticize,pro_complement,0,estimated,0,,1
criticize,npi_licenser,0,estimated,0,,1
criticize,stative,0,estimated,0,,1
criticize,content_noun_fact,0,estimated,0,,1
criticize,derived_nominal,0,estimated,0,,1
criticize,phrasal,0,lexical,0,,
criticize,be_copula,0,lexical,0,,
cry_out,that_omission,1,estimated,0,,1
cry_out,comp_inf,0,estimated,0,,1
cry_out,ecm,0,estimated,0,,1
cry_out,comp_interrog,1,estimated,0,,1
cry_out,comp_gerund,0,estimated,0,,1
cry_out,comp_small_clause,0,estimated,0,,1
cry_out,np_comp_alt,0,estimated,0,,1
cry_out,direct_speech,1,estimated,0,,1
cry_out,subjunctive_comp,0,estimated,0,,1
cry_out,comp_for_to,0,estimated,0,,1
cry_out,comp_bare_inf,0,estimated,0,,1
cry_out,comp_exclamative,0,estimated,0,,1
cry_out,comp_poss_ing,0,estimated,0,,1
cry_out,extraposition,0,estimated,0,,1
cry_out,raising,0,estimated,0,,1
cry_out,ditransitive,0,estimated,0,,1
cry_out,factive_passive,0,estimated,0,,1
cry_out,neg_raising,0,estimated,0,,1
cry_out,weak_island,0,estimated,0,,1
cry_out,pro_complement,0,estimated,0,,1
cry_out,npi_licenser,0,estimated,0,,1
cry_out,stative,0,estimated,0,,1
cry_out,content_noun_fact,0,estimated,0,,1
cry_out,derived_nominal,0,estimated,0,,1
cry_out,phrasal,1,lexical,0,,
cry_out,be_copula,0,lexical,0,,
be_delirious,that_omission,1,estimated,0,,1
be_delirious,comp_inf,0,estimated,0,,1
be_delirious,ecm,0,estimated,0,,1
be_delirious,comp_interrog,0,estimated,0,,1
be_delirious,comp_gerund,1,estimated,0,,1
be_delirious,comp_small_clause,0,estimated,0,,1
be_delirious,np_comp_alt,0,estimated,0,,1
be_delirious,direct_speech,0,estimated,0,,1
be_delirious,subjunctive_comp,0,estimated,0,,1
be_delirious,comp_for_to,0,estimated,0,,1
be_delirious,comp_bare_inf,0,estimated,0,,1
be_delirious,comp_exclamative,0,estimated,0,,1
be_delirious,comp_poss_ing,0,estimated,0,,1
be_delirious,extraposition,0,estimated,0,,1
be_delirious,raising,0,estimated,0,,1
be_delirious,ditransitive,0,na,0,,
be_delirious,factive_passive,0,na,0,,
be_delirious,neg_raising,0,estimated,0,,1
be_delirious,weak_island,0,estimated,0,,1
be_delirious,pro_complement,0,estimated,0,,1
be_delirious,npi_licenser,0,estimated,0,,1
be_delirious,stative,1,estimated,0,,1
be_delirious,content_noun_fact,1,estimated,0,,1
be_delirious,derived_nominal,0,estimated,0,,1
be_delirious,phrasal,0,lexical,0,,
be_delirious,be_copula,1,lexical,0,,
demur,that_omission,1,estimated,0,,1
demur,comp_inf,0,estimated,0,,1
demur,ecm,0,estimated,0,,1
demur,comp_interrog,1,estimated,0,,1
demur,comp_gerund,0,estimated,0,,1
demur,comp_small_clause,0,estimated,0,,1
demur,np_comp_alt,0,estimated,0,,1
demur,direct_speech,1,estimated,0,,1
demur,subjunctive_comp,0,estimated,0,,1
demur,comp_for_to,0,estimated,0,,1
demur,comp_bare_inf,0,estimated,0,,1
demur,comp_exclamative,0,estimated,0,,1
demur,comp_poss_ing,0,estimated,0,,1
demur,extraposition,0,estimated,0,,1
demur,raising,0,estimated,0,,1
demur,ditransitive,0,estimated,0,,1
demur,factive_passive,0,estimated,0,,1
demur,neg_raising,0,estimated,0,,1
demur,weak_island,0,estimated,0,,1
demur,pro_complement,0,estimated,0,,1
demur,npi_licenser,0,estimated,0,,1
demur,stative,0,estimated,0,,1
demur,content_noun_fact,0,estimated,0,,1
demur,derived_nominal,0,estimated,0,,1
demur,phrasal,0,lexical,0,,
demur,be_copula,0,lexical,0,,
be_depressed,that_omission,1,estimated,0,,1
be_depressed,comp_inf,0,estimated,0,,1
be_depressed,ecm,0,estimated,0,,1
be_depressed,comp_interrog,0,estimated,0,,1
be_depressed,comp_gerund,1,estimated,0,,1
be_depressed,comp_small_clause,0,estimated,0,,1
be_depressed,np_comp_alt,0,estimated,0,,1
be_depressed,direct_speech,0,estimated,0,,1
be_depressed,subjunctive_comp,0,estimated,0,,1
be_depressed,comp_for_to,0,estimated,0,,1
be_depressed,comp_bare_inf,0,estimated,0,,1
be_depressed,comp_exclamative,0,estimated,0,,1
be_depressed,comp_poss_ing,0,estimated,0,,1
be_depressed,extraposition,0,estimated,0,,1
be_depressed,raising,0,estimated,0,,1
be_depressed,ditransitive,0,na,0,,
be_depressed,factive_passive,0,na,0,,
be_depressed,neg_raising,0,estimated,0,,1
be_depressed,weak_island,0,estimated,0,,1
be_depressed,pro_complement,0,estimated,0,,1
be_depressed,npi_licenser,0,estimated,0,,1
be_depressed,stative,1,estimated,0,,1
be_depressed,content_noun_fact,1,estimated,0,,1
be_depressed,derived_nominal,0,estimated,0,,1
be_depressed,phrasal,0,lexical,0,,
be_depressed,be_copula,1,lexical,0,,
be_depressing,that_omission,1,estimated,0,,1
be_depressing,comp_inf,0,estimated,0,,1
be_depressing,ecm,0,estimated,0,,1
be_depressing,comp_interrog,0,estimated,0,,1
be_depressing,comp_gerund,1,estimated,0,,1
be_depressing,comp_small_clause,0,estimated,0,,1
be_depressing,np_comp_alt,0,estimated,0,,1
be_depressing,direct_speech,0,estimated,0,,1
be_depressing,subjunctive_comp,0,estimated,0,,1
be_depressing,comp_for_to,0,estimated,0,,1
be_depressing,comp_bare_inf,0,estimated,0,,1
be_depressing,comp_exclamative,0,estimated,0,,1
be_depressing,comp_poss_ing,0,estimated,0,,1
be_depressing,extraposition,0,estimated,0,,1
be_depressing,raising,0,estimated,0,,1
be_depressing,ditransitive,0,na,0,,
be_depressing,factive_passive,0,na,0,,
be_depressing,neg_raising,0,estimated,0,,1
be_depressing,weak_island,0,estimated,0,,1
be_depressing,pro_complement,0,estimated,0,,1
be_depressing,npi_licenser,0,estimated,0,,1
be_depressing,stative,1,estimated,0,,1
be_depressing,content_noun_fact,1,estimated,0,,1
be_depressing,derived_nominal,0,estimated,0,,1
be_depressing,phrasal,0,lexical,0,,
be_depressing,be_copula,1,lexical,0,,
be_despairing,that_omission,1,estimated,0,,1
be_despairing,comp_inf,0,estimated,0,,1
be_despairing,ecm,0,estimated,0,,1
be_despairing,comp_interrog,0,estimated,0,,1
be_despairing,comp_gerund,1,estimated,0,,1
be_despairing,comp_small_clause,0,estimated,0,,1
be_despairing,np_comp_alt,0,estimated,0,,1
be_despairing,direct_speech,0,estimated,0,,1
be_despairing,subjunctive_comp,0,estimated,0,,1
be_despairing,comp_for_to,0,estimated,0,,1
be_despairing,comp_bare_inf,0,estimated,0,,1
be_despairing,comp_exclamative,0,estimated,0,,1
be_despairing,comp_poss_ing,0,estimated,0,,1
be_despairing,extraposition,0,estimated,0,,1
be_despairing,raising,0,estimated,0,,1
be_despairing,ditransitive,0,na,0,,
be_despairing,factive_passive,0,na,0,,
be_despairing,neg_raising,0,estimated,0,,1
be_despairing,weak_island,0,estimated,0,,1
be_despairing,pro_complement,0,estimated,0,,1
be_despairing,npi_licenser,0,estimated,0,,1
be_despairing,stative,1,estimated,0,,1
be_despairing,content_noun_fact,1,estimated,0,,1
be_despairing,derived_nominal,0,estimated,0,,1
be_despairing,phrasal,0,lexical,0,,
be_despairing,be_copula,1,lexical,0,,
be_disgruntled,that_omission,1,estimated,0,,1
be_disgruntled,comp_inf,0,estimated,0,,1
be_disgruntled,ecm,0,estimated,0,,1
be_disgruntled,comp_interrog,0,estimated,0,,1
be_disgruntled,comp_gerund,1,estimated,0,,1
be_disgruntled,comp_small_clause,0,estimated,0,,1
be_disgruntled,np_comp_alt,0,estimated,0,,1
be_disgruntled,direct_speech,0,estimated,0,,1
be_disgruntled,subjunctive_comp,0,estimated,0,,1
be_disgruntled,comp_for_to,0,estimated,0,,1
be_disgruntled,comp_bare_inf,0,estimated,0,,1
be_disgruntled,comp_exclamative,0,estimated,0,,1
be_disgruntled,comp_poss_ing,0,estimated,0,,1
be_disgruntled,extraposition,0,estimated,0,,1
be_disgruntled,raising,0,estimated,0,,1
be_disgruntled,ditransitive,0,na,0,,
be_disgruntled,factive_passive,0,na,0,,
be_disgruntled,neg_raising,0,estimated,0,,1
be_disgruntled,weak_island,0,estimated,0,,1
be_disgruntled,pro_complement,0,estimated,0,,1
be_disgruntled,npi_licenser,0,estimated,0,,1
be_disgruntled,stative,1,estimated,0,,1
be_disgruntled,content_noun_fact,1,estimated,0,,1
be_disgruntled,derived_nominal,0,estimated,0,,1
be_disgruntled,phrasal,0,lexical,0,,
be_disgruntled,be_copula,1,lexical,0,,
be_disgusted,that_omission,1,estimated,0,,1
be_disgusted,comp_inf,0,estimated,0,,1
be_disgusted,ecm,0,estimated,0,,1
be_disgusted,comp_interrog,0,estimated,0,,1
be_disgusted,comp_gerund,1,estimated,0,,1
be_disgusted,comp_small_clause,0,estimated,0,,1
be_disgusted,np_comp_alt,0,estimated,0,,1
be_disgusted,direct_speech,0,estimated,0,,1
be_disgusted,subjunctive_comp,0,estimated,0,,1
be_disgusted,comp_for_to,0,estimated,0,,1
be_disgusted,comp_bare_inf,0,estimated,0,,1
be_disgusted,comp_exclamative,0,estimated,0,,1
be_disgusted,comp_poss_ing,0,estimated,0,,1
be_disgusted,extraposition,0,estimated,0,,1
be_disgusted,raising,0,estimated,0,,1
be_disgusted,ditransitive,0,na,0,,
be_disgusted,factive_passive,0,na,0,,
be_disgusted,neg_raising,0,estimated,0,,1
be_disgusted,weak_island,0,estimated,0,,1
be_disgusted,pro_complement,0,estimated,0,,1
be_disgusted,npi_licenser,0,estimated,0,,1
be_disgusted,stative,1,estimated,0,,1
be_disgusted,content_noun_fact,1,estimated,0,,1
be_disgusted,derived_nominal,0,estimated,0,,1
be_disgusted,phrasal,0,lexical,0,,
be_disgusted,be_copula,1,lexical,0,,
be_dismayed,that_omission,1,estimated,0,,1
be_dismayed,comp_inf,0,estimated,0,,1
be_dismayed,ecm,0,estimated,0,,1
be_dismayed,comp_interrog,0,estimated,0,,1
be_dismayed,comp_gerund,1,estimated,0,,1
be_dismayed,comp_small_clause,0,estimated,0,,1
be_dismayed,np_comp_alt,0,estimated,0,,1
be_dismayed,direct_speech,0,estimated,0,,1
be_dismayed,subjunctive_comp,0,estimated,0,,1
be_dismayed,comp_for_to,0,estimated,0,,1
be_dismayed,comp_bare_inf,0,estimated,0,,1
be_dismayed,comp_exclamative,0,estimated,0,,1
be_dismayed,comp_poss_ing,0,estimated,0,,1
be_dismayed,extraposition,0,estimated,0,,1
be_dismayed,raising,0,estimated,0,,1
be_dismayed,ditransitive,0,na,0,,
be_dismayed,factive_passive,0,na,0,,
be_dismayed,neg_raising,0,estimated,0,,1
be_dismayed,weak_island,0,estimated,0,,1
be_dismayed,pro_complement,0,estimated,0,,1
be_dismayed,npi_licenser,0,estimated,0,,1
be_dismayed,stative,1,estimated,0,,1
be_dismayed,content_noun_fact,1,estimated,0,,1
be_dismayed,derived_nominal,0,estimated,0,,1
be_dismayed,phrasal,0,lexical,0,,
be_dismayed,be_copula,1,lexical,0,,
be_displeased,that_omission,1,estimated,0,,1
be_displeased,comp_inf,0,estimated,0,,1
be_displeased,ecm,0,estimated,0,,1
be_displeased,comp_interrog,0,estimated,0,,1
be_displeased,comp_gerund,1,estimated,0,,1
be_displeased,comp_small_clause,0,estimated,0,,1
be_displeased,np_comp_alt,0,estimated,0,,1
be_displeased,direct_speech,0,estimated,0,,1
be_displeased,subjunctive_comp,0,estimated,0,,1
be_displeased,comp_for_to,0,estimated,0,,1
be_displeased,comp_bare_inf,0,estimated,0,,1
be_displeased,comp_exclamative,0,estimated,0,,1
be_displeased,comp_poss_ing,0,estimated,0,,1
be_displeased,extraposition,0,estimated,0,,1
be_displeased,raising,0,estimated,0,,1
be_displeased,ditransitive,0,na,0,,
be_displeased,factive_passive,0,na,0,,
be_displeased,neg_raising,0,estimated,0,,1
be_displeased,weak_island,0,estimated,0,,1
be_displeased,pro_complement,0,estimated,0,,1
be_displeased,npi_licenser,0,estimated,0,,1
be_displeased,stative,1,estimated,0,,1
be_displeased,content_noun_fact,1,estimated,0,,1
be_displeased,derived_nominal,0,estimated,0,,1
be_displeased,phrasal,0,lexical,0,,
be_displeased,be_copula,1,lexical,0,,
be_dissatisfied,that_omission,1,estimated,0,,1
be_dissatisfied,comp_inf,0,estimated,0,,1
be_dissatisfied,ecm,0,estimated,0,,1
be_dissatisfied,comp_interrog,0,estimated,0,,1
be_dissatisfied,comp_gerund,1,estimated,0,,1
be_dissatisfied,comp_small_clause,0,estimated,0,,1
be_dissatisfied,np_comp_alt,0,estimated,0,,1
be_dissatisfied,direct_speech,0,estimated,0,,1
be_dissatisfied,subjunctive_comp,0,estimated,0,,1
be_dissatisfied,comp_for_to,0,estimated,0,,1
be_dissatisfied,comp_bare_inf,0,estimated,0,,1
be_dissatisfied,comp_exclamative,0,estimated,0,,1
be_dissatisfied,comp_poss_ing,0,estimated,0,,1
be_dissatisfied,extraposition,0,estimated,0,,1
be_dissatisfied,raising,0,estimated,0,,1
be_dissatisfied,ditransitive,0,na,0,,
be_dissatisfied,factive_passive,0,na,0,,
be_dissatisfied,neg_raising,0,estimated,0,,1
be_dissatisfied,weak_island,0,estimated,0,,1
be_dissatisfied,pro_complement,0,estimated,0,,1
be_dissatisfied,npi_licenser,0,estimated,0,,1
be_dissatisfied,stative,1,estimated,0,,1
be_dissatisfied,content_noun_fact,1,estimated,0,,1
be_dissatisfied,derived_nominal,0,estimated,0,,1
be_dissatisfied,phrasal,0,lexical,0,,
be_dissatisfied,be_copula,1,lexical,0,,
be_distraught,that_omission,1,estimated,0,,1
be_distraught,comp_inf,0,estimated,0,,1
be_distraught,ecm,0,estimated,0,,1
be_distraught,comp_interrog,0,estimated,0,,1
be_distraught,comp_gerund,1,estimated,0,,1
be_distraught,comp_small_clause,0,estimated,0,,1
be_distraught,np_comp_alt,0,estimated,0,,1
be_distraught,direct_speech,0,estimated,0,,1
be_distraught,subjunctive_comp,0,estimated,0,,1
be_distraught,comp_for_to,0,estimated,0,,1
be_distraught,comp_bare_inf,0,estimated,0,,1
be_distraught,comp_exclamative,0,estimated,0,,1
be_distraught,comp_poss_ing,0,estimated,0,,1
be_distraught,extraposition,0,estimated,0,,1
be_distraught,raising,0,estimated,0,,1
be_distraught,ditransitive,0,na,0,,
be_distraught,factive_passive,0,na,0,,
be_distraught,neg_raising,0,estimated,0,,1
be_distraught,weak_island,0,estimated,0,,1
be_distraught,pro_complement,0,estimated,0,,1
be_distraught,npi_licenser,0,estimated,0,,1
be_distraught,stative,1,estimated,0,,1
be_distraught,content_noun_fact,1,estimated,0,,1
be_distraught,derived_nominal,0,estimated,0,,1
be_distraught,phrasal,0,lexical,0,,
be_distraught,be_copula,1,lexical,0,,
be_doubtful,that_omission,1,estimated,0,,1
be_doubtful,comp_inf,0,estimated,0,,1
be_doubtful,ecm,0,estimated,0,,1
be_doubtful,comp_interrog,0,estimated,0,,1
be_doubtful,comp_gerund,0,estimated,0,,1
be_doubtful,comp_small_clause,0,estimated,0,,1
be_doubtful,np_comp_alt,0,estimated,0,,1
be_doubtful,direct_speech,0,estimated,0,,1
be_doubtful,subjunctive_comp,0,estimated,0,,1
be_doubtful,comp_for_to,0,estimated,0,,1
be_doubtful,comp_bare_inf,0,estimated,0,,1
be_doubtful,comp_exclamative,0,estimated,0,,1
be_doubtful,comp_poss_ing,0,estimated,0,,1
be_doubtful,extraposition,0,estimated,0,,1
be_doubtful,raising,0,estimated,0,,1
be_doubtful,ditransitive,0,na,0,,
be_doubtful,factive_passive,0,na,0,,
be_doubtful,neg_raising,0,estimated,0,,1
be_doubtful,weak_island,0,estimated,0,,1
be_doubtful,pro_complement,0,estimated,0,,1
be_doubtful,npi_licenser,0,estimated,0,,1
be_doubtful,stative,1,estimated,0,,1
be_doubtful,content_noun_fact,0,estimated,0,,1
be_doubtful,derived_nominal,0,estimated,0,,1
be_doubtful,phrasal,0,lexical,0,,
be_doubtful,be_copula,1,lexical,0,,
be_dubious,that_omission,1,estimated,0,,1
be_dubious,comp_inf,0,estimated,0,,1
be_dubious,ecm,0,estimated,0,,1
be_dubious,comp_interrog,0,estimated,0,,1
be_dubious,comp_gerund,0,estimated,0,,1
be_dubious,comp_small_clause,0,estimated,0,,1
be_dubious,np_comp_alt,0,estimated,0,,1
be_dubious,direct_speech,0,estimated,0,,1
be_dubious,subjunctive_comp,0,estimated,0,,1
be_dubious,comp_for_to,0,estimated,0,,1
be_dubious,comp_bare_inf,0,estimated,0,,1
be_dubious,comp_exclamative,0,estimated,0,,1
be_dubious,comp_poss_ing,0,estimated,0,,1
be_dubious,extraposition,0,estimated,0,,1
be_dubious,raising,0,estimated,0,,1
be_dubious,ditransitive,0,na,0,,
be_dubious,factive_passive,0,na,0,,
be_dubious,neg_raising,0,estimated,0,,1
be_dubious,weak_island,0,estimated,0,,1
be_dubious,pro_complement,0,estimated,0,,1
be_dubious,npi_licenser,0,estimated,0,,1
be_dubious,stative,1,estimated,0,,1
be_dubious,content_noun_fact,0,estimated,0,,1
be_dubious,derived_nominal,0,estimated,0,,1
be_dubious,phrasal,0,lexical,0,,
be_dubious,be_copula,1,lexical,0,,
be_ecstatic,that_omission,1,estimated,0,,1
be_ecstatic,comp_inf,0,estimated,0,,1
be_ecstatic,ecm,0,estimated,0,,1
be_ecstatic,comp_interrog,0,estimated,0,,1
be_ecstatic,comp_gerund,1,estimated,0,,1
be_ecstatic,comp_small_clause,0,estimated,0,,1
be_ecstatic,np_comp_alt,0,estimated,0,,1
be_ecstatic,direct_speech,0,estimated,0,,1
be_ecstatic,subjunctive_comp,0,estimated,0,,1
be_ecstatic,comp_for_to,0,estimated,0,,1
be_ecstatic,comp_bare_inf,0,estimated,0,,1
be_ecstatic,comp_exclamative,0,estimated,0,,1
be_ecstatic,comp_poss_ing,0,estimated,0,,1
be_ecstatic,extraposition,0,estimated,0,,1
be_ecstatic,raising,0,estimated,0,,1
be_ecstatic,ditransitive,0,na,0,,
be_ecstatic,factive_passive,0,na,0,,
be_ecstatic,neg_raising,0,estimated,0,,1
be_ecstatic,weak_island,0,estimated,0,,1
be_ecstatic,pro_complement,0,estimated,0,,1
be_ecstatic,npi_licenser,0,estimated,0,,1
be_ecstatic,stative,1,estimated,0,,1
be_ecstatic,content_noun_fact,1,estimated,0,,1
be_ecstatic,derived_nominal,0,estimated,0,,1
be_ecstatic,phrasal,0,lexical,0,,
be_ecstatic,be_copula,1,lexical,0,,
editorialize,that_omission,1,estimated,0,,1
editorialize,comp_inf,0,estimated,0,,1
editorialize,ecm,0,estimated,0,,1
editorialize,comp_interrog,1,estimated,0,,1
editorialize,comp_gerund,0,estimated,0,,1
editorialize,comp_small_clause,0,estimated,0,,1
editorialize,np_comp_alt,0,estimated,0,,1
editorialize,direct_speech,1,estimated,0,,1
editorialize,subjunctive_comp,0,estimated,0,,1
editorialize,comp_for_to,0,estimated,0,,1
editorialize,comp_bare_inf,0,estimated,0,,1
editorialize,comp_exclamative,0,estimated,0,,1
editorialize,comp_poss_ing,0,estimated,0,,1
editorialize,extraposition,0,estimated,0,,1
editorialize,raising,0,estimated,0,,1
editorialize,ditransitive,0,estimated,0,,1
editorialize,factive_passive,0,estimated,0,,1
editorialize,neg_raising,0,estimated,0,,1
editorialize,weak_island,0,estimated,0,,1
editorialize,pro_complement,0,estimated,0,,1
editorialize,npi_licenser,0,estimated,0,,1
editorialize,stative,0,estimated,0,,1
editorialize,content_noun_fact,0,estimated,0,,1
editorialize,derived_nominal,0,estimated,0,,1
editorialize,phrasal,0,lexical,0,,
editorialize,be_copula,0,lexical,0,,
be_elated,that_omission,1,estimated,0,,1
be_elated,comp_inf,0,estimated,0,,1
be_elated,ecm,0,estimated,0,,1
be_elated,comp_interrog,0,estimated,0,,1
be_elated,comp_gerund,1,estimated,0,,1
be_elated,comp_small_clause,0,estimated,0,,1
be_elated,np_comp_alt,0,estimated,0,,1
be_elated,direct_speech,0,estimated,0,,1
be_elated,subjunctive_comp,0,estimated,0,,1
be_elated,comp_for_to,0,estimated,0,,1
be_elated,comp_bare_inf,0,estimated,0,,1
be_elated,comp_exclamative,0,estimated,0,,1
be_elated,comp_poss_ing,0,estimated,0,,1
be_elated,extraposition,0,estimated,0,,1
be_elated,raising,0,estimated,0,,1
be_elated,ditransitive,0,na,0,,
be_elated,factive_passive,0,na,0,,
be_elated,neg_raising,0,estimated,0,,1
be_elated,weak_island,0,estimated,0,,1
be_elated,pro_complement,0,estimated,0,,1
be_elated,npi_licenser,0,estimated,0,,1
be_elated,stative,1,estimated,0,,1
be_elated,content_noun_fact,1,estimated,0,,1
be_elated,derived_nominal,0,estimated,0,,1
be_elated,phrasal,0,lexical,0,,
be_elated,be_copula,1,lexical,0,,
be_embarrassed,that_omission,1,estimated,0,,1
be_embarrassed,comp_inf,0,estimated,0,,1
be_embarrassed,ecm,0,estimated,0,,1
be_embarrassed,comp_interrog,0,estimated,0,,1
be_embarrassed,comp_gerund,1,estimated,0,,1
be_embarrassed,comp_small_clause,0,estimated,0,,1
be_embarrassed,np_comp_alt,0,estimated,0,,1
be_embarrassed,direct_speech,0,estimated,0,,1
be_embarrassed,subjunctive_comp,0,estimated,0,,1
be_embarrassed,comp_for_to,0,estimated,0,,1
be_embarrassed,comp_bare_inf,0,estimated,0,,1
be_embarrassed,comp_exclamative,0,estimated,0,,1
be_embarrassed,comp_poss_ing,0,estimated,0,,1
be_embarrassed,extraposition,0,estimated,0,,1
be_embarrassed,raising,0,estimated,0,,1
be_embarrassed,ditransitive,0,na,0,,
be_embarrassed,factive_passive,0,na,0,,
be_embarrassed,neg_raising,0,estimated,0,,1
be_embarrassed,weak_island,0,estimated,0,,1
be_embarrassed,pro_complement,0,estimated,0,,1
be_embarrassed,npi_licenser,0,estimated,0,,1
be_embarrassed,stative,1,estimated,0,,1
be_embarrassed,content_noun_fact,1,estimated,0,,1
be_embarrassed,derived_nominal,0,estimated,0,,1
be_embarrassed,phrasal,0,lexical,0,,
be_embarrassed,be_copula,1,lexical,0,,
be_emphatic,that_omission,1,estimated,0,,1
be_emphatic,comp_inf,0,estimated,0,,1
be_emphatic,ecm,0,estimated,0,,1
be_emphatic,comp_interrog,0,estimated,0,,1
be_emphatic,comp_gerund,0,estimated,0,,1
be_emphatic,comp_small_clause,0,estimated,0,,1
be_emphatic,np_comp_alt,0,estimated,0,,1
be_emphatic,direct_speech,0,estimated,0,,1
be_emphatic,subjunctive_comp,0,estimated,0,,1
be_emphatic,comp_for_to,0,estimated,0,,1
be_emphatic,comp_bare_inf,0,estimated,0,,1
be_emphatic,comp_exclamative,0,estimated,0,,1
be_emphatic,comp_poss_ing,0,estimated,0,,1
be_emphatic,extraposition,0,estimated,0,,1
be_emphatic,raising,0,estimated,0,,1
be_emphatic,ditransitive,0,na,0,,
be_emphatic,factive_passive,0,na,0,,
be_emphatic,neg_raising,0,estimated,0,,1
be_emphatic,weak_island,0,estimated,0,,1
be_emphatic,pro_complement,0,estimated,0,,1
be_emphatic,npi_licenser,0,estimated,0,,1
be_emphatic,stative,1,estimated,0,,1
be_emphatic,content_noun_fact,0,estimated,0,,1
be_emphatic,derived_nominal,0,estimated,0,,1
be_emphatic,phrasal,0,lexical,0,,
be_emphatic,be_copula,1,lexical,0,,
be_envious,that_omission,1,estimated,0,,1
be_envious,comp_inf,0,estimated,0,,1
be_envious,ecm,0,estimated,0,,1
be_envious,comp_interrog,0,estimated,0,,1
be_envious,comp_gerund,1,estimated,0,,1
be_envious,comp_small_clause,0,estimated,0,,1
be_envious,np_comp_alt,0,estimated,0,,1
be_envious,direct_speech,0,estimated,0,,1
be_envious,subjunctive_comp,0,estimated,0,,1
be_envious,comp_for_to,0,estimated,0,,1
be_envious,comp_bare_inf,0,estimated,0,,1
be_envious,comp_exclamative,0,estimated,0,,1
be_envious,comp_poss_ing,0,estimated,0,,1
be_envious,extraposition,0,estimated,0,,1
be_envious,raising,0,estimated,0,,1
be_envious,ditransitive,0,na,0,,
be_envious,factive_passive,0,na,0,,
be_envious,neg_raising,0,estimated,0,,1
be_envious,weak_island,0,estimated,0,,1
be_envious,pro_complement,0,estimated,0,,1
be_envious,npi_licenser,0,estimated,0,,1
be_envious,stative,1,estimated,0,,1
be_envious,content_noun_fact,1,estimated,0,,1
be_envious,derived_nominal,0,estimated,0,,1
be_envious,phrasal,0,lexical,0,,
be_envious,be_copula,1,lexical,0,,
envisage,that_omission,1,estimated,0,,1
envisage,comp_inf,0,estimated,0,,1
envisage,ecm,0,estimated,0,,1
envisage,comp_interrog,1,estimated,0,,1
envisage,comp_gerund,0,estimated,0,,1
envisage,comp_small_clause,0,estimated,0,,1
envisage,np_comp_alt,0,estimated,0,,1
envisage,direct_speech,0,estimated,0,,1
envisage,subjunctive_comp,0,estimated,0,,1
envisage,comp_for_to,0,estimated,0,,1
envisage,comp_bare_inf,0,estimated,0,,1
envisage,comp_exclamative,0,estimated,0,,1
envisage,comp_poss_ing,0,estimated,0,,1
envisage,extraposition,0,estimated,0,,1
envisage,raising,0,estimated,0,,1
envisage,ditransitive,0,estimated,0,,1
envisage,factive_passive,0,estimated,0,,1
envisage,neg_raising,0,estimated,0,,1
envisage,weak_island,0,estimated,0,,1
envisage,pro_complement,0,estimated,0,,1
envisage,npi_licenser,0,estimated,0,,1
envisage,stative,1,estimated,0,,1
envisage,content_noun_fact,0,estimated,0,,1
envisage,derived_nominal,0,estimated,0,,1
envisage,phrasal,0,lexical,0,,
envisage,be_copula,0,lexical,0,,
be_euphoric,that_omission,1,estimated,0,,1
be_euphoric,comp_inf,0,estimated,0,,1
be_euphoric,ecm,0,estimated,0,,1
be_euphoric,comp_interrog,0,estimated,0,,1
be_euphoric,comp_gerund,1,estimated,0,,1
be_euphoric,comp_small_clause,0,estimated,0,,1
be_euphoric,np_comp_alt,0,estimated,0,,1
be_euphoric,direct_speech,0,estimated,0,,1
be_euphoric,subjunctive_comp,0,estimated,0,,1
be_euphoric,comp_for_to,0,estimated,0,,1
be_euphoric,comp_bare_inf,0,estimated,0,,1
be_euphoric,comp_exclamative,0,estimated,0,,1
be_euphoric,comp_poss_ing,0,estimated,0,,1
be_euphoric,extraposition,0,estimated,0,,1
be_euphoric,raising,0,estimated,0,,1
be_euphoric,ditransitive,0,na,0,,
be_euphoric,factive_passive,0,na,0,,
be_euphoric,neg_raising,0,estimated,0,,1
be_euphoric,weak_island,0,estimated,0,,1
be_euphoric,pro_complement,0,estimated,0,,1
be_euphoric,npi_licenser,0,estimated,0,,1
be_euphoric,stative,1,estimated,0,,1
be_euphoric,content_noun_fact,1,estimated,0,,1
be_euphoric,derived_nominal,0,estimated,0,,1
be_euphoric,phrasal,0,lexical,0,,
be_euphoric,be_copula,1,lexical,0,,
be_exhilarated,that_omission,1,estimated,0,,1
be_exhilarated,comp_inf,0,estimated,0,,1
be_exhilarated,ecm,0,estimated,0,,1
be_exhilarated,comp_interrog,0,estimated,0,,1
be_exhilarated,comp_gerund,1,estimated,0,,1
be_exhilarated,comp_small_clause,0,estimated,0,,1
be_exhilarated,np_comp_alt,0,estimated,0,,1
be_exhilarated,direct_speech,0,estimated,0,,1
be_exhilarated,subjunctive_comp,0,estimated,0,,1
be_exhilarated,comp_for_to,0,estimated,0,,1
be_exhilarated,comp_bare_inf,0,estimated,0,,1
be_exhilarated,comp_exclamative,0,estimated,0,,1
be_exhilarated,comp_poss_ing,0,estimated,0,,1
be_exhilarated,extraposition,0,estimated,0,,1
be_exhilarated,raising,0,estimated,0,,1
be_exhilarated,ditransitive,0,na,0,,
be_exhilarated,factive_passive,0,na,0,,
be_exhilarated,neg_raising,0,estimated,0,,1
be_exhilarated,weak_island,0,estimated,0,,1
be_exhilarated,pro_complement,0,estimated,0,,1
be_exhilarated,npi_licenser,0,estimated,0,,1
be_exhilarated,stative,1,estimated,0,,1
be_exhilarated,content_noun_fact,1,estimated,0,,1
be_exhilarated,derived_nominal,0,estimated,0,,1
be_exhilarated,phrasal,0,lexical,0,,
be_exhilarated,be_copula,1,lexical,0,,
be_explicit,that_omission,1,estimated,0,,1
be_explicit,comp_inf,0,estimated,0,,1
be_explicit,ecm,0,estimated,0,,1
be_explicit,comp_interrog,0,estimated,0,,1
be_explicit,comp_gerund,0,estimated,0,,1
be_explicit,comp_small_clause,0,estimated,0,,1
be_explicit,np_comp_alt,0,estimated,0,,1
be_explicit,direct_speech,0,estimated,0,,1
be_explicit,subjunctive_comp,0,estimated,0,,1
be_explicit,comp_for_to,0,estimated,0,,1
be_explicit,comp_bare_inf,0,estimated,0,,1
be_explicit,comp_exclamative,0,estimated,0,,1
be_explicit,comp_poss_ing,0,estimated,0,,1
be_explicit,extraposition,0,estimated,0,,1
be_explicit,raising,0,estimated,0,,1
be_explicit,ditransitive,0,na,0,,
be_explicit,factive_passive,0,na,0,,
be_explicit,neg_raising,0,estimated,0,,1
be_explicit,weak_island,0,estimated,0,,1
be_explicit,pro_complement,0,estimated,0,,1
be_explicit,npi_licenser,0,estimated,0,,1
be_explicit,stative,1,estimated,0,,1
be_explicit,content_noun_fact,0,estimated,0,,1
be_explicit,derived_nominal,0,estimated,0,,1
be_explicit,phrasal,0,lexical,0,,
be_explicit,be_copula,1,lexical,0,,
explode,that_omission,1,estimated,0,,1
explode,comp_inf,0,estimated,0,,1
explode,ecm,0,estimated,0,,1
explode,comp_interrog,1,estimated,0,,1
explode,comp_gerund,0,estimated,0,,1
explode,comp_small_clause,0,estimated,0,,1
explode,np_comp_alt,0,estimated,0,,1
explode,direct_speech,1,estimated,0,,1
explode,subjunctive_comp,0,estimated,0,,1
explode,comp_for_to,0,estimated,0,,1
explode,comp_bare_inf,0,estimated,0,,1
explode,comp_exclamative,0,estimated,0,,1
explode,comp_poss_ing,0,estimated,0,,1
explode,extraposition,0,estimated,0,,1
explode,raising,0,estimated,0,,1
explode,ditransitive,0,estimated,0,,1
explode,factive_passive,0,estimated,0,,1
explode,neg_raising,0,estimated,0,,1
explode,weak_island,0,estimated,0,,1
explode,pro_complement,0,estimated,0,,1
explode,npi_licenser,0,estimated,0,,1
explode,stative,0,estimated,0,,1
explode,content_noun_fact,0,estimated,0,,1
explode,derived_nominal,0,estimated,0,,1
explode,phrasal,0,lexical,0,,
explode,be_copula,0,lexical,0,,
expostulate,that_omission,1,estimated,0,,1
expostulate,comp_inf,0,estimated,0,,1
expostulate,ecm,0,estimated,0,,1
expostulate,comp_interrog,1,estimated,0,,1
expostulate,comp_gerund,0,estimated,0,,1
expostulate,comp_small_clause,0,estimated,0,,1
expostulate,np_comp_alt,0,estimated,0,,1
expostulate,direct_speech,1,estimated,0,,1
expostulate,subjunctive_comp,0,estimated,0,,1
expostulate,comp_for_to,0,estimated,0,,1
expostulate,comp_bare_inf,0,estimated,0,,1
expostulate,comp_exclamative,0,estimated,0,,1
expostulate,comp_poss_ing,0,estimated,0,,1
expostulate,extraposition,0,estimated,0,,1
expostulate,raising,0,estimated,0,,1
expostulate,ditransitive,0,estimated,0,,1
expostulate,factive_passive,0,estimated,0,,1
expostulate,neg_raising,0,estimated,0,,1
expostulate,weak_island,0,estimated,0,,1
expostulate,pro_complement,0,estimated,0,,1
expostulate,npi_licenser,0,estimated,0,,1
expostulate,stative,0,estimated,0,,1
expostulate,content_noun_fact,0,estimated,0,,1
expostulate,derived_nominal,0,estimated,0,,1
expostulate,phrasal,0,lexical,0,,
expostulate,be_copula,0,lexical,0,,
be_exultant,that_omission,1,estimated,0,,1
be_exultant,comp_inf,0,estimated,0,,1
be_exultant,ecm,0,estimated,0,,1
be_exultant,comp_interrog,0,estimated,0,,1
be_exultant,comp_gerund,1,estimated,0,,1
be_exultant,comp_small_clause,0,estimated,0,,1
be_exultant,np_comp_alt,0,estimated,0,,1
be_exultant,direct_speech,0,estimated,0,,1
be_exultant,subjunctive_comp,0,estimated,0,,1
be_exultant,comp_for_to,0,estimated,0,,1
be_exultant,comp_bare_inf,0,estimated,0,,1
be_exultant,comp_exclamative,0,estimated,0,,1
be_exultant,comp_poss_ing,0,estimated,0,,1
be_exultant,extraposition,0,estimated,0,,1
be_exultant,raising,0,estimated,0,,1
be_exultant,ditransitive,0,na,0,,
be_exultant,factive_passive,0,na,0,,
be_exultant,neg_raising,0,estimated,0,,1
be_exultant,weak_island,0,estimated,0,,1
be_exultant,pro_complement,0,estimated,0,,1
be_exultant,npi_licenser,0,estimated,0,,1
be_exultant,stative,1,estimated,0,,1
be_exultant,content_noun_fact,1,estimated,0,,1
be_exultant,derived_nominal,0,estimated,0,,1
be_exultant,phrasal,0,lexical,0,,
be_exultant,be_copula,1,lexical,0,,
face,that_omission,1,estimated,0,,1
face,comp_inf,0,estimated,0,,1
face,ecm,0,estimated,0,,1
face,comp_interrog,0,estimated,0,,1
face,comp_gerund,1,estimated,0,,1
face,comp_small_clause,0,estimated,0,,1
face,np_comp_alt,0,estimated,0,,1
face,direct_speech,0,estimated,0,,1
face,subjunctive_comp,0,estimated,0,,1
face,comp_for_to,0,estimated,0,,1
face,comp_bare_inf,0,estimated,0,,1
face,comp_exclamative,0,estimated,0,,1
face,comp_poss_ing,0,estimated,0,,1
face,extraposition,1,estimated,0,,1
face,raising,0,estimated,0,,1
face,ditransitive,0,estimated,0,,1
face,factive_passive,1,estimated,0,,1
face,neg_raising,0,estimated,0,,1
face,weak_island,0,estimated,0,,1
face,pro_complement,0,estimated,0,,1
face,npi_licenser,0,estimated,0,,1
face,stative,1,estimated,0,,1
face,content_noun_fact,1,estimated,0,,1
face,derived_nominal,0,estimated,0,,1
face,phrasal,0,lexical,0,,
face,be_copula,0,lexical,0,,
be_fearful,that_omission,1,estimated,0,,1
be_fearful,comp_inf,0,estimated,0,,1
be_fearful,ecm,0,estimated,0,,1
be_fearful,comp_interrog,0,estimated,0,,1
be_fearful,comp_gerund,1,estimated,0,,1
be_fearful,comp_small_clause,0,estimated,0,,1
be_fearful,np_comp_alt,0,estimated,0,,1
be_fearful,direct_speech,0,estimated,0,,1
be_fearful,subjunctive_comp,0,estimated,0,,1
be_fearful,comp_for_to,0,estimated,0,,1
be_fearful,comp_bare_inf,0,estimated,0,,1
be_fearful,comp_exclamative,0,estimated,0,,1
be_fearful,comp_poss_ing,0,estimated,0,,1
be_fearful,extraposition,0,estimated,0,,1
be_fearful,raising,0,estimated,0,,1
be_fearful,ditransitive,0,na,0,,
be_fearful,factive_passive,0,na,0,,
be_fearful,neg_raising,0,estimated,0,,1
be_fearful,weak_island,0,estimated,0,,1
be_fearful,pro_complement,0,estimated,0,,1
be_fearful,npi_licenser,0,estimated,0,,1
be_fearful,stative,1,estimated,0,,1
be_fearful,content_noun_fact,0,estimated,0,,1
be_fearful,derived_nominal,0,estimated,0,,1
be_fearful,phrasal,0,lexical,0,,
be_fearful,be_copula,1,lexical,0,,
fib,that_omission,1,estimated,0,,1
fib,comp_inf,0,estimated,0,,1
fib,ecm,0,estimated,0,,1
fib,comp_interrog,1,estimated,0,,1
fib,comp_gerund,0,estimated,0,,1
fib,comp_small_clause,0,estimated,0,,1
fib,np_comp_alt,0,estimated,0,,1
fib,direct_speech,1,estimated,0,,1
fib,subjunctive_comp,0,estimated,0,,1
fib,comp_for_to,0,estimated,0,,1
fib,comp_bare_inf,0,estimated,0,,1
fib,comp_exclamative,0,estimated,0,,1
fib,comp_poss_ing,0,estimated,0,,1
fib,extraposition,0,estimated,0,,1
fib,raising,0,estimated,0,,1
fib,ditransitive,0,estimated,0,,1
fib,factive_passive,0,estimated,0,,1
fib,neg_raising,0,estimated,0,,1
fib,weak_island,0,estimated,0,,1
fib,pro_complement,0,estimated,0,,1
fib,npi_licenser,0,estimated,0,,1
fib,stative,0,estimated,0,,1
fib,content_noun_fact,0,estimated,0,,1
fib,derived_nominal,0,estimated,0,,1
fib,phrasal,0,lexical,0,,
fib,be_copula,0,lexical,0,,
be_flabbergasted,that_omission,1,estimated,0,,1
be_flabbergasted,comp_inf,0,estimated,0,,1
be_flabbergasted,ecm,0,estimated,0,,1
be_flabbergasted,comp_interrog,0,estimated,0,,1
be_flabbergasted,comp_gerund,1,estimated,0,,1
be_flabbergasted,comp_small_clause,0,estimated,0,,1
be_flabbergasted,np_comp_alt,0,estimated,0,,1
be_flabbergasted,direct_speech,0,estimated,0,,1
be_flabbergasted,subjunctive_comp,0,estimated,0,,1
be_flabbergasted,comp_for_to,0,estimated,0,,1
be_flabbergasted,comp_bare_inf,0,estimated,0,,1
be_flabbergasted,comp_exclamative,0,estimated,0,,1
be_flabbergasted,comp_poss_ing,0,estimated,0,,1
be_flabbergasted,extraposition,0,estimated,0,,1
be_flabbergasted,raising,0,estimated,0,,1
be_flabbergasted,ditransitive,0,na,0,,
be_flabbergasted,factive_passive,0,na,0,,
be_flabbergasted,neg_raising,0,estimated,0,,1
be_flabbergasted,weak_island,0,estimated,0,,1
be_flabbergasted,pro_complement,0,estimated,0,,1
be_flabbergasted,npi_licenser,0,estimated,0,,1
be_flabbergasted,stative,1,estimated,0,,1
be_flabbergasted,content_noun_fact,1,estimated,0,,1
be_flabbergasted,derived_nominal,0,estimated,0,,1
be_flabbergasted,phrasal,0,lexical,0,,
be_flabbergasted,be_copula,1,lexical,0,,
be_fortunate,that_omission,1,estimated,0,,1
be_fortunate,comp_inf,0,estimated,0,,1
be_fortunate,ecm,0,estimated,0,,1
be_fortunate,comp_interrog,0,estimated,0,,1
be_fortunate,comp_gerund,1,estimated,0,,1
be_fortunate,comp_small_clause,0,estimated,0,,1
be_fortunate,np_comp_alt,0,estimated,0,,1
be_fortunate,direct_speech,0,estimated,0,,1
be_fortunate,subjunctive_comp,0,estimated,0,,1
be_fortunate,comp_for_to,0,estimated,0,,1
be_fortunate,comp_bare_inf,0,estimated,0,,1
be_fortunate,comp_exclamative,0,estimated,0,,1
be_fortunate,comp_poss_ing,0,estimated,0,,1
be_fortunate,extraposition,0,estimated,0,,1
be_fortunate,raising,0,estimated,0,,1
be_fortunate,ditransitive,0,na,0,,
be_fortunate,factive_passive,0,na,0,,
be_fortunate,neg_raising,0,estimated,0,,1
be_fortunate,weak_island,0,estimated,0,,1
be_fortunate,pro_complement,0,estimated,0,,1
be_fortunate,npi_licenser,0,estimated,0,,1
be_fortunate,stative,1,estimated,0,,1
be_fortunate,content_noun_fact,1,estimated,0,,1
be_fortunate,derived_nominal,0,estimated,0,,1
be_fortunate,phrasal,0,lexical,0,,
be_fortunate,be_copula,1,lexical,0,,
be_frantic,that_omission,1,estimated,0,,1
be_frantic,comp_inf,0,estimated,0,,1
be_frantic,ecm,0,estimated,0,,1
be_frantic,comp_interrog,0,estimated,0,,1
be_frantic,comp_gerund,1,estimated,0,,1
be_frantic,comp_small_clause,0,estimated,0,,1
be_frantic,np_comp_alt,0,estimated,0,,1
be_frantic,direct_speech,0,estimated,0,,1
be_frantic,subjunctive_comp,0,estimated,0,,1
be_frantic,comp_for_to,0,estimated,0,,1
be_frantic,comp_bare_inf,0,estimated,0,,1
be_frantic,comp_exclamative,0,estimated,0,,1
be_frantic,comp_poss_ing,0,estimated,0,,1
be_frantic,extraposition,0,estimated,0,,1
be_frantic,raising,0,estimated,0,,1
be_frantic,ditransitive,0,na,0,,
be_frantic,factive_passive,0,na,0,,
be_frantic,neg_raising,0,estimated,0,,1
be_frantic,weak_island,0,estimated,0,,1
be_frantic,pro_complement,0,estimated,0,,1
be_frantic,npi_licenser,0,estimated,0,,1
be_frantic,stative,1,estimated,0,,1
be_frantic,content_noun_fact,1,estimated,0,,1
be_frantic,derived_nominal,0,estimated,0,,1
be_frantic,phrasal,0,lexical,0,,
be_frantic,be_copula,1,lexical,0,,
be_fretful,that_omission,1,estimated,0,,1
be_fretful,comp_inf,0,estimated,0,,1
be_fretful,ecm,0,estimated,0,,1
be_fretful,comp_interrog,0,estimated,0,,1
be_fretful,comp_gerund,1,estimated,0,,1
be_fretful,comp_small_clause,0,estimated,0,,1
be_fretful,np_comp_alt,0,estimated,0,,1
be_fretful,direct_speech,0,estimated,0,,1
be_fretful,subjunctive_comp,0,estimated,0,,1
be_fretful,comp_for_to,0,estimated,0,,1
be_fretful,comp_bare_inf,0,estimated,0,,1
be_fretful,comp_exclamative,0,estimated,0,,1
be_fretful,comp_poss_ing,0,estimated,0,,1
be_fretful,extraposition,0,estimated,0,,1
be_fretful,raising,0,estimated,0,,1
be_fretful,ditransitive,0,na,0,,
be_fretful,factive_passive,0,na,0,,
be_fretful,neg_raising,0,estimated,0,,1
be_fretful,weak_island,0,estimated,0,,1
be_fretful,pro_complement,0,estimated,0,,1
be_fretful,npi_licenser,0,estimated,0,,1
be_fretful,stative,1,estimated,0,,1
be_fretful,content_noun_fact,0,estimated,0,,1
be_fretful,derived_nominal,0,estimated,0,,1
be_fretful,phrasal,0,lexical,0,,
be_fretful,be_copula,1,lexical,0,,
be_frightened,that_omission,1,estimated,0,,1
be_frightened,comp_inf,0,estimated,0,,1
be_frightened,ecm,0,estimated,0,,1
be_frightened,comp_interrog,0,estimated,0,,1
be_frightened,comp_gerund,1,estimated,0,,1
be_frightened,comp_small_clause,0,estimated,0,,1
be_frightened,np_comp_alt,0,estimated,0,,1
be_frightened,direct_speech,0,estimated,0,,1
be_frightened,subjunctive_comp,0,estimated,0,,1
be_frightened,comp_for_to,0,estimated,0,,1
be_frightened,comp_bare_inf,0,estimated,0,,1
be_frightened,comp_exclamative,0,estimated,0,,1
be_frightened,comp_poss_ing,0,estimated,0,,1
be_frightened,extraposition,0,estimated,0,,1
be_frightened,raising,0,estimated,0,,1
be_frightened,ditransitive,0,na,0,,
be_frightened,factive_passive,0,na,0,,
be_frightened,neg_raising,0,estimated,0,,1
be_frightened,weak_island,0,estimated,0,,1
be_frightened,pro_complement,0,estimated,0,,1
be_frightened,npi_licenser,0,estimated,0,,1
be_frightened,stative,1,estimated,0,,1
be_frightened,content_noun_fact,1,estimated,0,,1
be_frightened,derived_nominal,0,estimated,0,,1
be_frightened,phrasal,0,lexical,0,,
be_frightened,be_copula,1,lexical,0,,
frown,that_omission,1,estimated,0,,1
frown,comp_inf,0,estimated,0,,1
frown,ecm,0,estimated,0,,1
frown,comp_interrog,1,estimated,0,,1
frown,comp_gerund,0,estimated,0,,1
frown,comp_small_clause,0,estimated,0,,1
frown,np_comp_alt,0,estimated,0,,1
frown,direct_speech,1,estimated,0,,1
frown,subjunctive_comp,0,estimated,0,,1
frown,comp_for_to,0,estimated,0,,1
frown,comp_bare_inf,0,estimated,0,,1
frown,comp_exclamative,0,estimated,0,,1
frown,comp_poss_ing,0,estimated,0,,1
frown,extraposition,0,estimated,0,,1
frown,raising,0,estimated,0,,1
frown,ditransitive,0,estimated,0,,1
frown,factive_passive,0,estimated,0,,1
frown,neg_raising,0,estimated,0,,1
frown,weak_island,0,estimated,0,,1
frown,pro_complement,0,estimated,0,,1
frown,npi_licenser,0,estimated,0,,1
frown,stative,0,estimated,0,,1
frown,content_noun_fact,0,estimated,0,,1
frown,derived_nominal,0,estimated,0,,1
frown,phrasal,0,lexical,0,,
frown,be_copula,0,lexical,0,,
gesticulate,that_omission,1,estimated,0,,1
gesticulate,comp_inf,0,estimated,0,,1
gesticulate,ecm,0,estimated,0,,1
gesticulate,comp_interrog,1,estimated,0,,1
gesticulate,comp_gerund,0,estimated,0,,1
gesticulate,comp_small_clause,0,estimated,0,,1
gesticulate,np_comp_alt,0,estimated,0,,1
gesticulate,direct_speech,1,estimated,0,,1
gesticulate,subjunctive_comp,0,estimated,0,,1
gesticulate,comp_for_to,0,estimated,0,,1
gesticulate,comp_bare_inf,0,estimated,0,,1
gesticulate,comp_exclamative,0,estimated,0,,1
gesticulate,comp_poss_ing,0,estimated,0,,1
gesticulate,extraposition,0,estimated,0,,1
gesticulate,raising,0,estimated,0,,1
gesticulate,ditransitive,0,estimated,0,,1
gesticulate,factive_passive,0,estimated,0,,1
gesticulate,neg_raising,0,estimated,0,,1
gesticulate,weak_island,0,estimated,0,,1
gesticulate,pro_complement,0,estimated,0,,1
gesticulate,npi_licenser,0,estimated,0,,1
gesticulate,stative,0,estimated,0,,1
gesticulate,content_noun_fact,0,estimated,0,,1
gesticulate,derived_nominal,0,estimated,0,,1
gesticulate,phrasal,0,lexical,0,,
gesticulate,be_copula,0,lexical,0,,
gesture,that_omission,1,estimated,0,,1
gesture,comp_inf,0,estimated,0,,1
gesture,ecm,0,estimated,0,,1
gesture,comp_interrog,1,estimated,0,,1
gesture,comp_gerund,0,estimated,0,,1
gesture,comp_small_clause,0,estimated,0,,1
gesture,np_comp_alt,0,estimated,0,,1
gesture,direct_speech,1,estimated,0,,1
gesture,subjunctive_comp,0,estimated,0,,1
gesture,comp_for_to,0,estimated,0,,1
gesture,comp_bare_inf,0,estimated,0,,1
gesture,comp_exclamative,0,estimated,0,,1
gesture,comp_poss_ing,0,estimated,0,,1
gesture,extraposition,0,estimated,0,,1
gesture,raising,0,estimated,0,,1
gesture,ditransitive,0,estimated,0,,1
gesture,factive_passive,0,estimated,0,,1
gesture,neg_raising,0,estimated,0,,1
gesture,weak_island,0,estimated,0,,1
gesture,pro_complement,0,estimated,0,,1
gesture,npi_licenser,0,estimated,0,,1
gesture,stative,0,estimated,0,,1
gesture,content_noun_fact,0,estimated,0,,1
gesture,derived_nominal,0,estimated,0,,1
gesture,phrasal,0,lexical,0,,
gesture,be_copula,0,lexical,0,,
get,that_omission,1,estimated,0,,1
get,comp_inf,0,estimated,0,,1
get,ecm,0,estimated,0,,1
get,comp_interrog,1,estimated,0,,1
get,comp_gerund,0,estimated,0,,1
get,comp_small_clause,0,estimated,0,,1
get,np_comp_alt,0,estimated,0,,1
get,direct_speech,0,estimated,0,,1
get,subjunctive_comp,0,estimated,0,,1
get,comp_for_to,0,estimated,0,,1
get,comp_bare_inf,0,estimated,0,,1
get,comp_exclamative,0,estimated,0,,1
get,comp_poss_ing,0,estimated,0,,1
get,extraposition,0,estimated,0,,1
get,raising,0,estimated,0,,1
get,ditransitive,0,estimated,0,,1
get,factive_passive,1,estimated,0,,1
get,neg_raising,0,estimated,0,,1
get,weak_island,0,estimated,0,,1
get,pro_complement,0,estimated,0,,1
get,npi_licenser,0,estimated,0,,1
get,stative,1,estimated,0,,1
get,content_noun_fact,1,estimated,0,,1
get,derived_nominal,0,estimated,0,,1
get,phrasal,0,lexical,0,,
get,be_copula,0,lexical,0,,
be_giddy,that_omission,1,estimated,0,,1
be_giddy,comp_inf,0,estimated,0,,1
be_giddy,ecm,0,estimated,0,,1
be_giddy,comp_interrog,0,estimated,0,,1
be_giddy,comp_gerund,1,estimated,0,,1
be_giddy,comp_small_clause,0,estimated,0,,1
be_giddy,np_comp_alt,0,estimated,0,,1
be_giddy,direct_speech,0,estimated,0,,1
be_giddy,subjunctive_comp,0,estimated,0,,1
be_giddy,comp_for_to,0,estimated,0,,1
be_giddy,comp_bare_inf,0,estimated,0,,1
be_giddy,comp_exclamative,0,estimated,0,,1
be_giddy,comp_poss_ing,0,estimated,0,,1
be_giddy,extraposition,0,estimated,0,,1
be_giddy,raising,0,estimated,0,,1
be_giddy,ditransitive,0,na,0,,
be_giddy,factive_passive,0,na,0,,
be_giddy,neg_raising,0,estimated,0,,1
be_giddy,weak_island,0,estimated,0,,1
be_giddy,pro_complement,0,estimated,0,,1
be_giddy,npi_licenser,0,estimated,0,,1
be_giddy,stative,1,estimated,0,,1
be_giddy,content_noun_fact,1,estimated,0,,1
be_giddy,derived_nominal,0,estimated,0,,1
be_giddy,phrasal,0,lexical,0,,
be_giddy,be_copula,1,lexical,0,,
glare,that_omission,1,estimated,0,,1
glare,comp_inf,0,estimated,0,,1
glare,ecm,0,estimated,0,,1
glare,comp_interrog,1,estimated,0,,1
glare,comp_gerund,0,estimated,0,,1
glare,comp_small_clause,0,estimated,0,,1
glare,np_comp_alt,0,estimated,0,,1
glare,direct_speech,1,estimated,0,,1
glare,subjunctive_comp,0,estimated,0,,1
glare,comp_for_to,0,estimated,0,,1
glare,comp_bare_inf,0,estimated,0,,1
glare,comp_exclamative,0,estimated,0,,1
glare,comp_poss_ing,0,estimated,0,,1
glare,extraposition,0,estimated,0,,1
glare,raising,0,estimated,0,,1
glare,ditransitive,0,estimated,0,,1
glare,factive_passive,0,estimated,0,,1
glare,neg_raising,0,estimated,0,,1
glare,weak_island,0,estimated,0,,1
glare,pro_complement,0,estimated,0,,1
glare,npi_licenser,0,estimated,0,,1
glare,stative,0,estimated,0,,1
glare,content_noun_fact,0,estimated,0,,1
glare,derived_nominal,0,estimated,0,,1
glare,phrasal,0,lexical,0,,
glare,be_copula,0,lexical,0,,
be_gleeful,that_omission,1,estimated,0,,1
be_gleeful,comp_inf,0,estimated,0,,1
be_gleeful,ecm,0,estimated,0,,1
be_gleeful,comp_interrog,0,estimated,0,,1
be_gleeful,comp_gerund,1,estimated,0,,1
be_gleeful,comp_small_clause,0,estimated,0,,1
be_gleeful,np_comp_alt,0,estimated,0,,1
be_gleeful,direct_speech,0,estimated,0,,1
be_gleeful,subjunctive_comp,0,estimated,0,,1
be_gleeful,comp_for_to,0,estimated,0,,1
be_gleeful,comp_bare_inf,0,estimated,0,,1
be_gleeful,comp_exclamative,0,estimated,0,,1
be_gleeful,comp_poss_ing,0,estimated,0,,1
be_gleeful,extraposition,0,estimated,0,,1
be_gleeful,raising,0,estimated,0,,1
be_gleeful,ditransitive,0,na,0,,
be_gleeful,factive_passive,0,na,0,,
be_gleeful,neg_raising,0,estimated,0,,1
be_gleeful,weak_island,0,estimated,0,,1
be_gleeful,pro_complement,0,estimated,0,,1
be_gleeful,npi_licenser,0,estimated,0,,1
be_gleeful,stative,1,estimated,0,,1
be_gleeful,content_noun_fact,1,estimated,0,,1
be_gleeful,derived_nominal,0,estimated,0,,1
be_gleeful,phrasal,0,lexical,0,,
be_gleeful,be_copula,1,lexical,0,,
glimpse,that_omission,1,estimated,0,,1
glimpse,comp_inf,0,estimated,0,,1
glimpse,ecm,0,estimated,0,,1
glimpse,comp_interrog,1,estimated,0,,1
glimpse,comp_gerund,0,estimated,0,,1
glimpse,comp_small_clause,0,estimated,0,,1
glimpse,np_comp_alt,0,estimated,0,,1
glimpse,direct_speech,0,estimated,0,,1
glimpse,subjunctive_comp,0,estimated,0,,1
glimpse,comp_for_to,0,estimated,0,,1
glimpse,comp_bare_inf,0,estimated,0,,1
glimpse,comp_exclamative,0,estimated,0,,1
glimpse,comp_poss_ing,0,estimated,0,,1
glimpse,extraposition,0,estimated,0,,1
glimpse,raising,0,estimated,0,,1
glimpse,ditransitive,0,estimated,0,,1
glimpse,factive_passive,1,estimated,0,,1
glimpse,neg_raising,0,estimated,0,,1
glimpse,weak_island,0,estimated,0,,1
glimpse,pro_complement,0,estimated,0,,1
glimpse,npi_licenser,0,estimated,0,,1
glimpse,stative,1,estimated,0,,1
glimpse,content_noun_fact,1,estimated,0,,1
glimpse,derived_nominal,0,estimated,0,,1
glimpse,phrasal,0,lexical,0,,
glimpse,be_copula,0,lexical,0,,
be_grateful,that_omission,1,estimated,0,,1
be_grateful,comp_inf,0,estimated,0,,1
be_grateful,ecm,0,estimated,0,,1
be_grateful,comp_interrog,0,estimated,0,,1
be_grateful,comp_gerund,1,estimated,0,,1
be_grateful,comp_small_clause,0,estimated,0,,1
be_grateful,np_comp_alt,0,estimated,0,,1
be_grateful,direct_speech,0,estimated,0,,1
be_grateful,subjunctive_comp,0,estimated,0,,1
be_grateful,comp_for_to,0,estimated,0,,1
be_grateful,comp_bare_inf,0,estimated,0,,1
be_grateful,comp_exclamative,0,estimated,0,,1
be_grateful,comp_poss_ing,0,estimated,0,,1
be_grateful,extraposition,0,estimated,0,,1
be_grateful,raising,0,estimated,0,,1
be_grateful,ditransitive,0,na,0,,
be_grateful,factive_passive,0,na,0,,
be_grateful,neg_raising,0,estimated,0,,1
be_grateful,weak_island,0,estimated,0,,1
be_grateful,pro_complement,0,estimated,0,,1
be_grateful,npi_licenser,0,estimated,0,,1
be_grateful,stative,1,estimated,0,,1
be_grateful,content_noun_fact,1,estimated,0,,1
be_grateful,derived_nominal,0,estimated,0,,1
be_grateful,phrasal,0,lexical,0,,
be_grateful,be_copula,1,lexical,0,,
be_gratified,that_omission,1,estimated,0,,1
be_gratified,comp_inf,0,estimated,0,,1
be_gratified,ecm,0,estimated,0,,1
be_gratified,comp_interrog,0,estimated,0,,1
be_gratified,comp_gerund,1,estimated,0,,1
be_gratified,comp_small_clause,0,estimated,0,,1
be_gratified,np_comp_alt,0,estimated,0,,1
be_gratified,direct_speech,0,estimated,0,,1
be_gratified,subjunctive_comp,0,estimated,0,,1
be_gratified,comp_for_to,0,estimated,0,,1
be_gratified,comp_bare_inf,0,estimated,0,,1
be_gratified,comp_exclamative,0,estimated,0,,1
be_gratified,comp_poss_ing,0,estimated,0,,1
be_gratified,extraposition,0,estimated,0,,1
be_gratified,raising,0,estimated,0,,1
be_gratified,ditransitive,0,na,0,,
be_gratified,factive_passive,0,na,0,,
be_gratified,neg_raising,0,estimated,0,,1
be_gratified,weak_island,0,estimated,0,,1
be_gratified,pro_complement,0,estimated,0,,1
be_gratified,npi_licenser,0,estimated,0,,1
be_gratified,stative,1,estimated,0,,1
be_gratified,content_noun_fact,1,estimated,0,,1
be_gratified,derived_nominal,0,estimated,0,,1
be_gratified,phrasal,0,lexical,0,,
be_gratified,be_copula,1,lexical,0,,
grimace,that_omission,1,estimated,0,,1
grimace,comp_inf,0,estimated,0,,1
grimace,ecm,0,estimated,0,,1
grimace,comp_interrog,1,estimated,0,,1
grimace,comp_gerund,0,estimated,0,,1
grimace,comp_small_clause,0,estimated,0,,1
grimace,np_comp_alt,0,estimated,0,,1
grimace,direct_speech,1,estimated,0,,1
grimace,subjunctive_comp,0,estimated,0,,1
grimace,comp_for_to,0,estimated,0,,1
grimace,comp_bare_inf,0,estimated,0,,1
grimace,comp_exclamative,0,estimated,0,,1
grimace,comp_poss_ing,0,estimated,0,,1
grimace,extraposition,0,estimated,0,,1
grimace,raising,0,estimated,0,,1
grimace,ditransitive,0,estimated,0,,1
grimace,factive_passive,0,estimated,0,,1
grimace,neg_raising,0,estimated,0,,1
grimace,weak_island,0,estimated,0,,1
grimace,pro_complement,0,estimated,0,,1
grimace,npi_licenser,0,estimated,0,,1
grimace,stative,0,estimated,0,,1
grimace,content_noun_fact,0,estimated,0,,1
grimace,derived_nominal,0,estimated,0,,1
grimace,phrasal,0,lexical,0,,
grimace,be_copula,0,lexical,0,,
grin,that_omission,1,estimated,0,,1
grin,comp_inf,0,estimated,0,,1
grin,ecm,0,estimated,0,,1
grin,comp_interrog,1,estimated,0,,1
grin,comp_gerund,0,estimated,0,,1
grin,comp_small_clause,0,estimated,0,,1
grin,np_comp_alt,0,estimated,0,,1
grin,direct_speech,1,estimated,0,,1
grin,subjunctive_comp,0,estimated,0,,1
grin,comp_for_to,0,estimated,0,,1
grin,comp_bare_inf,0,estimated,0,,1
grin,comp_exclamative,0,estimated,0,,1
grin,comp_poss_ing,0,estimated,0,,1
grin,extraposition,0,estimated,0,,1
grin,raising,0,estimated,0,,1
grin,ditransitive,0,estimated,0,,1
grin,factive_passive,0,estimated,0,,1
grin,neg_raising,0,estimated,0,,1
grin,weak_island,0,estimated,0,,1
grin,pro_complement,0,estimated,0,,1
grin,npi_licenser,0,estimated,0,,1
grin,stative,0,estimated,0,,1
grin,content_noun_fact,0,estimated,0,,1
grin,derived_nominal,0,estimated,0,,1
grin,phrasal,0,lexical,0,,
grin,be_copula,0,lexical,0,,
gripe,that_omission,1,estimated,0,,1
gripe,comp_inf,0,estimated,0,,1
gripe,ecm,0,estimated,0,,1
gripe,comp_interrog,1,estimated,0,,1
gripe,comp_gerund,0,estimated,0,,1
gripe,comp_small_clause,0,estimated,0,,1
gripe,np_comp_alt,0,estimated,0,,1
gripe,direct_speech,1,estimated,0,,1
gripe,subjunctive_comp,0,estimated,0,,1
gripe,comp_for_to,0,estimated,0,,1
gripe,comp_bare_inf,0,estimated,0,,1
gripe,comp_exclamative,0,estimated,0,,1
gripe,comp_poss_ing,0,estimated,0,,1
gripe,extraposition,0,estimated,0,,1
gripe,raising,0,estimated,0,,1
gripe,ditransitive,0,estimated,0,,1
gripe,factive_passive,0,estimated,0,,1
gripe,neg_raising,0,estimated,0,,1
gripe,weak_island,0,estimated,0,,1
gripe,pro_complement,0,estimated,0,,1
gripe,npi_licenser,0,estimated,0,,1
gripe,stative,0,estimated,0,,1
gripe,content_noun_fact,0,estimated,0,,1
gripe,derived_nominal,0,estimated,0,,1
gripe,phrasal,0,lexical,0,,
gripe,be_copula,0,lexical,0,,
grouse,that_omission,1,estimated,0,,1
grouse,comp_inf,0,estimated,0,,1
grouse,ecm,0,estimated,0,,1
grouse,comp_interrog,1,estimated,0,,1
grouse,comp_gerund,0,estimated,0,,1
grouse,comp_small_clause,0,estimated,0,,1
grouse,np_comp_alt,0,estimated,0,,1
grouse,direct_speech,1,estimated,0,,1
grouse,subjunctive_comp,0,estimated,0,,1
grouse,comp_for_to,0,estimated,0,,1
grouse,comp_bare_inf,0,estimated,0,,1
grouse,comp_exclamative,0,estimated,0,,1
grouse,comp_poss_ing,0,estimated,0,,1
grouse,extraposition,0,estimated,0,,1
grouse,raising,0,estimated,0,,1
grouse,ditransitive,0,estimated,0,,1
grouse,factive_passive,0,estimated,0,,1
grouse,neg_raising,0,estimated,0,,1
grouse,weak_island,0,estimated,0,,1
grouse,pro_complement,0,estimated,0,,1
grouse,npi_licenser,0,estimated,0,,1
grouse,stative,0,estimated,0,,1
grouse,content_noun_fact,0,estimated,0,,1
grouse,derived_nominal,0,estimated,0,,1
grouse,phrasal,0,lexical,0,,
grouse,be_copula,0,lexical,0,,
harrumph,that_omission,1,estimated,0,,1
harrumph,comp_inf,0,estimated,0,,1
harrumph,ecm,0,estimated,0,,1
harrumph,comp_interrog,1,estimated,0,,1
harrumph,comp_gerund,0,estimated,0,,1
harrumph,comp_small_clause,0,estimated,0,,1
harrumph,np_comp_alt,0,estimated,0,,1
harrumph,direct_speech,1,estimated,0,,1
harrumph,subjunctive_comp,0,estimated,0,,1
harrumph,comp_for_to,0,estimated,0,,1
harrumph,comp_bare_inf,0,estimated,0,,1
harrumph,comp_exclamative,0,estimated,0,,1
harrumph,comp_poss_ing,0,estimated,0,,1
harrumph,extraposition,0,estimated,0,,1
harrumph,raising,0,estimated,0,,1
harrumph,ditransitive,0,estimated,0,,1
harrumph,factive_passive,0,estimated,0,,1
harrumph,neg_raising,0,estimated,0,,1
harrumph,weak_island,0,estimated,0,,1
harrumph,pro_complement,0,estimated,0,,1
harrumph,npi_licenser,0,estimated,0,,1
harrumph,stative,0,estimated,0,,1
harrumph,content_noun_fact,0,estimated,0,,1
harrumph,derived_nominal,0,estimated,0,,1
harrumph,phrasal,0,lexical,0,,
harrumph,be_copula,0,lexical,0,,
hazard,that_omission,1,estimated,0,,1
hazard,comp_inf,0,estimated,0,,1
hazard,ecm,0,estimated,0,,1
hazard,comp_interrog,1,estimated,0,,1
hazard,comp_gerund,0,estimated,0,,1
hazard,comp_small_clause,0,estimated,0,,1
hazard,np_comp_alt,0,estimated,0,,1
hazard,direct_speech,1,estimated,0,,1
hazard,subjunctive_comp,0,estimated,0,,1
hazard,comp_for_to,0,estimated,0,,1
hazard,comp_bare_inf,0,estimated,0,,1
hazard,comp_exclamative,0,estimated,0,,1
hazard,comp_poss_ing,0,estimated,0,,1
hazard,extraposition,0,estimated,0,,1
hazard,raising,0,estimated,0,,1
hazard,ditransitive,0,estimated,0,,1
hazard,factive_passive,0,estimated,0,,1
hazard,neg_raising,0,estimated,0,,1
hazard,weak_island,0,estimated,0,,1
hazard,pro_complement,0,estimated,0,,1
hazard,npi_licenser,0,estimated,0,,1
hazard,stative,0,estimated,0,,1
hazard,content_noun_fact,0,estimated,0,,1
hazard,derived_nominal,0,estimated,0,,1
hazard,phrasal,0,lexical,0,,
hazard,be_copula,0,lexical,0,,
be_heartbroken,that_omission,1,estimated,0,,1
be_heartbroken,comp_inf,0,estimated,0,,1
be_heartbroken,ecm,0,estimated,0,,1
be_heartbroken,comp_interrog,0,estimated,0,,1
be_heartbroken,comp_gerund,1,estimated,0,,1
be_heartbroken,comp_small_clause,0,estimated,0,,1
be_heartbroken,np_comp_alt,0,estimated,0,,1
be_heartbroken,direct_speech,0,estimated,0,,1
be_heartbroken,subjunctive_comp,0,estimated,0,,1
be_heartbroken,comp_for_to,0,estimated,0,,1
be_heartbroken,comp_bare_inf,0,estimated,0,,1
be_heartbroken,comp_exclamative,0,estimated,0,,1
be_heartbroken,comp_poss_ing,0,estimated,0,,1
be_heartbroken,extraposition,0,estimated,0,,1
be_heartbroken,raising,0,estimated,0,,1
be_heartbroken,ditransitive,0,na,0,,
be_heartbroken,factive_passive,0,na,0,,
be_heartbroken,neg_raising,0,estimated,0,,1
be_heartbroken,weak_island,0,estimated,0,,1
be_heartbroken,pro_complement,0,estimated,0,,1
be_heartbroken,npi_licenser,0,estimated,0,,1
be_heartbroken,stative,1,estimated,0,,1
be_heartbroken,content_noun_fact,1,estimated,0,,1
be_heartbroken,derived_nominal,0,estimated,0,,1
be_heartbroken,phrasal,0,lexical,0,,
be_heartbroken,be_copula,1,lexical,0,,
be_heartsick,that_omission,1,estimated,0,,1
be_heartsick,comp_inf,0,estimated,0,,1
be_heartsick,ecm,0,estimated,0,,1
be_heartsick,comp_interrog,0,estimated,0,,1
be_heartsick,comp_gerund,1,estimated,0,,1
be_heartsick,comp_small_clause,0,estimated,0,,1
be_heartsick,np_comp_alt,0,estimated,0,,1
be_heartsick,direct_speech,0,estimated,0,,1
be_heartsick,subjunctive_comp,0,estimated,0,,1
be_heartsick,comp_for_to,0,estimated,0,,1
be_heartsick,comp_bare_inf,0,estimated,0,,1
be_heartsick,comp_exclamative,0,estimated,0,,1
be_heartsick,comp_poss_ing,0,estimated,0,,1
be_heartsick,extraposition,0,estimated,0,,1
be_heartsick,raising,0,estimated,0,,1
be_heartsick,ditransitive,0,na,0,,
be_heartsick,factive_passive,0,na,0,,
be_heartsick,neg_raising,0,estimated,0,,1
be_heartsick,weak_island,0,estimated,0,,1
be_heartsick,pro_complement,0,estimated,0,,1
be_heartsick,npi_licenser,0,estimated,0,,1
be_heartsick,stative,1,estimated,0,,1
be_heartsick,content_noun_fact,1,estimated,0,,1
be_heartsick,derived_nominal,0,estimated,0,,1
be_heartsick,phrasal,0,lexical,0,,
be_heartsick,be_copula,1,lexical,0,,
highlight,that_omission,1,estimated,0,,1
highlight,comp_inf,0,estimated,0,,1
highlight,ecm,0,estimated,0,,1
highlight,comp_interrog,1,estimated,0,,1
highlight,comp_gerund,0,estimated,0,,1
highlight,comp_small_clause,0,estimated,0,,1
highlight,np_comp_alt,0,estimated,0,,1
highlight,direct_speech,0,estimated,0,,1
highlight,subjunctive_comp,0,estimated,0,,1
highlight,comp_for_to,0,estimated,0,,1
highlight,comp_bare_inf,0,estimated,0,,1
highlight,comp_exclamative,0,estimated,0,,1
highlight,comp_poss_ing,0,estimated,0,,1
highlight,extraposition,0,estimated,0,,1
highlight,raising,0,estimated,0,,1
highlight,ditransitive,0,estimated,0,,1
highlight,factive_passive,0,estimated,0,,1
highlight,neg_raising,0,estimated,0,,1
highlight,weak_island,0,estimated,0,,1
highlight,pro_complement,0,estimated,0,,1
highlight,npi_licenser,0,estimated,0,,1
highlight,stative,0,estimated,0,,1
highlight,content_noun_fact,0,estimated,0,,1
highlight,derived_nominal,0,estimated,0,,1
highlight,phrasal,0,lexical,0,,
highlight,be_copula,0,lexical,0,,
be_hopeful,that_omission,1,estimated,0,,1
be_hopeful,comp_inf,0,estimated,0,,1
be_hopeful,ecm,0,estimated,0,,1
be_hopeful,comp_interrog,0,estimated,0,,1
be_hopeful,comp_gerund,1,estimated,0,,1
be_hopeful,comp_small_clause,0,estimated,0,,1
be_hopeful,np_comp_alt,0,estimated,0,,1
be_hopeful,direct_speech,0,estimated,0,,1
be_hopeful,subjunctive_comp,0,estimated,0,,1
be_hopeful,comp_for_to,0,estimated,0,,1
be_hopeful,comp_bare_inf,0,estimated,0,,1
be_hopeful,comp_exclamative,0,estimated,0,,1
be_hopeful,comp_poss_ing,0,estimated,0,,1
be_hopeful,extraposition,0,estimated,0,,1
be_hopeful,raising,0,estimated,0,,1
be_hopeful,ditransitive,0,na,0,,
be_hopeful,factive_passive,0,na,0,,
be_hopeful,neg_raising,0,estimated,0,,1
be_hopeful,weak_island,0,estimated,0,,1
be_hopeful,pro_complement,0,estimated,0,,1
be_hopeful,npi_licenser,0,estimated,0,,1
be_hopeful,stative,1,estimated,0,,1
be_hopeful,content_noun_fact,0,estimated,0,,1
be_hopeful,derived_nominal,0,estimated,0,,1
be_hopeful,phrasal,0,lexical,0,,
be_hopeful,be_copula,1,lexical,0,,
hypothesize,that_omission,1,estimated,0,,1
hypothesize,comp_inf,0,estimated,0,,1
hypothesize,ecm,0,estimated,0,,1
hypothesize,comp_interrog,1,estimated,0,,1
hypothesize,comp_gerund,0,estimated,0,,1
hypothesize,comp_small_clause,0,estimated,0,,1
hypothesize,np_comp_alt,0,estimated,0,,1
hypothesize,direct_speech,1,estimated,0,,1
hypothesize,subjunctive_comp,0,estimated,0,,1
hypothesize,comp_for_to,0,estimated,0,,1
hypothesize,comp_bare_inf,0,estimated,0,,1
hypothesize,comp_exclamative,0,estimated,0,,1
hypothesize,comp_poss_ing,0,estimated,0,,1
hypothesize,extraposition,0,estimated,0,,1
hypothesize,raising,0,estimated,0,,1
hypothesize,ditransitive,0,estimated,0,,1
hypothesize,factive_passive,0,estimated,0,,1
hypothesize,neg_raising,0,estimated,0,,1
hypothesize,weak_island,0,estimated,0,,1
hypothesize,pro_complement,0,estimated,0,,1
hypothesize,npi_licenser,0,estimated,0,,1
hypothesize,stative,0,estimated,0,,1
hypothesize,content_noun_fact,0,estimated,0,,1
hypothesize,derived_nominal,0,estimated,0,,1
hypothesize,phrasal,0,lexical,0,,
hypothesize,be_copula,0,lexical,0,,
be_ignorant,that_omission,1,estimated,0,,1
be_ignorant,comp_inf,0,estimated,0,,1
be_ignorant,ecm,0,estimated,0,,1
be_ignorant,comp_interrog,0,estimated,0,,1
be_ignorant,comp_gerund,0,estimated,0,,1
be_ignorant,comp_small_clause,0,estimated,0,,1
be_ignorant,np_comp_alt,0,estimated,0,,1
be_ignorant,direct_speech,0,estimated,0,,1
be_ignorant,subjunctive_comp,0,estimated,0,,1
be_ignorant,comp_for_to,0,estimated,0,,1
be_ignorant,comp_bare_inf,0,estimated,0,,1
be_ignorant,comp_exclamative,0,estimated,0,,1
be_ignorant,comp_poss_ing,0,estimated,0,,1
be_ignorant,extraposition,0,estimated,0,,1
be_ignorant,raising,0,estimated,0,,1
be_ignorant,ditransitive,0,na,0,,
be_ignorant,factive_passive,0,na,0,,
be_ignorant,neg_raising,0,estimated,0,,1
be_ignorant,weak_island,0,estimated,0,,1
be_ignorant,pro_complement,0,estimated,0,,1
be_ignorant,npi_licenser,0,estimated,0,,1
be_ignorant,stative,1,estimated,0,,1
be_ignorant,content_noun_fact,1,estimated,0,,1
be_ignorant,derived_nominal,0,estimated,0,,1
be_ignorant,phrasal,0,lexical,0,,
be_ignorant,be_copula,1,lexical,0,,
illustrate,that_omission,1,estimated,0,,1
illustrate,comp_inf,0,estimated,0,,1
illustrate,ecm,0,estimated,0,,1
illustrate,comp_interrog,1,estimated,0,,1
illustrate,comp_gerund,0,estimated,0,,1
illustrate,comp_small_clause,0,estimated,0,,1
illustrate,np_comp_alt,0,estimated,0,,1
illustrate,direct_speech,0,estimated,0,,1
illustrate,subjunctive_comp,0,estimated,0,,1
illustrate,comp_for_to,0,estimated,0,,1
illustrate,comp_bare_inf,0,estimated,0,,1
illustrate,comp_exclamative,0,estimated,0,,1
illustrate,comp_poss_ing,0,estimated,0,,1
illustrate,extraposition,0,estimated,0,,1
illustrate,raising,0,estimated,0,,1
illustrate,ditransitive,0,estimated,0,,1
illustrate,factive_passive,0,estimated,0,,1
illustrate,neg_raising,0,estimated,0,,1
illustrate,weak_island,0,estimated,0,,1
illustrate,pro_complement,0,estimated,0,,1
illustrate,npi_licenser,0,estimated,0,,1
illustrate,stative,0,estimated,0,,1
illustrate,content_noun_fact,0,estimated,0,,1
illustrate,derived_nominal,0,estimated,0,,1
illustrate,phrasal,0,lexical,0,,
illustrate,be_copula,0,lexical,0,,
impart,that_omission,1,estimated,0,,1
impart,comp_inf,0,estimated,0,,1
impart,ecm,0,estimated,0,,1
impart,comp_interrog,1,estimated,0,,1
impart,comp_gerund,0,estimated,0,,1
impart,comp_small_clause,0,estimated,0,,1
impart,np_comp_alt,0,estimated,0,,1
impart,direct_speech,1,estimated,0,,1
impart,subjunctive_comp,0,estimated,0,,1
impart,comp_for_to,0,estimated,0,,1
impart,comp_bare_inf,0,estimated,0,,1
impart,comp_exclamative,0,estimated,0,,1
impart,comp_poss_ing,0,estimated,0,,1
impart,extraposition,0,estimated,0,,1
impart,raising,0,estimated,0,,1
impart,ditransitive,0,estimated,0,,1
impart,factive_passive,0,estimated,0,,1
impart,neg_raising,0,estimated,0,,1
impart,weak_island,0,estimated,0,,1
impart,pro_complement,0,estimated,0,,1
impart,npi_licenser,0,estimated,0,,1
impart,stative,0,estimated,0,,1
impart,content_noun_fact,0,estimated,0,,1
impart,derived_nominal,0,estimated,0,,1
impart,phrasal,0,lexical,0,,
impart,be_copula,0,lexical,0,,
be_impatient,that_omission,1,estimated,0,,1
be_impatient,comp_inf,0,estimated,0,,1
be_impatient,ecm,0,estimated,0,,1
be_impatient,comp_interrog,0,estimated,0,,1
be_impatient,comp_gerund,1,estimated,0,,1
be_impatient,comp_small_clause,0,estimated,0,,1
be_impatient,np_comp_alt,0,estimated,0,,1
be_impatient,direct_speech,0,estimated,0,,1
be_impatient,subjunctive_comp,0,estimated,0,,1
be_impatient,comp_for_to,0,estimated,0,,1
be_impatient,comp_bare_inf,0,estimated,0,,1
be_impatient,comp_exclamative,0,estimated,0,,1
be_impatient,comp_poss_ing,0,estimated,0,,1
be_impatient,extraposition,0,estimated,0,,1
be_impatient,raising,0,estimated,0,,1
be_impatient,ditransitive,0,na,0,,
be_impatient,factive_passive,0,na,0,,
be_impatient,neg_raising,0,estimated,0,,1
be_impatient,weak_island,0,estimated,0,,1
be_impatient,pro_complement,0,estimated,0,,1
be_impatient,npi_licenser,0,estimated,0,,1
be_impatient,stative,1,estimated,0,,1
be_impatient,content_noun_fact,1,estimated,0,,1
be_impatient,derived_nominal,0,estimated,0,,1
be_impatient,phrasal,0,lexical,0,,
be_impatient,be_copula,1,lexical,0,,
implicate,that_omission,1,estimated,0,,1
implicate,comp_inf,0,estimated,0,,1
implicate,ecm,0,estimated,0,,1
implicate,comp_interrog,1,estimated,0,,1
implicate,comp_gerund,0,estimated,0,,1
implicate,comp_small_clause,0,estimated,0,,1
implicate,np_comp_alt,0,estimated,0,,1
implicate,direct_speech,0,estimated,0,,1
implicate,subjunctive_comp,0,estimated,0,,1
implicate,comp_for_to,0,estimated,0,,1
implicate,comp_bare_inf,0,estimated,0,,1
implicate,comp_exclamative,0,estimated,0,,1
implicate,comp_poss_ing,0,estimated,0,,1
implicate,extraposition,0,estimated,0,,1
implicate,raising,0,estimated,0,,1
implicate,ditransitive,0,estimated,0,,1
implicate,factive_passive,0,estimated,0,,1
implicate,neg_raising,0,estimated,0,,1
implicate,weak_island,0,estimated,0,,1
implicate,pro_complement,0,estimated,0,,1
implicate,npi_licenser,0,estimated,0,,1
implicate,stative,0,estimated,0,,1
implicate,content_noun_fact,0,estimated,0,,1
implicate,derived_nominal,0,estimated,0,,1
implicate,phrasal,0,lexical,0,,
implicate,be_copula,0,lexical,0,,
be_incorrect,that_omission,1,estimated,0,,1
be_incorrect,comp_inf,0,estimated,0,,1
be_incorrect,ecm,0,estimated,0,,1
be_incorrect,comp_interrog,0,estimated,0,,1
be_incorrect,comp_gerund,0,estimated,0,,1
be_incorrect,comp_small_clause,0,estimated,0,,1
be_incorrect,np_comp_alt,0,estimated,0,,1
be_incorrect,direct_speech,0,estimated,0,,1
be_incorrect,subjunctive_comp,0,estimated,0,,1
be_incorrect,comp_for_to,0,estimated,0,,1
be_incorrect,comp_bare_inf,0,estimated,0,,1
be_incorrect,comp_exclamative,0,estimated,0,,1
be_incorrect,comp_poss_ing,0,estimated,0,,1
be_incorrect,extraposition,0,estimated,0,,1
be_incorrect,raising,0,estimated,0,,1
be_incorrect,ditransitive,0,na,0,,
be_incorrect,factive_passive,0,na,0,,
be_incorrect,neg_raising,0,estimated,0,,1
be_incorrect,weak_island,0,estimated,0,,1
be_incorrect,pro_complement,0,estimated,0,,1
be_incorrect,npi_licenser,0,estimated,0,,1
be_incorrect,stative,1,estimated,0,,1
be_incorrect,content_noun_fact,0,estimated,0,,1
be_incorrect,derived_nominal,0,estimated,0,,1
be_incorrect,phrasal,0,lexical,0,,
be_incorrect,be_copula,1,lexical,0,,
be_incredulous,that_omission,1,estimated,0,,1
be_incredulous,comp_inf,0,estimated,0,,1
be_incredulous,ecm,0,estimated,0,,1
be_incredulous,comp_interrog,0,estimated,0,,1
be_incredulous,comp_gerund,1,estimated,0,,1
be_incredulous,comp_small_clause,0,estimated,0,,1
be_incredulous,np_comp_alt,0,estimated,0,,1
be_incredulous,direct_speech,0,estimated,0,,1
be_incredulous,subjunctive_comp,0,estimated,0,,1
be_incredulous,comp_for_to,0,estimated,0,,1
be_incredulous,comp_bare_inf,0,estimated,0,,1
be_incredulous,comp_exclamative,0,estimated,0,,1
be_incredulous,comp_poss_ing,0,estimated,0,,1
be_incredulous,extraposition,0,estimated,0,,1
be_incredulous,raising,0,estimated,0,,1
be_incredulous,ditransitive,0,na,0,,
be_incredulous,factive_passive,0,na,0,,
be_incredulous,neg_raising,0,estimated,0,,1
be_incredulous,weak_island,0,estimated,0,,1
be_incredulous,pro_complement,0,estimated,0,,1
be_incredulous,npi_licenser,0,estimated,0,,1
be_incredulous,stative,1,estimated,0,,1
be_incredulous,content_noun_fact,1,estimated,0,,1
be_incredulous,derived_nominal,0,estimated,0,,1
be_incredulous,phrasal,0,lexical,0,,
be_incredulous,be_copula,1,lexical,0,,
be_indignant,that_omission,1,estimated,0,,1
be_indignant,comp_inf,0,estimated,0,,1
be_indignant,ecm,0,estimated,0,,1
be_indignant,comp_interrog,0,estimated,0,,1
be_indignant,comp_gerund,1,estimated,0,,1
be_indignant,comp_small_clause,0,estimated,0,,1
be_indignant,np_comp_alt,0,estimated,0,,1
be_indignant,direct_speech,0,estimated,0,,1
be_indignant,subjunctive_comp,0,estimated,0,,1
be_indignant,comp_for_to,0,estimated,0,,1
be_indignant,comp_bare_inf,0,estimated,0,,1
be_indignant,comp_exclamative,0,estimated,0,,1
be_indignant,comp_poss_ing,0,estimated,0,,1
be_indignant,extraposition,0,estimated,0,,1
be_indignant,raising,0,estimated,0,,1
be_indignant,ditransitive,0,na,0,,
be_indignant,factive_passive,0,na,0,,
be_indignant,neg_raising,0,estimated,0,,1
be_indignant,weak_island,0,estimated,0,,1
be_indignant,pro_complement,0,estimated,0,,1
be_indignant,npi_licenser,0,estimated,0,,1
be_indignant,stative,1,estimated,0,,1
be_indignant,content_noun_fact,1,estimated,0,,1
be_indignant,derived_nominal,0,estimated,0,,1
be_indignant,phrasal,0,lexical,0,,
be_indignant,be_copula,1,lexical,0,,
be_insistent,that_omission,1,estimated,0,,1
be_insistent,comp_inf,0,estimated,0,,1
be_insistent,ecm,0,estimated,0,,1
be_insistent,comp_interrog,0,estimated,0,,1
be_insistent,comp_gerund,0,estimated,0,,1
be_insistent,comp_small_clause,0,estimated,0,,1
be_insistent,np_comp_alt,0,estimated,0,,1
be_insistent,direct_speech,0,estimated,0,,1
be_insistent,subjunctive_comp,0,estimated,0,,1
be_insistent,comp_for_to,0,estimated,0,,1
be_insistent,comp_bare_inf,0,estimated,0,,1
be_insistent,comp_exclamative,0,estimated,0,,1
be_insistent,comp_poss_ing,0,estimated,0,,1
be_insistent,extraposition,0,estimated,0,,1
be_insistent,raising,0,estimated,0,,1
be_insistent,ditransitive,0,na,0,,
be_insistent,factive_passive,0,na,0,,
be_insistent,neg_raising,0,estimated,0,,1
be_insistent,weak_island,0,estimated,0,,1
be_insistent,pro_complement,0,estimated,0,,1
be_insistent,npi_licenser,0,estimated,0,,1
be_insistent,stative,1,estimated,0,,1
be_insistent,content_noun_fact,0,estimated,0,,1
be_insistent,derived_nominal,0,estimated,0,,1
be_insistent,phrasal,0,lexical,0,,
be_insistent,be_copula,1,lexical,0,,
internalize,that_omission,1,estimated,0,,1
internalize,comp_inf,0,estimated,0,,1
internalize,ecm,0,estimated,0,,1
internalize,comp_interrog,1,estimated,0,,1
internalize,comp_gerund,0,estimated,0,,1
internalize,comp_small_clause,0,estimated,0,,1
internalize,np_comp_alt,0,estimated,0,,1
internalize,direct_speech,0,estimated,0,,1
internalize,subjunctive_comp,0,estimated,0,,1
internalize,comp_for_to,0,estimated,0,,1
internalize,comp_bare_inf,0,estimated,0,,1
internalize,comp_exclamative,0,estimated,0,,1
internalize,comp_poss_ing,0,estimated,0,,1
internalize,extraposition,0,estimated,0,,1
internalize,raising,0,estimated,0,,1
internalize,ditransitive,0,estimated,0,,1
internalize,factive_passive,0,estimated,0,,1
internalize,neg_raising,0,estimated,0,,1
internalize,weak_island,0,estimated,0,,1
internalize,pro_complement,0,estimated,0,,1
internalize,npi_licenser,0,estimated,0,,1
internalize,stative,1,estimated,0,,1
internalize,content_noun_fact,0,estimated,0,,1
internalize,derived_nominal,0,estimated,0,,1
internalize,phrasal,0,lexical,0,,
internalize,be_copula,0,lexical,0,,
be_irate,that_omission,1,estimated,0,,1
be_irate,comp_inf,0,estimated,0,,1
be_irate,ecm,0,estimated,0,,1
be_irate,comp_interrog,0,estimated,0,,1
be_irate,comp_gerund,1,estimated,0,,1
be_irate,comp_small_clause,0,estimated,0,,1
be_irate,np_comp_alt,0,estimated,0,,1
be_irate,direct_speech,0,estimated,0,,1
be_irate,subjunctive_comp,0,estimated,0,,1
be_irate,comp_for_to,0,estimated,0,,1
be_irate,comp_bare_inf,0,estimated,0,,1
be_irate,comp_exclamative,0,estimated,0,,1
be_irate,comp_poss_ing,0,estimated,0,,1
be_irate,extraposition,0,estimated,0,,1
be_irate,raising,0,estimated,0,,1
be_irate,ditransitive,0,na,0,,
be_irate,factive_passive,0,na,0,,
be_irate,neg_raising,0,estimated,0,,1
be_irate,weak_island,0,estimated,0,,1
be_irate,pro_complement,0,estimated,0,,1
be_irate,npi_licenser,0,estimated,0,,1
be_irate,stative,1,estimated,0,,1
be_irate,content_noun_fact,1,estimated,0,,1
be_irate,derived_nominal,0,estimated,0,,1
be_irate,phrasal,0,lexical,0,,
be_irate,be_copula,1,lexical,0,,
josh,that_omission,1,estimated,0,,1
josh,comp_inf,0,estimated,0,,1
josh,ecm,0,estimated,0,,1
josh,comp_interrog,1,estimated,0,,1
josh,comp_gerund,0,estimated,0,,1
josh,comp_small_clause,0,estimated,0,,1
josh,np_comp_alt,0,estimated,0,,1
josh,direct_speech,1,estimated,0,,1
josh,subjunctive_comp,0,estimated,0,,1
josh,comp_for_to,0,estimated,0,,1
josh,comp_bare_inf,0,estimated,0,,1
josh,comp_exclamative,0,estimated,0,,1
josh,comp_poss_ing,0,estimated,0,,1
josh,extraposition,0,estimated,0,,1
josh,raising,0,estimated,0,,1
josh,ditransitive,0,estimated,0,,1
josh,factive_passive,0,estimated,0,,1
josh,neg_raising,0,estimated,0,,1
josh,weak_island,0,estimated,0,,1
josh,pro_complement,0,estimated,0,,1
josh,npi_licenser,0,estimated,0,,1
josh,stative,0,estimated,0,,1
josh,content_noun_fact,0,estimated,0,,1
josh,derived_nominal,0,estimated,0,,1
josh,phrasal,0,lexical,0,,
josh,be_copula,0,lexical,0,,
be_joyful,that_omission,1,estimated,0,,1
be_joyful,comp_inf,0,estimated,0,,1
be_joyful,ecm,0,estimated,0,,1
be_joyful,comp_interrog,0,estimated,0,,1
be_joyful,comp_gerund,1,estimated,0,,1
be_joyful,comp_small_clause,0,estimated,0,,1
be_joyful,np_comp_alt,0,estimated,0,,1
be_joyful,direct_speech,0,estimated,0,,1
be_joyful,subjunctive_comp,0,estimated,0,,1
be_joyful,comp_for_to,0,estimated,0,,1
be_joyful,comp_bare_inf,0,estimated,0,,1
be_joyful,comp_exclamative,0,estimated,0,,1
be_joyful,comp_poss_ing,0,estimated,0,,1
be_joyful,extraposition,0,estimated,0,,1
be_joyful,raising,0,estimated,0,,1
be_joyful,ditransitive,0,na,0,,
be_joyful,factive_passive,0,na,0,,
be_joyful,neg_raising,0,estimated,0,,1
be_joyful,weak_island,0,estimated,0,,1
be_joyful,pro_complement,0,estimated,0,,1
be_joyful,npi_licenser,0,estimated,0,,1
be_joyful,stative,1,estimated,0,,1
be_joyful,content_noun_fact,1,estimated,0,,1
be_joyful,derived_nominal,0,estimated,0,,1
be_joyful,phrasal,0,lexical,0,,
be_joyful,be_copula,1,lexical,0,,
be_jubilant,that_omission,1,estimated,0,,1
be_jubilant,comp_inf,0,estimated,0,,1
be_jubilant,ecm,0,estimated,0,,1
be_jubilant,comp_interrog,0,estimated,0,,1
be_jubilant,comp_gerund,1,estimated,0,,1
be_jubilant,comp_small_clause,0,estimated,0,,1
be_jubilant,np_comp_alt,0,estimated,0,,1
be_jubilant,direct_speech,0,estimated,0,,1
be_jubilant,subjunctive_comp,0,estimated,0,,1
be_jubilant,comp_for_to,0,estimated,0,,1
be_jubilant,comp_bare_inf,0,estimated,0,,1
be_jubilant,comp_exclamative,0,estimated,0,,1
be_jubilant,comp_poss_ing,0,estimated,0,,1
be_jubilant,extraposition,0,estimated,0,,1
be_jubilant,raising,0,estimated,0,,1
be_jubilant,ditransitive,0,na,0,,
be_jubilant,factive_passive,0,na,0,,
be_jubilant,neg_raising,0,estimated,0,,1
be_jubilant,weak_island,0,estimated,0,,1
be_jubilant,pro_complement,0,estimated,0,,1
be_jubilant,npi_licenser,0,estimated,0,,1
be_jubilant,stative,1,estimated,0,,1
be_jubilant,content_noun_fact,1,estimated,0,,1
be_jubilant,derived_nominal,0,estimated,0,,1
be_jubilant,phrasal,0,lexical,0,,
be_jubilant,be_copula,1,lexical,0,,
be_keen,that_omission,1,estimated,0,,1
be_keen,comp_inf,0,estimated,0,,1
be_keen,ecm,0,estimated,0,,1
be_keen,comp_interrog,0,estimated,0,,1
be_keen,comp_gerund,1,estimated,0,,1
be_keen,comp_small_clause,0,estimated,0,,1
be_keen,np_comp_alt,0,estimated,0,,1
be_keen,direct_speech,0,estimated,0,,1
be_keen,subjunctive_comp,0,estimated,0,,1
be_keen,comp_for_to,0,estimated,0,,1
be_keen,comp_bare_inf,0,estimated,0,,1
be_keen,comp_exclamative,0,estimated,0,,1
be_keen,comp_poss_ing,0,estimated,0,,1
be_keen,extraposition,0,estimated,0,,1
be_keen,raising,0,estimated,0,,1
be_keen,ditransitive,0,na,0,,
be_keen,factive_passive,0,na,0,,
be_keen,neg_raising,0,estimated,0,,1
be_keen,weak_island,0,estimated,0,,1
be_keen,pro_complement,0,estimated,0,,1
be_keen,npi_licenser,0,estimated,0,,1
be_keen,stative,1,estimated,0,,1
be_keen,content_noun_fact,0,estimated,0,,1
be_keen,derived_nominal,0,estimated,0,,1
be_keen,phrasal,0,lexical,0,,
be_keen,be_copula,1,lexical,0,,
kvetch,that_omission,1,estimated,0,,1
kvetch,comp_inf,0,estimated,0,,1
kvetch,ecm,0,estimated,0,,1
kvetch,comp_interrog,1,estimated,0,,1
kvetch,comp_gerund,0,estimated,0,,1
kvetch,comp_small_clause,0,estimated,0,,1
kvetch,np_comp_alt,0,estimated,0,,1
kvetch,direct_speech,1,estimated,0,,1
kvetch,subjunctive_comp,0,estimated,0,,1
kvetch,comp_for_to,0,estimated,0,,1
kvetch,comp_bare_inf,0,estimated,0,,1
kvetch,comp_exclamative,0,estimated,0,,1
kvetch,comp_poss_ing,0,estimated,0,,1
kvetch,extraposition,0,estimated,0,,1
kvetch,raising,0,estimated,0,,1
kvetch,ditransitive,0,estimated,0,,1
kvetch,factive_passive,0,estimated,0,,1
kvetch,neg_raising,0,estimated,0,,1
kvetch,weak_island,0,estimated,0,,1
kvetch,pro_complement,0,estimated,0,,1
kvetch,npi_licenser,0,estimated,0,,1
kvetch,stative,0,estimated,0,,1
kvetch,content_noun_fact,0,estimated,0,,1
kvetch,derived_nominal,0,estimated,0,,1
kvetch,phrasal,0,lexical,0,,
kvetch,be_copula,0,lexical,0,,
laugh,that_omission,1,estimated,0,,1
laugh,comp_inf,0,estimated,0,,1
laugh,ecm,0,estimated,0,,1
laugh,comp_interrog,1,estimated,0,,1
laugh,comp_gerund,0,estimated,0,,1
laugh,comp_small_clause,0,estimated,0,,1
laugh,np_comp_alt,0,estimated,0,,1
laugh,direct_speech,1,estimated,0,,1
laugh,subjunctive_comp,0,estimated,0,,1
laugh,comp_for_to,0,estimated,0,,1
laugh,comp_bare_inf,0,estimated,0,,1
laugh,comp_exclamative,0,estimated,0,,1
laugh,comp_poss_ing,0,estimated,0,,1
laugh,extraposition,0,estimated,0,,1
laugh,raising,0,estimated,0,,1
laugh,ditransitive,0,estimated,0,,1
laugh,factive_passive,0,estimated,0,,1
laugh,neg_raising,0,estimated,0,,1
laugh,weak_island,0,estimated,0,,1
laugh,pro_complement,0,estimated,0,,1
laugh,npi_licenser,0,estimated,0,,1
laugh,stative,0,estimated,0,,1
laugh,content_noun_fact,0,estimated,0,,1
laugh,derived_nominal,0,estimated,0,,1
laugh,phrasal,0,lexical,0,,
laugh,be_copula,0,lexical,0,,
be_leery,that_omission,1,estimated,0,,1
be_leery,comp_inf,0,estimated,0,,1
be_leery,ecm,0,estimated,0,,1
be_leery,comp_interrog,0,estimated,0,,1
be_leery,comp_gerund,1,estimated,0,,1
be_leery,comp_small_clause,0,estimated,0,,1
be_leery,np_comp_alt,0,estimated,0,,1
be_leery,direct_speech,0,estimated,0,,1
be_leery,subjunctive_comp,0,estimated,0,,1
be_leery,comp_for_to,0,estimated,0,,1
be_leery,comp_bare_inf,0,estimated,0,,1
be_leery,comp_exclamative,0,estimated,0,,1
be_leery,comp_poss_ing,0,estimated,0,,1
be_leery,extraposition,0,estimated,0,,1
be_leery,raising,0,estimated,0,,1
be_leery,ditransitive,0,na,0,,
be_leery,factive_passive,0,na,0,,
be_leery,neg_raising,0,estimated,0,,1
be_leery,weak_island,0,estimated,0,,1
be_leery,pro_complement,0,estimated,0,,1
be_leery,npi_licenser,0,estimated,0,,1
be_leery,stative,1,estimated,0,,1
be_leery,content_noun_fact,1,estimated,0,,1
be_leery,derived_nominal,0,estimated,0,,1
be_leery,phrasal,0,lexical,0,,
be_leery,be_copula,1,lexical,0,,
be_livid,that_omission,1,estimated,0,,1
be_livid,comp_inf,0,estimated,0,,1
be_livid,ecm,0,estimated,0,,1
be_livid,comp_interrog,0,estimated,0,,1
be_livid,comp_gerund,1,estimated,0,,1
be_livid,comp_small_clause,0,estimated,0,,1
be_livid,np_comp_alt,0,estimated,0,,1
be_livid,direct_speech,0,estimated,0,,1
be_livid,subjunctive_comp,0,estimated,0,,1
be_livid,comp_for_to,0,estimated,0,,1
be_livid,comp_bare_inf,0,estimated,0,,1
be_livid,comp_exclamative,0,estimated,0,,1
be_livid,comp_poss_ing,0,estimated,0,,1
be_livid,extraposition,0,estimated,0,,1
be_livid,raising,0,estimated,0,,1
be_livid,ditransitive,0,na,0,,
be_livid,factive_passive,0,na,0,,
be_livid,neg_raising,0,estimated,0,,1
be_livid,weak_island,0,estimated,0,,1
be_livid,pro_complement,0,estimated,0,,1
be_livid,npi_licenser,0,estimated,0,,1
be_livid,stative,1,estimated,0,,1
be_livid,content_noun_fact,1,estimated,0,,1
be_livid,derived_nominal,0,estimated,0,,1
be_livid,phrasal,0,lexical,0,,
be_livid,be_copula,1,lexical,0,,
be_lucky,that_omission,1,estimated,0,,1
be_lucky,comp_inf,0,estimated,0,,1
be_lucky,ecm,0,estimated,0,,1
be_lucky,comp_interrog,0,estimated,0,,1
be_lucky,comp_gerund,1,estimated,0,,1
be_lucky,comp_small_clause,0,estimated,0,,1
be_lucky,np_comp_alt,0,estimated,0,,1
be_lucky,direct_speech,0,estimated,0,,1
be_lucky,subjunctive_comp,0,estimated,0,,1
be_lucky,comp_for_to,0,estimated,0,,1
be_lucky,comp_bare_inf,0,estimated,0,,1
be_lucky,comp_exclamative,0,estimated,0,,1
be_lucky,comp_poss_ing,0,estimated,0,,1
be_lucky,extraposition,0,estimated,0,,1
be_lucky,raising,0,estimated,0,,1
be_lucky,ditransitive,0,na,0,,
be_lucky,factive_passive,0,na,0,,
be_lucky,neg_raising,0,estimated,0,,1
be_lucky,weak_island,0,estimated,0,,1
be_lucky,pro_complement,0,estimated,0,,1
be_lucky,npi_licenser,0,estimated,0,,1
be_lucky,stative,1,estimated,0,,1
be_lucky,content_noun_fact,1,estimated,0,,1
be_lucky,derived_nominal,0,estimated,0,,1
be_lucky,phrasal,0,lexical,0,,
be_lucky,be_copula,1,lexical,0,,
be_maniacal,that_omission,1,estimated,0,,1
be_maniacal,comp_inf,0,estimated,0,,1
be_maniacal,ecm,0,estimated,0,,1
be_maniacal,comp_interrog,0,estimated,0,,1
be_maniacal,comp_gerund,1,estimated,0,,1
be_maniacal,comp_small_clause,0,estimated,0,,1
be_maniacal,np_comp_alt,0,estimated,0,,1
be_maniacal,direct_speech,0,estimated,0,,1
be_maniacal,subjunctive_comp,0,estimated,0,,1
be_maniacal,comp_for_to,0,estimated,0,,1
be_maniacal,comp_bare_inf,0,estimated,0,,1
be_maniacal,comp_exclamative,0,estimated,0,,1
be_maniacal,comp_poss_ing,0,estimated,0,,1
be_maniacal,extraposition,0,estimated,0,,1
be_maniacal,raising,0,estimated,0,,1
be_maniacal,ditransitive,0,na,0,,
be_maniacal,factive_passive,0,na,0,,
be_maniacal,neg_raising,0,estimated,0,,1
be_maniacal,weak_island,0,estimated,0,,1
be_maniacal,pro_complement,0,estimated,0,,1
be_maniacal,npi_licenser,0,estimated,0,,1
be_maniacal,stative,1,estimated,0,,1
be_maniacal,content_noun_fact,0,estimated,0,,1
be_maniacal,derived_nominal,0,estimated,0,,1
be_maniacal,phrasal,0,lexical,0,,
be_maniacal,be_copula,1,lexical,0,,
manifest,that_omission,1,estimated,0,,1
manifest,comp_inf,0,estimated,0,,1
manifest,ecm,0,estimated,0,,1
manifest,comp_interrog,1,estimated,0,,1
manifest,comp_gerund,0,estimated,0,,1
manifest,comp_small_clause,0,estimated,0,,1
manifest,np_comp_alt,0,estimated,0,,1
manifest,direct_speech,0,estimated,0,,1
manifest,subjunctive_comp,0,estimated,0,,1
manifest,comp_for_to,0,estimated,0,,1
manifest,comp_bare_inf,0,estimated,0,,1
manifest,comp_exclamative,0,estimated,0,,1
manifest,comp_poss_ing,0,estimated,0,,1
manifest,extraposition,0,estimated,0,,1
manifest,raising,0,estimated,0,,1
manifest,ditransitive,0,estimated,0,,1
manifest,factive_passive,0,estimated,0,,1
manifest,neg_raising,0,estimated,0,,1
manifest,weak_island,0,estimated,0,,1
manifest,pro_complement,0,estimated,0,,1
manifest,npi_licenser,0,estimated,0,,1
manifest,stative,0,estimated,0,,1
manifest,content_noun_fact,0,estimated,0,,1
manifest,derived_nominal,0,estimated,0,,1
manifest,phrasal,0,lexical,0,,
manifest,be_copula,0,lexical,0,,
be_mindful,that_omission,1,estimated,0,,1
be_mindful,comp_inf,0,estimated,0,,1
be_mindful,ecm,0,estimated,0,,1
be_mindful,comp_interrog,0,estimated,0,,1
be_mindful,comp_gerund,0,estimated,0,,1
be_mindful,comp_small_clause,0,estimated,0,,1
be_mindful,np_comp_alt,0,estimated,0,,1
be_mindful,direct_speech,0,estimated,0,,1
be_mindful,subjunctive_comp,0,estimated,0,,1
be_mindful,comp_for_to,0,estimated,0,,1
be_mindful,comp_bare_inf,0,estimated,0,,1
be_mindful,comp_exclamative,0,estimated,0,,1
be_mindful,comp_poss_ing,0,estimated,0,,1
be_mindful,extraposition,0,estimated,0,,1
be_mindful,raising,0,estimated,0,,1
be_mindful,ditransitive,0,na,0,,
be_mindful,factive_passive,0,na,0,,
be_mindful,neg_raising,0,estimated,0,,1
be_mindful,weak_island,0,estimated,0,,1
be_mindful,pro_complement,0,estimated,0,,1
be_mindful,npi_licenser,0,estimated,0,,1
be_mindful,stative,1,estimated,0,,1
be_mindful,content_noun_fact,1,estimated,0,,1
be_mindful,derived_nominal,0,estimated,0,,1
be_mindful,phrasal,0,lexical,0,,
be_mindful,be_copula,1,lexical,0,,
mystified,that_omission,1,estimated,0,,1
mystified,comp_inf,0,estimated,0,,1
mystified,ecm,0,estimated,0,,1
mystified,comp_interrog,1,estimated,0,,1
mystified,comp_gerund,0,estimated,0,,1
mystified,comp_small_clause,0,estimated,0,,1
mystified,np_comp_alt,0,estimated,0,,1
mystified,direct_speech,0,estimated,0,,1
mystified,subjunctive_comp,0,estimated,0,,1
mystified,comp_for_to,0,estimated,0,,1
mystified,comp_bare_inf,0,estimated,0,,1
mystified,comp_exclamative,0,estimated,0,,1
mystified,comp_poss_ing,0,estimated,0,,1
mystified,extraposition,0,estimated,0,,1
mystified,raising,0,estimated,0,,1
mystified,ditransitive,0,estimated,0,,1
mystified,factive_passive,1,estimated,0,,1
mystified,neg_raising,0,estimated,0,,1
mystified,weak_island,0,estimated,0,,1
mystified,pro_complement,0,estimated,0,,1
mystified,npi_licenser,0,estimated,0,,1
mystified,stative,1,estimated,0,,1
mystified,content_noun_fact,1,estimated,0,,1
mystified,derived_nominal,0,estimated,0,,1
mystified,phrasal,0,lexical,0,,
mystified,be_copula,0,lexical,0,,
be_nervous,that_omission,1,estimated,0,,1
be_nervous,comp_inf,0,estimated,0,,1
be_nervous,ecm,0,estimated,0,,1
be_nervous,comp_interrog,0,estimated,0,,1
be_nervous,comp_gerund,1,estimated,0,,1
be_nervous,comp_small_clause,0,estimated,0,,1
be_nervous,np_comp_alt,0,estimated,0,,1
be_nervous,direct_speech,0,estimated,0,,1
be_nervous,subjunctive_comp,0,estimated,0,,1
be_nervous,comp_for_to,0,estimated,0,,1
be_nervous,comp_bare_inf,0,estimated,0,,1
be_nervous,comp_exclamative,0,estimated,0,,1
be_nervous,comp_poss_ing,0,estimated,0,,1
be_nervous,extraposition,0,estimated,0,,1
be_nervous,raising,0,estimated,0,,1
be_nervous,ditransitive,0,na,0,,
be_nervous,factive_passive,0,na,0,,
be_nervous,neg_raising,0,estimated,0,,1
be_nervous,weak_island,0,estimated,0,,1
be_nervous,pro_complement,0,estimated,0,,1
be_nervous,npi_licenser,0,estimated,0,,1
be_nervous,stative,1,estimated,0,,1
be_nervous,content_noun_fact,1,estimated,0,,1
be_nervous,derived_nominal,0,estimated,0,,1
be_nervous,phrasal,0,lexical,0,,
be_nervous,be_copula,1,lexical,0,,
be_oblivious,that_omission,1,estimated,0,,1
be_oblivious,comp_inf,0,estimated,0,,1
be_oblivious,ecm,0,estimated,0,,1
be_oblivious,comp_interrog,0,estimated,0,,1
be_oblivious,comp_gerund,1,estimated,0,,1
be_oblivious,comp_small_clause,0,estimated,0,,1
be_oblivious,np_comp_alt,0,estimated,0,,1
be_oblivious,direct_speech,0,estimated,0,,1
be_oblivious,subjunctive_comp,0,estimated,0,,1
be_oblivious,comp_for_to,0,estimated,0,,1
be_oblivious,comp_bare_inf,0,estimated,0,,1
be_oblivious,comp_exclamative,0,estimated,0,,1
be_oblivious,comp_poss_ing,0,estimated,0,,1
be_oblivious,extraposition,0,estimated,0,,1
be_oblivious,raising,0,estimated,0,,1
be_oblivious,ditransitive,0,na,0,,
be_oblivious,factive_passive,0,na,0,,
be_oblivious,neg_raising,0,estimated,0,,1
be_oblivious,weak_island,0,estimated,0,,1
be_oblivious,pro_complement,0,estimated,0,,1
be_oblivious,npi_licenser,0,estimated,0,,1
be_oblivious,stative,1,estimated,0,,1
be_oblivious,content_noun_fact,1,estimated,0,,1
be_oblivious,derived_nominal,0,estimated,0,,1
be_oblivious,phrasal,0,lexical,0,,
be_oblivious,be_copula,1,lexical,0,,
obsess,that_omission,1,estimated,0,,1
obsess,comp_inf,0,estimated,0,,1
obsess,ecm,0,estimated,0,,1
obsess,comp_interrog,0,estimated,0,,1
obsess,comp_gerund,1,estimated,0,,1
obsess,comp_small_clause,0,estimated,0,,1
obsess,np_comp_alt,0,estimated,0,,1
obsess,direct_speech,0,estimated,0,,1
obsess,subjunctive_comp,0,estimated,0,,1
obsess,comp_for_to,0,estimated,0,,1
obsess,comp_bare_inf,0,estimated,0,,1
obsess,comp_exclamative,0,estimated,0,,1
obsess,comp_poss_ing,0,estimated,0,,1
obsess,extraposition,1,estimated,0,,1
obsess,raising,0,estimated,0,,1
obsess,ditransitive,0,estimated,0,,1
obsess,factive_passive,0,estimated,0,,1
obsess,neg_raising,0,estimated,0,,1
obsess,weak_island,0,estimated,0,,1
obsess,pro_complement,0,estimated,0,,1
obsess,npi_licenser,0,estimated,0,,1
obsess,stative,1,estimated,0,,1
obsess,content_noun_fact,0,estimated,0,,1
obsess,derived_nominal,0,estimated,0,,1
obsess,phrasal,0,lexical,0,,
obsess,be_copula,0,lexical,0,,
be_optimistic,that_omission,1,estimated,0,,1
be_optimistic,comp_inf,0,estimated,0,,1
be_optimistic,ecm,0,estimated,0,,1
be_optimistic,comp_interrog,0,estimated,0,,1
be_optimistic,comp_gerund,1,estimated,0,,1
be_optimistic,comp_small_clause,0,estimated,0,,1
be_optimistic,np_comp_alt,0,estimated,0,,1
be_optimistic,direct_speech,0,estimated,0,,1
be_optimistic,subjunctive_comp,0,estimated,0,,1
be_optimistic,comp_for_to,0,estimated,0,,1
be_optimistic,comp_bare_inf,0,estimated,0,,1
be_optimistic,comp_exclamative,0,estimated,0,,1
be_optimistic,comp_poss_ing,0,estimated,0,,1
be_optimistic,extraposition,0,estimated,0,,1
be_optimistic,raising,0,estimated,0,,1
be_optimistic,ditransitive,0,na,0,,
be_optimistic,factive_passive,0,na,0,,
be_optimistic,neg_raising,0,estimated,0,,1
be_optimistic,weak_island,0,estimated,0,,1
be_optimistic,pro_complement,0,estimated,0,,1
be_optimistic,npi_licenser,0,estimated,0,,1
be_optimistic,stative,1,estimated,0,,1
be_optimistic,content_noun_fact,0,estimated,0,,1
be_optimistic,derived_nominal,0,estimated,0,,1
be_optimistic,phrasal,0,lexical,0,,
be_optimistic,be_copula,1,lexical,0,,
be_overconfident,that_omission,1,estimated,0,,1
be_overconfident,comp_inf,0,estimated,0,,1
be_overconfident,ecm,0,estimated,0,,1
be_overconfident,comp_interrog,0,estimated,0,,1
be_overconfident,comp_gerund,1,estimated,0,,1
be_overconfident,comp_small_clause,0,estimated,0,,1
be_overconfident,np_comp_alt,0,estimated,0,,1
be_overconfident,direct_speech,0,estimated,0,,1
be_overconfident,subjunctive_comp,0,estimated,0,,1
be_overconfident,comp_for_to,0,estimated,0,,1
be_overconfident,comp_bare_inf,0,estimated,0,,1
be_overconfident,comp_exclamative,0,estimated,0,,1
be_overconfident,comp_poss_ing,0,estimated,0,,1
be_overconfident,extraposition,0,estimated,0,,1
be_overconfident,raising,0,estimated,0,,1
be_overconfident,ditransitive,0,na,0,,
be_overconfident,factive_passive,0,na,0,,
be_overconfident,neg_raising,0,estimated,0,,1
be_overconfident,weak_island,0,estimated,0,,1
be_overconfident,pro_complement,0,estimated,0,,1
be_overconfident,npi_licenser,0,estimated,0,,1
be_overconfident,stative,1,estimated,0,,1
be_overconfident,content_noun_fact,0,estimated,0,,1
be_overconfident,derived_nominal,0,estimated,0,,1
be_overconfident,phrasal,0,lexical,0,,
be_overconfident,be_copula,1,lexical,0,,
overemphasize,that_omission,1,estimated,0,,1
overemphasize,comp_inf,0,estimated,0,,1
overemphasize,ecm,0,estimated,0,,1
overemphasize,comp_interrog,1,estimated,0,,1
overemphasize,comp_gerund,0,estimated,0,,1
overemphasize,comp_small_clause,0,estimated,0,,1
overemphasize,np_comp_alt,0,estimated,0,,1
overemphasize,direct_speech,1,estimated,0,,1
overemphasize,subjunctive_comp,0,estimated,0,,1
overemphasize,comp_for_to,0,estimated,0,,1
overemphasize,comp_bare_inf,0,estimated,0,,1
overemphasize,comp_exclamative,0,estimated,0,,1
overemphasize,comp_poss_ing,0,estimated,0,,1
overemphasize,extraposition,0,estimated,0,,1
overemphasize,raising,0,estimated,0,,1
overemphasize,ditransitive,0,estimated,0,,1
overemphasize,factive_passive,0,estimated,0,,1
overemphasize,neg_raising,0,estimated,0,,1
overemphasize,weak_island,0,estimated,0,,1
overemphasize,pro_complement,0,estimated,0,,1
overemphasize,npi_licenser,0,estimated,0,,1
overemphasize,stative,0,estimated,0,,1
overemphasize,content_noun_fact,0,estimated,0,,1
overemphasize,derived_nominal,0,estimated,0,,1
overemphasize,phrasal,0,lexical,0,,
overemphasize,be_copula,0,lexical,0,,
be_overjoyed,that_omission,1,estimated,0,,1
be_overjoyed,comp_inf,0,estimated,0,,1
be_overjoyed,ecm,0,estimated,0,,1
be_overjoyed,comp_interrog,0,estimated,0,,1
be_overjoyed,comp_gerund,1,estimated,0,,1
be_overjoyed,comp_small_clause,0,estimated,0,,1
be_overjoyed,np_comp_alt,0,estimated,0,,1
be_overjoyed,direct_speech,0,estimated,0,,1
be_overjoyed,subjunctive_comp,0,estimated,0,,1
be_overjoyed,comp_for_to,0,estimated,0,,1
be_overjoyed,comp_bare_inf,0,estimated,0,,1
be_overjoyed,comp_exclamative,0,estimated,0,,1
be_overjoyed,comp_poss_ing,0,estimated,0,,1
be_overjoyed,extraposition,0,estimated,0,,1
be_overjoyed,raising,0,estimated,0,,1
be_overjoyed,ditransitive,0,na,0,,
be_overjoyed,factive_passive,0,na,0,,
be_overjoyed,neg_raising,0,estimated,0,,1
be_overjoyed,weak_island,0,estimated,0,,1
be_overjoyed,pro_complement,0,estimated,0,,1
be_overjoyed,npi_licenser,0,estimated,0,,1
be_overjoyed,stative,1,estimated,0,,1
be_overjoyed,content_noun_fact,1,estimated,0,,1
be_overjoyed,derived_nominal,0,estimated,0,,1
be_overjoyed,phrasal,0,lexical,0,,
be_overjoyed,be_copula,1,lexical,0,,
be_pained,that_omission,1,estimated,0,,1
be_pained,comp_inf,0,estimated,0,,1
be_pained,ecm,0,estimated,0,,1
be_pained,comp_interrog,0,estimated,0,,1
be_pained,comp_gerund,1,estimated,0,,1
be_pained,comp_small_clause,0,estimated,0,,1
be_pained,np_comp_alt,0,estimated,0,,1
be_pained,direct_speech,0,estimated,0,,1
be_pained,subjunctive_comp,0,estimated,0,,1
be_pained,comp_for_to,0,estimated,0,,1
be_pained,comp_bare_inf,0,estimated,0,,1
be_pained,comp_exclamative,0,estimated,0,,1
be_pained,comp_poss_ing,0,estimated,0,,1
be_pained,extraposition,0,estimated,0,,1
be_pained,raising,0,estimated,0,,1
be_pained,ditransitive,0,na,0,,
be_pained,factive_passive,0,na,0,,
be_pained,neg_raising,0,estimated,0,,1
be_pained,weak_island,0,estimated,0,,1
be_pained,pro_complement,0,estimated,0,,1
be_pained,npi_licenser,0,estimated,0,,1
be_pained,stative,1,estimated,0,,1
be_pained,content_noun_fact,1,estimated,0,,1
be_pained,derived_nominal,0,estimated,0,,1
be_pained,phrasal,0,lexical,0,,
be_pained,be_copula,1,lexical,0,,
be_paranoid,that_omission,1,estimated,0,,1
be_paranoid,comp_inf,0,estimated,0,,1
be_paranoid,ecm,0,estimated,0,,1
be_paranoid,comp_interrog,0,estimated,0,,1
be_paranoid,comp_gerund,0,estimated,0,,1
be_paranoid,comp_small_clause,0,estimated,0,,1
be_paranoid,np_comp_alt,0,estimated,0,,1
be_paranoid,direct_speech,0,estimated,0,,1
be_paranoid,subjunctive_comp,0,estimated,0,,1
be_paranoid,comp_for_to,0,estimated,0,,1
be_paranoid,comp_bare_inf,0,estimated,0,,1
be_paranoid,comp_exclamative,0,estimated,0,,1
be_paranoid,comp_poss_ing,0,estimated,0,,1
be_paranoid,extraposition,0,estimated,0,,1
be_paranoid,raising,0,estimated,0,,1
be_paranoid,ditransitive,0,na,0,,
be_paranoid,factive_passive,0,na,0,,
be_paranoid,neg_raising,0,estimated,0,,1
be_paranoid,weak_island,0,estimated,0,,1
be_paranoid,pro_complement,0,estimated,0,,1
be_paranoid,npi_licenser,0,estimated,0,,1
be_paranoid,stative,1,estimated,0,,1
be_paranoid,content_noun_fact,0,estimated,0,,1
be_paranoid,derived_nominal,0,estimated,0,,1
be_paranoid,phrasal,0,lexical,0,,
be_paranoid,be_copula,1,lexical,0,,
be_peeved,that_omission,1,estimated,0,,1
be_peeved,comp_inf,0,estimated,0,,1
be_peeved,ecm,0,estimated,0,,1
be_peeved,comp_interrog,0,estimated,0,,1
be_peeved,comp_gerund,1,estimated,0,,1
be_peeved,comp_small_clause,0,estimated,0,,1
be_peeved,np_comp_alt,0,estimated,0,,1
be_peeved,direct_speech,0,estimated,0,,1
be_peeved,subjunctive_comp,0,estimated,0,,1
be_peeved,comp_for_to,0,estimated,0,,1
be_peeved,comp_bare_inf,0,estimated,0,,1
be_peeved,comp_exclamative,0,estimated,0,,1
be_peeved,comp_poss_ing,0,estimated,0,,1
be_peeved,extraposition,0,estimated,0,,1
be_peeved,raising,0,estimated,0,,1
be_peeved,ditransitive,0,na,0,,
be_peeved,factive_passive,0,na,0,,
be_peeved,neg_raising,0,estimated,0,,1
be_peeved,weak_island,0,estimated,0,,1
be_peeved,pro_complement,0,estimated,0,,1
be_peeved,npi_licenser,0,estimated,0,,1
be_peeved,stative,1,estimated,0,,1
be_peeved,content_noun_fact,1,estimated,0,,1
be_peeved,derived_nominal,0,estimated,0,,1
be_peeved,phrasal,0,lexical,0,,
be_peeved,be_copula,1,lexical,0,,
be_pessimistic,that_omission,1,estimated,0,,1
be_pessimistic,comp_inf,0,estimated,0,,1
be_pessimistic,ecm,0,estimated,0,,1
be_pessimistic,comp_interrog,0,estimated,0,,1
be_pessimistic,comp_gerund,1,estimated,0,,1
be_pessimistic,comp_small_clause,0,estimated,0,,1
be_pessimistic,np_comp_alt,0,estimated,0,,1
be_pessimistic,direct_speech,0,estimated,0,,1
be_pessimistic,subjunctive_comp,0,estimated,0,,1
be_pessimistic,comp_for_to,0,estimated,0,,1
be_pessimistic,comp_bare_inf,0,estimated,0,,1
be_pessimistic,comp_exclamative,0,estimated,0,,1
be_pessimistic,comp_poss_ing,0,estimated,0,,1
be_pessimistic,extraposition,0,estimated,0,,1
be_pessimistic,raising,0,estimated,0,,1
be_pessimistic,ditransitive,0,na,0,,
be_pessimistic,factive_passive,0,na,0,,
be_pessimistic,neg_raising,0,estimated,0,,1
be_pessimistic,weak_island,0,estimated,0,,1
be_pessimistic,pro_complement,0,estimated,0,,1
be_pessimistic,npi_licenser,0,estimated,0,,1
be_pessimistic,stative,1,estimated,0,,1
be_pessimistic,content_noun_fact,0,estimated,0,,1
be_pessimistic,derived_nominal,0,estimated,0,,1
be_pessimistic,phrasal,0,lexical,0,,
be_pessimistic,be_copula,1,lexical,0,,
be_petrified,that_omission,1,estimated,0,,1
be_petrified,comp_inf,0,estimated,0,,1
be_petrified,ecm,0,estimated,0,,1
be_petrified,comp_interrog,0,estimated,0,,1
be_petrified,comp_gerund,1,estimated,0,,1
be_petrified,comp_small_clause,0,estimated,0,,1
be_petrified,np_comp_alt,0,estimated,0,,1
be_petrified,direct_speech,0,estimated,0,,1
be_petrified,subjunctive_comp,0,estimated,0,,1
be_petrified,comp_for_to,0,estimated,0,,1
be_petrified,comp_bare_inf,0,estimated,0,,1
be_petrified,comp_exclamative,0,estimated,0,,1
be_petrified,comp_poss_ing,0,estimated,0,,1
be_petrified,extraposition,0,estimated,0,,1
be_petrified,raising,0,estimated,0,,1
be_petrified,ditransitive,0,na,0,,
be_petrified,factive_passive,0,na,0,,
be_petrified,neg_raising,0,estimated,0,,1
be_petrified,weak_island,0,estimated,0,,1
be_petrified,pro_complement,0,estimated,0,,1
be_petrified,npi_licenser,0,estimated,0,,1
be_petrified,stative,1,estimated,0,,1
be_petrified,content_noun_fact,0,estimated,0,,1
be_petrified,derived_nominal,0,estimated,0,,1
be_petrified,phrasal,0,lexical,0,,
be_petrified,be_copula,1,lexical,0,,
philosophize,that_omission,1,estimated,0,,1
philosophize,comp_inf,0,estimated,0,,1
philosophize,ecm,0,estimated,0,,1
philosophize,comp_interrog,1,estimated,0,,1
philosophize,comp_gerund,0,estimated,0,,1
philosophize,comp_small_clause,0,estimated,0,,1
philosophize,np_comp_alt,0,estimated,0,,1
philosophize,direct_speech,1,estimated,0,,1
philosophize,subjunctive_comp,0,estimated,0,,1
philosophize,comp_for_to,0,estimated,0,,1
philosophize,comp_bare_inf,0,estimated,0,,1
philosophize,comp_exclamative,0,estimated,0,,1
philosophize,comp_poss_ing,0,estimated,0,,1
philosophize,extraposition,0,estimated,0,,1
philosophize,raising,0,estimated,0,,1
philosophize,ditransitive,0,estimated,0,,1
philosophize,factive_passive,0,estimated,0,,1
philosophize,neg_raising,0,estimated,0,,1
philosophize,weak_island,0,estimated,0,,1
philosophize,pro_complement,0,estimated,0,,1
philosophize,npi_licenser,0,estimated,0,,1
philosophize,stative,0,estimated,0,,1
philosophize,content_noun_fact,0,estimated,0,,1
philosophize,derived_nominal,0,estimated,0,,1
philosophize,phrasal,0,lexical,0,,
philosophize,be_copula,0,lexical,0,,
be_pissed,that_omission,1,estimated,0,,1
be_pissed,comp_inf,0,estimated,0,,1
be_pissed,ecm,0,estimated,0,,1
be_pissed,comp_interrog,0,estimated,0,,1
be_pissed,comp_gerund,1,estimated,0,,1
be_pissed,comp_small_clause,0,estimated,0,,1
be_pissed,np_comp_alt,0,estimated,0,,1
be_pissed,direct_speech,0,estimated,0,,1
be_pissed,subjunctive_comp,0,estimated,0,,1
be_pissed,comp_for_to,0,estimated,0,,1
be_pissed,comp_bare_inf,0,estimated,0,,1
be_pissed,comp_exclamative,0,estimated,0,,1
be_pissed,comp_poss_ing,0,estimated,0,,1
be_pissed,extraposition,0,estimated,0,,1
be_pissed,raising,0,estimated,0,,1
be_pissed,ditransitive,0,na,0,,
be_pissed,factive_passive,0,na,0,,
be_pissed,neg_raising,0,estimated,0,,1
be_pissed,weak_island,0,estimated,0,,1
be_pissed,pro_complement,0,estimated,0,,1
be_pissed,npi_licenser,0,estimated,0,,1
be_pissed,stative,1,estimated,0,,1
be_pissed,content_noun_fact,1,estimated,0,,1
be_pissed,derived_nominal,0,estimated,0,,1
be_pissed,phrasal,0,lexical,0,,
be_pissed,be_copula,1,lexical,0,,
be_positive,that_omission,1,estimated,0,,1
be_positive,comp_inf,0,estimated,0,,1
be_positive,ecm,0,estimated,0,,1
be_positive,comp_interrog,0,estimated,0,,1
be_positive,comp_gerund,0,estimated,0,,1
be_positive,comp_small_clause,0,estimated,0,,1
be_positive,np_comp_alt,0,estimated,0,,1
be_positive,direct_speech,0,estimated,0,,1
be_positive,subjunctive_comp,0,estimated,0,,1
be_positive,comp_for_to,0,estimated,0,,1
be_positive,comp_bare_inf,0,estimated,0,,1
be_positive,comp_exclamative,0,estimated,0,,1
be_positive,comp_poss_ing,0,estimated,0,,1
be_positive,extraposition,0,estimated,0,,1
be_positive,raising,0,estimated,0,,1
be_positive,ditransitive,0,na,0,,
be_positive,factive_passive,0,na,0,,
be_positive,neg_raising,0,estimated,0,,1
be_positive,weak_island,0,estimated,0,,1
be_positive,pro_complement,0,estimated,0,,1
be_positive,npi_licenser,0,estimated,0,,1
be_positive,stative,1,estimated,0,,1
be_positive,content_noun_fact,0,estimated,0,,1
be_positive,derived_nominal,0,estimated,0,,1
be_positive,phrasal,0,lexical,0,,
be_positive,be_copula,1,lexical,0,,
postulate,that_omission,1,estimated,0,,1
postulate,comp_inf,0,estimated,0,,1
postulate,ecm,0,estimated,0,,1
postulate,comp_interrog,1,estimated,0,,1
postulate,comp_gerund,0,estimated,0,,1
postulate,comp_small_clause,0,estimated,0,,1
postulate,np_comp_alt,0,estimated,0,,1
postulate,direct_speech,0,estimated,0,,1
postulate,subjunctive_comp,0,estimated,0,,1
postulate,comp_for_to,0,estimated,0,,1
postulate,comp_bare_inf,0,estimated,0,,1
postulate,comp_exclamative,0,estimated,0,,1
postulate,comp_poss_ing,0,estimated,0,,1
postulate,extraposition,0,estimated,0,,1
postulate,raising,0,estimated,0,,1
postulate,ditransitive,0,estimated,0,,1
postulate,factive_passive,0,estimated,0,,1
postulate,neg_raising,0,estimated,0,,1
postulate,weak_island,0,estimated,0,,1
postulate,pro_complement,0,estimated,0,,1
postulate,npi_licenser,0,estimated,0,,1
postulate,stative,1,estimated,0,,1
postulate,content_noun_fact,0,estimated,0,,1
postulate,derived_nominal,0,estimated,0,,1
postulate,phrasal,0,lexical,0,,
postulate,be_copula,0,lexical,0,,
prognosticate,that_omission,1,estimated,0,,1
prognosticate,comp_inf,0,estimated,0,,1
prognosticate,ecm,0,estimated,0,,1
prognosticate,comp_interrog,1,estimated,0,,1
prognosticate,comp_gerund,0,estimated,0,,1
prognosticate,comp_small_clause,0,estimated,0,,1
prognosticate,np_comp_alt,0,estimated,0,,1
prognosticate,direct_speech,0,estimated,0,,1
prognosticate,subjunctive_comp,0,estimated,0,,1
prognosticate,comp_for_to,0,estimated,0,,1
prognosticate,comp_bare_inf,0,estimated,0,,1
prognosticate,comp_exclamative,0,estimated,0,,1
prognosticate,comp_poss_ing,0,estimated,0,,1
prognosticate,extraposition,0,estimated,0,,1
prognosticate,raising,0,estimated,0,,1
prognosticate,ditransitive,0,estimated,0,,1
prognosticate,factive_passive,0,estimated,0,,1
prognosticate,neg_raising,0,estimated,0,,1
prognosticate,weak_island,0,estimated,0,,1
prognosticate,pro_complement,0,estimated,0,,1
prognosticate,npi_licenser,0,estimated,0,,1
prognosticate,stative,1,estimated,0,,1
prognosticate,content_noun_fact,0,estimated,0,,1
prognosticate,derived_nominal,0,estimated,0,,1
prognosticate,phrasal,0,lexical,0,,
prognosticate,be_copula,0,lexical,0,,
project,that_omission,1,estimated,0,,1
project,comp_inf,0,estimated,0,,1
project,ecm,0,estimated,0,,1
project,comp_interrog,1,estimated,0,,1
project,comp_gerund,0,estimated,0,,1
project,comp_small_clause,0,estimated,0,,1
project,np_comp_alt,0,estimated,0,,1
project,direct_speech,0,estimated,0,,1
project,subjunctive_comp,0,estimated,0,,1
project,comp_for_to,0,estimated,0,,1
project,comp_bare_inf,0,estimated,0,,1
project,comp_exclamative,0,estimated,0,,1
project,comp_poss_ing,0,estimated,0,,1
project,extraposition,0,estimated,0,,1
project,raising,0,estimated,0,,1
project,ditransitive,0,estimated,0,,1
project,factive_passive,0,estimated,0,,1
project,neg_raising,0,estimated,0,,1
project,weak_island,0,estimated,0,,1
project,pro_complement,0,estimated,0,,1
project,npi_licenser,0,estimated,0,,1
project,stative,1,estimated,0,,1
project,content_noun_fact,0,estimated,0,,1
project,derived_nominal,0,estimated,0,,1
project,phrasal,0,lexical,0,,
project,be_copula,0,lexical,0,,
pronounce,that_omission,1,estimated,0,,1
pronounce,comp_inf,0,estimated,0,,1
pronounce,ecm,0,estimated,0,,1
pronounce,comp_interrog,1,estimated,0,,1
pronounce,comp_gerund,0,estimated,0,,1
pronounce,comp_small_clause,0,estimated,0,,1
pronounce,np_comp_alt,0,estimated,0,,1
pronounce,direct_speech,1,estimated,0,,1
pronounce,subjunctive_comp,0,estimated,0,,1
pronounce,comp_for_to,0,estimated,0,,1
pronounce,comp_bare_inf,0,estimated,0,,1
pronounce,comp_exclamative,0,estimated,0,,1
pronounce,comp_poss_ing,0,estimated,0,,1
pronounce,extraposition,0,estimated,0,,1
pronounce,raising,0,estimated,0,,1
pronounce,ditransitive,0,estimated,0,,1
pronounce,factive_passive,0,estimated,0,,1
pronounce,neg_raising,0,estimated,0,,1
pronounce,weak_island,0,estimated,0,,1
pronounce,pro_complement,0,estimated,0,,1
pronounce,npi_licenser,0,estimated,0,,1
pronounce,stative,0,estimated,0,,1
pronounce,content_noun_fact,0,estimated,0,,1
pronounce,derived_nominal,0,estimated,0,,1
pronounce,phrasal,0,lexical,0,,
pronounce,be_copula,0,lexical,0,,
put_in,that_omission,1,estimated,0,,1
put_in,comp_inf,0,estimated,0,,1
put_in,ecm,0,estimated,0,,1
put_in,comp_interrog,1,estimated,0,,1
put_in,comp_gerund,0,estimated,0,,1
put_in,comp_small_clause,0,estimated,0,,1
put_in,np_comp_alt,0,estimated,0,,1
put_in,direct_speech,1,estimated,0,,1
put_in,subjunctive_comp,0,estimated,0,,1
put_in,comp_for_to,0,estimated,0,,1
put_in,comp_bare_inf,0,estimated,0,,1
put_in,comp_exclamative,0,estimated,0,,1
put_in,comp_poss_ing,0,estimated,0,,1
put_in,extraposition,0,estimated,0,,1
put_in,raising,0,estimated,0,,1
put_in,ditransitive,0,estimated,0,,1
put_in,factive_passive,0,estimated,0,,1
put_in,neg_raising,0,estimated,0,,1
put_in,weak_island,0,estimated,0,,1
put_in,pro_complement,0,estimated,0,,1
put_in,npi_licenser,0,estimated,0,,1
put_in,stative,0,estimated,0,,1
put_in,content_noun_fact,0,estimated,0,,1
put_in,derived_nominal,0,estimated,0,,1
put_in,phrasal,1,lexical,0,,
put_in,be_copula,0,lexical,0,,
puzzled,that_omission,1,estimated,0,,1
puzzled,comp_inf,0,estimated,0,,1
puzzled,ecm,0,estimated,0,,1
puzzled,comp_interrog,1,estimated,0,,1
puzzled,comp_gerund,0,estimated,0,,1
puzzled,comp_small_clause,0,estimated,0,,1
puzzled,np_comp_alt,0,estimated,0,,1
puzzled,direct_speech,0,estimated,0,,1
puzzled,subjunctive_comp,0,estimated,0,,1
puzzled,comp_for_to,0,estimated,0,,1
puzzled,comp_bare_inf,0,estimated,0,,1
puzzled,comp_exclamative,0,estimated,0,,1
puzzled,comp_poss_ing,0,estimated,0,,1
puzzled,extraposition,0,estimated,0,,1
puzzled,raising,0,estimated,0,,1
puzzled,ditransitive,0,estimated,0,,1
puzzled,factive_passive,1,estimated,0,,1
puzzled,neg_raising,0,estimated,0,,1
puzzled,weak_island,0,estimated,0,,1
puzzled,pro_complement,0,estimated,0,,1
puzzled,npi_licenser,0,estimated,0,,1
puzzled,stative,1,estimated,0,,1
puzzled,content_noun_fact,1,estimated,0,,1
puzzled,derived_nominal,0,estimated,0,,1
puzzled,phrasal,0,lexical,0,,
puzzled,be_copula,0,lexical,0,,
rage,that_omission,1,estimated,0,,1
rage,comp_inf,0,estimated,0,,1
rage,ecm,0,estimated,0,,1
rage,comp_interrog,1,estimated,0,,1
rage,comp_gerund,0,estimated,0,,1
rage,comp_small_clause,0,estimated,0,,1
rage,np_comp_alt,0,estimated,0,,1
rage,direct_speech,1,estimated,0,,1
rage,subjunctive_comp,0,estimated,0,,1
rage,comp_for_to,0,estimated,0,,1
rage,comp_bare_inf,0,estimated,0,,1
rage,comp_exclamative,0,estimated,0,,1
rage,comp_poss_ing,0,estimated,0,,1
rage,extraposition,0,estimated,0,,1
rage,raising,0,estimated,0,,1
rage,ditransitive,0,estimated,0,,1
rage,factive_passive,0,estimated,0,,1
rage,neg_raising,0,estimated,0,,1
rage,weak_island,0,estimated,0,,1
rage,pro_complement,0,estimated,0,,1
rage,npi_licenser,0,estimated,0,,1
rage,stative,0,estimated,0,,1
rage,content_noun_fact,0,estimated,0,,1
rage,derived_nominal,0,estimated,0,,1
rage,phrasal,0,lexical,0,,
rage,be_copula,0,lexical,0,,
ramble,that_omission,1,estimated,0,,1
ramble,comp_inf,0,estimated,0,,1
ramble,ecm,0,estimated,0,,1
ramble,comp_interrog,1,estimated,0,,1
ramble,comp_gerund,0,estimated,0,,1
ramble,comp_small_clause,0,estimated,0,,1
ramble,np_comp_alt,0,estimated,0,,1
ramble,direct_speech,1,estimated,0,,1
ramble,subjunctive_comp,0,estimated,0,,1
ramble,comp_for_to,0,estimated,0,,1
ramble,comp_bare_inf,0,estimated,0,,1
ramble,comp_exclamative,0,estimated,0,,1
ramble,comp_poss_ing,0,estimated,0,,1
ramble,extraposition,0,estimated,0,,1
ramble,raising,0,estimated,0,,1
ramble,ditransitive,0,estimated,0,,1
ramble,factive_passive,0,estimated,0,,1
ramble,neg_raising,0,estimated,0,,1
ramble,weak_island,0,estimated,0,,1
ramble,pro_complement,0,estimated,0,,1
ramble,npi_licenser,0,estimated,0,,1
ramble,stative,0,estimated,0,,1
ramble,content_noun_fact,0,estimated,0,,1
ramble,derived_nominal,0,estimated,0,,1
ramble,phrasal,0,lexical,0,,
ramble,be_copula,0,lexical,0,,
read_out,that_omission,1,estimated,0,,1
read_out,comp_inf,0,estimated,0,,1
read_out,ecm,0,estimated,0,,1
read_out,comp_interrog,1,estimated,0,,1
read_out,comp_gerund,0,estimated,0,,1
read_out,comp_small_clause,0,estimated,0,,1
read_out,np_comp_alt,0,estimated,0,,1
read_out,direct_speech,1,estimated,0,,1
read_out,subjunctive_comp,0,estimated,0,,1
read_out,comp_for_to,0,estimated,0,,1
read_out,comp_bare_inf,0,estimated,0,,1
read_out,comp_exclamative,0,estimated,0,,1
read_out,comp_poss_ing,0,estimated,0,,1
read_out,extraposition,0,estimated,0,,1
read_out,raising,0,estimated,0,,1
read_out,ditransitive,0,estimated,0,,1
read_out,factive_passive,0,estimated,0,,1
read_out,neg_raising,0,estimated,0,,1
read_out,weak_island,0,estimated,0,,1
read_out,pro_complement,0,estimated,0,,1
read_out,npi_licenser,0,estimated,0,,1
read_out,stative,0,estimated,0,,1
read_out,content_noun_fact,0,estimated,0,,1
read_out,derived_nominal,0,estimated,0,,1
read_out,phrasal,1,lexical,0,,
read_out,be_copula,0,lexical,0,,
recite,that_omission,1,estimated,0,,1
recite,comp_inf,0,estimated,0,,1
recite,ecm,0,estimated,0,,1
recite,comp_interrog,1,estimated,0,,1
recite,comp_gerund,0,estimated,0,,1
recite,comp_small_clause,0,estimated,0,,1
recite,np_comp_alt,0,estimated,0,,1
recite,direct_speech,1,estimated,0,,1
recite,subjunctive_comp,0,estimated,0,,1
recite,comp_for_to,0,estimated,0,,1
recite,comp_bare_inf,0,estimated,0,,1
recite,comp_exclamative,0,estimated,0,,1
recite,comp_poss_ing,0,estimated,0,,1
recite,extraposition,0,estimated,0,,1
recite,raising,0,estimated,0,,1
recite,ditransitive,0,estimated,0,,1
recite,factive_passive,0,estimated,0,,1
recite,neg_raising,0,estimated,0,,1
recite,weak_island,0,estimated,0,,1
recite,pro_complement,0,estimated,0,,1
recite,npi_licenser,0,estimated,0,,1
recite,stative,0,estimated,0,,1
recite,content_noun_fact,0,estimated,0,,1
recite,derived_nominal,0,estimated,0,,1
recite,phrasal,0,lexical,0,,
recite,be_copula,0,lexical,0,,
reflect,that_omission,1,estimated,0,,1
reflect,comp_inf,0,estimated,0,,1
reflect,ecm,0,estimated,0,,1
reflect,comp_interrog,1,estimated,0,,1
reflect,comp_gerund,0,estimated,0,,1
reflect,comp_small_clause,0,estimated,0,,1
reflect,np_comp_alt,0,estimated,0,,1
reflect,direct_speech,1,estimated,0,,1
reflect,subjunctive_comp,0,estimated,0,,1
reflect,comp_for_to,0,estimated,0,,1
reflect,comp_bare_inf,0,estimated,0,,1
reflect,comp_exclamative,0,estimated,0,,1
reflect,comp_poss_ing,0,estimated,0,,1
reflect,extraposition,0,estimated,0,,1
reflect,raising,0,estimated,0,,1
reflect,ditransitive,0,estimated,0,,1
reflect,factive_passive,0,estimated,0,,1
reflect,neg_raising,0,estimated,0,,1
reflect,weak_island,0,estimated,0,,1
reflect,pro_complement,0,estimated,0,,1
reflect,npi_licenser,0,estimated,0,,1
reflect,stative,0,estimated,0,,1
reflect,content_noun_fact,0,estimated,0,,1
reflect,derived_nominal,0,estimated,0,,1
reflect,phrasal,0,lexical,0,,
reflect,be_copula,0,lexical,0,,
be_regretful,that_omission,1,estimated,0,,1
be_regretful,comp_inf,0,estimated,0,,1
be_regretful,ecm,0,estimated,0,,1
be_regretful,comp_interrog,0,estimated,0,,1
be_regretful,comp_gerund,1,estimated,0,,1
be_regretful,comp_small_clause,0,estimated,0,,1
be_regretful,np_comp_alt,0,estimated,0,,1
be_regretful,direct_speech,0,estimated,0,,1
be_regretful,subjunctive_comp,0,estimated,0,,1
be_regretful,comp_for_to,0,estimated,0,,1
be_regretful,comp_bare_inf,0,estimated,0,,1
be_regretful,comp_exclamative,0,estimated,0,,1
be_regretful,comp_poss_ing,0,estimated,0,,1
be_regretful,extraposition,0,estimated,0,,1
be_regretful,raising,0,estimated,0,,1
be_regretful,ditransitive,0,na,0,,
be_regretful,factive_passive,0,na,0,,
be_regretful,neg_raising,0,estimated,0,,1
be_regretful,weak_island,0,estimated,0,,1
be_regretful,pro_complement,0,estimated,0,,1
be_regretful,npi_licenser,0,estimated,0,,1
be_regretful,stative,1,estimated,0,,1
be_regretful,content_noun_fact,1,estimated,0,,1
be_regretful,derived_nominal,0,estimated,0,,1
be_regretful,phrasal,0,lexical,0,,
be_regretful,be_copula,1,lexical,0,,
relay,that_omission,1,estimated,0,,1
relay,comp_inf,0,estimated,0,,1
relay,ecm,0,estimated,0,,1
relay,comp_interrog,1,estimated,0,,1
relay,comp_gerund,0,estimated,0,,1
relay,comp_small_clause,0,estimated,0,,1
relay,np_comp_alt,0,estimated,0,,1
relay,direct_speech,1,estimated,0,,1
relay,subjunctive_comp,0,estimated,0,,1
relay,comp_for_to,0,estimated,0,,1
relay,comp_bare_inf,0,estimated,0,,1
relay,comp_exclamative,0,estimated,0,,1
relay,comp_poss_ing,0,estimated,0,,1
relay,extraposition,0,estimated,0,,1
relay,raising,0,estimated,0,,1
relay,ditransitive,0,estimated,0,,1
relay,factive_passive,0,estimated,0,,1
relay,neg_raising,0,estimated,0,,1
relay,weak_island,0,estimated,0,,1
relay,pro_complement,0,estimated,0,,1
relay,npi_licenser,0,estimated,0,,1
relay,stative,0,estimated,0,,1
relay,content_noun_fact,0,estimated,0,,1
relay,derived_nominal,0,estimated,0,,1
relay,phrasal,0,lexical,0,,
relay,be_copula,0,lexical,0,,
remonstrate,that_omission,1,estimated,0,,1
remonstrate,comp_inf,0,estimated,0,,1
remonstrate,ecm,0,estimated,0,,1
remonstrate,comp_interrog,1,estimated,0,,1
remonstrate,comp_gerund,0,estimated,0,,1
remonstrate,comp_small_clause,0,estimated,0,,1
remonstrate,np_comp_alt,0,estimated,0,,1
remonstrate,direct_speech,1,estimated,0,,1
remonstrate,subjunctive_comp,0,estimated,0,,1
remonstrate,comp_for_to,0,estimated,0,,1
remonstrate,comp_bare_inf,0,estimated,0,,1
remonstrate,comp_exclamative,0,estimated,0,,1
remonstrate,comp_poss_ing,0,estimated,0,,1
remonstrate,extraposition,0,estimated,0,,1
remonstrate,raising,0,estimated,0,,1
remonstrate,ditransitive,0,estimated,0,,1
remonstrate,factive_passive,0,estimated,0,,1
remonstrate,neg_raising,0,estimated,0,,1
remonstrate,weak_island,0,estimated,0,,1
remonstrate,pro_complement,0,estimated,0,,1
remonstrate,npi_licenser,0,estimated,0,,1
remonstrate,stative,0,estimated,0,,1
remonstrate,content_noun_fact,0,estimated,0,,1
remonstrate,derived_nominal,0,estimated,0,,1
remonstrate,phrasal,0,lexical,0,,
remonstrate,be_copula,0,lexical,0,,
be_remorseful,that_omission,1,estimated,0,,1
be_remorseful,comp_inf,0,estimated,0,,1
be_remorseful,ecm,0,estimated,0,,1
be_remorseful,comp_interrog,0,estimated,0,,1
be_remorseful,comp_gerund,1,estimated,0,,1
be_remorseful,comp_small_clause,0,estimated,0,,1
be_remorseful,np_comp_alt,0,estimated,0,,1
be_remorseful,direct_speech,0,estimated,0,,1
be_remorseful,subjunctive_comp,0,estimated,0,,1
be_remorseful,comp_for_to,0,estimated,0,,1
be_remorseful,comp_bare_inf,0,estimated,0,,1
be_remorseful,comp_exclamative,0,estimated,0,,1
be_remorseful,comp_poss_ing,0,estimated,0,,1
be_remorseful,extraposition,0,estimated,0,,1
be_remorseful,raising,0,estimated,0,,1
be_remorseful,ditransitive,0,na,0,,
be_remorseful,factive_passive,0,na,0,,
be_remorseful,neg_raising,0,estimated,0,,1
be_remorseful,weak_island,0,estimated,0,,1
be_remorseful,pro_complement,0,estimated,0,,1
be_remorseful,npi_licenser,0,estimated,0,,1
be_remorseful,stative,1,estimated,0,,1
be_remorseful,content_noun_fact,1,estimated,0,,1
be_remorseful,derived_nominal,0,estimated,0,,1
be_remorseful,phrasal,0,lexical,0,,
be_remorseful,be_copula,1,lexical,0,,
be_resentful,that_omission,1,estimated,0,,1
be_resentful,comp_inf,0,estimated,0,,1
be_resentful,ecm,0,estimated,0,,1
be_resentful,comp_interrog,0,estimated,0,,1
be_resentful,comp_gerund,1,estimated,0,,1
be_resentful,comp_small_clause,0,estimated,0,,1
be_resentful,np_comp_alt,0,estimated,0,,1
be_resentful,direct_speech,0,estimated,0,,1
be_resentful,subjunctive_comp,0,estimated,0,,1
be_resentful,comp_for_to,0,estimated,0,,1
be_resentful,comp_bare_inf,0,estimated,0,,1
be_resentful,comp_exclamative,0,estimated,0,,1
be_resentful,comp_poss_ing,0,estimated,0,,1
be_resentful,extraposition,0,estimated,0,,1
be_resentful,raising,0,estimated,0,,1
be_resentful,ditransitive,0,na,0,,
be_resentful,factive_passive,0,na,0,,
be_resentful,neg_raising,0,estimated,0,,1
be_resentful,weak_island,0,estimated,0,,1
be_resentful,pro_complement,0,estimated,0,,1
be_resentful,npi_licenser,0,estimated,0,,1
be_resentful,stative,1,estimated,0,,1
be_resentful,content_noun_fact,1,estimated,0,,1
be_resentful,derived_nominal,0,estimated,0,,1
be_resentful,phrasal,0,lexical,0,,
be_resentful,be_copula,1,lexical,0,,
be_resolute,that_omission,1,estimated,0,,1
be_resolute,comp_inf,0,estimated,0,,1
be_resolute,ecm,0,estimated,0,,1
be_resolute,comp_interrog,0,estimated,0,,1
be_resolute,comp_gerund,1,estimated,0,,1
be_resolute,comp_small_clause,0,estimated,0,,1
be_resolute,np_comp_alt,0,estimated,0,,1
be_resolute,direct_speech,0,estimated,0,,1
be_resolute,subjunctive_comp,0,estimated,0,,1
be_resolute,comp_for_to,0,estimated,0,,1
be_resolute,comp_bare_inf,0,estimated,0,,1
be_resolute,comp_exclamative,0,estimated,0,,1
be_resolute,comp_poss_ing,0,estimated,0,,1
be_resolute,extraposition,0,estimated,0,,1
be_resolute,raising,0,estimated,0,,1
be_resolute,ditransitive,0,na,0,,
be_resolute,factive_passive,0,na,0,,
be_resolute,neg_raising,0,estimated,0,,1
be_resolute,weak_island,0,estimated,0,,1
be_resolute,pro_complement,0,estimated,0,,1
be_resolute,npi_licenser,0,estimated,0,,1
be_resolute,stative,1,estimated,0,,1
be_resolute,content_noun_fact,0,estimated,0,,1
be_resolute,derived_nominal,0,estimated,0,,1
be_resolute,phrasal,0,lexical,0,,
be_resolute,be_copula,1,lexical,0,,
respect,that_omission,1,estimated,0,,1
respect,comp_inf,0,estimated,0,,1
respect,ecm,0,estimated,0,,1
respect,comp_interrog,0,estimated,0,,1
respect,comp_gerund,1,estimated,0,,1
respect,comp_small_clause,0,estimated,0,,1
respect,np_comp_alt,0,estimated,0,,1
respect,direct_speech,0,estimated,0,,1
respect,subjunctive_comp,0,estimated,0,,1
respect,comp_for_to,0,estimated,0,,1
respect,comp_bare_inf,0,estimated,0,,1
respect,comp_exclamative,0,estimated,0,,1
respect,comp_poss_ing,0,estimated,0,,1
respect,extraposition,1,estimated,0,,1
respect,raising,0,estimated,0,,1
respect,ditransitive,0,estimated,0,,1
respect,factive_passive,1,estimated,0,,1
respect,neg_raising,0,estimated,0,,1
respect,weak_island,0,estimated,0,,1
respect,pro_complement,0,estimated,0,,1
respect,npi_licenser,0,estimated,0,,1
respect,stative,1,estimated,0,,1
respect,content_noun_fact,1,estimated,0,,1
respect,derived_nominal,0,estimated,0,,1
respect,phrasal,0,lexical,0,,
respect,be_copula,0,lexical,0,,
roar,that_omission,1,estimated,0,,1
roar,comp_inf,0,estimated,0,,1
roar,ecm,0,estimated,0,,1
roar,comp_interrog,1,estimated,0,,1
roar,comp_gerund,0,estimated,0,,1
roar,comp_small_clause,0,estimated,0,,1
roar,np_comp_alt,0,estimated,0,,1
roar,direct_speech,1,estimated,0,,1
roar,subjunctive_comp,0,estimated,0,,1
roar,comp_for_to,0,estimated,0,,1
roar,comp_bare_inf,0,estimated,0,,1
roar,comp_exclamative,0,estimated,0,,1
roar,comp_poss_ing,0,estimated,0,,1
roar,extraposition,0,estimated,0,,1
roar,raising,0,estimated,0,,1
roar,ditransitive,0,estimated,0,,1
roar,factive_passive,0,estimated,0,,1
roar,neg_raising,0,estimated,0,,1
roar,weak_island,0,estimated,0,,1
roar,pro_complement,0,estimated,0,,1
roar,npi_licenser,0,estimated,0,,1
roar,stative,0,estimated,0,,1
roar,content_noun_fact,0,estimated,0,,1
roar,derived_nominal,0,estimated,0,,1
roar,phrasal,0,lexical,0,,
roar,be_copula,0,lexical,0,,
be_sanguine,that_omission,1,estimated,0,,1
be_sanguine,comp_inf,0,estimated,0,,1
be_sanguine,ecm,0,estimated,0,,1
be_sanguine,comp_interrog,0,estimated,0,,1
be_sanguine,comp_gerund,1,estimated,0,,1
be_sanguine,comp_small_clause,0,estimated,0,,1
be_sanguine,np_comp_alt,0,estimated,0,,1
be_sanguine,direct_speech,0,estimated,0,,1
be_sanguine,subjunctive_comp,0,estimated,0,,1
be_sanguine,comp_for_to,0,estimated,0,,1
be_sanguine,comp_bare_inf,0,estimated,0,,1
be_sanguine,comp_exclamative,0,estimated,0,,1
be_sanguine,comp_poss_ing,0,estimated,0,,1
be_sanguine,extraposition,0,estimated,0,,1
be_sanguine,raising,0,estimated,0,,1
be_sanguine,ditransitive,0,na,0,,
be_sanguine,factive_passive,0,na,0,,
be_sanguine,neg_raising,0,estimated,0,,1
be_sanguine,weak_island,0,estimated,0,,1
be_sanguine,pro_complement,0,estimated,0,,1
be_sanguine,npi_licenser,0,estimated,0,,1
be_sanguine,stative,1,estimated,0,,1
be_sanguine,content_noun_fact,0,estimated,0,,1
be_sanguine,derived_nominal,0,estimated,0,,1
be_sanguine,phrasal,0,lexical,0,,
be_sanguine,be_copula,1,lexical,0,,
be_scared,that_omission,1,estimated,0,,1
be_scared,comp_inf,0,estimated,0,,1
be_scared,ecm,0,estimated,0,,1
be_scared,comp_interrog,0,estimated,0,,1
be_scared,comp_gerund,1,estimated,0,,1
be_scared,comp_small_clause,0,estimated,0,,1
be_scared,np_comp_alt,0,estimated,0,,1
be_scared,direct_speech,0,estimated,0,,1
be_scared,subjunctive_comp,0,estimated,0,,1
be_scared,comp_for_to,0,estimated,0,,1
be_scared,comp_bare_inf,0,estimated,0,,1
be_scared,comp_exclamative,0,estimated,0,,1
be_scared,comp_poss_ing,0,estimated,0,,1
be_scared,extraposition,0,estimated,0,,1
be_scared,raising,0,estimated,0,,1
be_scared,ditransitive,0,na,0,,
be_scared,factive_passive,0,na,0,,
be_scared,neg_raising,0,estimated,0,,1
be_scared,weak_island,0,estimated,0,,1
be_scared,pro_complement,0,estimated,0,,1
be_scared,npi_licenser,0,estimated,0,,1
be_scared,stative,1,estimated,0,,1
be_scared,content_noun_fact,1,estimated,0,,1
be_scared,derived_nominal,0,estimated,0,,1
be_scared,phrasal,0,lexical,0,,
be_scared,be_copula,1,lexical,0,,
be_selfassured,that_omission,1,estimated,0,,1
be_selfassured,comp_inf,0,estimated,0,,1
be_selfassured,ecm,0,estimated,0,,1
be_selfassured,comp_interrog,0,estimated,0,,1
be_selfassured,comp_gerund,1,estimated,0,,1
be_selfassured,comp_small_clause,0,estimated,0,,1
be_selfassured,np_comp_alt,0,estimated,0,,1
be_selfassured,direct_speech,0,estimated,0,,1
be_selfassured,subjunctive_comp,0,estimated,0,,1
be_selfassured,comp_for_to,0,estimated,0,,1
be_selfassured,comp_bare_inf,0,estimated,0,,1
be_selfassured,comp_exclamative,0,estimated,0,,1
be_selfassured,comp_poss_ing,0,estimated,0,,1
be_selfassured,extraposition,0,estimated,0,,1
be_selfassured,raising,0,estimated,0,,1
be_selfassured,ditransitive,0,na,0,,
be_selfassured,factive_passive,0,na,0,,
be_selfassured,neg_raising,0,estimated,0,,1
be_selfassured,weak_island,0,estimated,0,,1
be_selfassured,pro_complement,0,estimated,0,,1
be_selfassured,npi_licenser,0,estimated,0,,1
be_selfassured,stative,1,estimated,0,,1
be_selfassured,content_noun_fact,0,estimated,0,,1
be_selfassured,derived_nominal,0,estimated,0,,1
be_selfassured,phrasal,0,lexical,0,,
be_selfassured,be_copula,1,lexical,0,,
be_selfaware,that_omission,1,estimated,0,,1
be_selfaware,comp_inf,0,estimated,0,,1
be_selfaware,ecm,0,estimated,0,,1
be_selfaware,comp_interrog,0,estimated,0,,1
be_selfaware,comp_gerund,1,estimated,0,,1
be_selfaware,comp_small_clause,0,estimated,0,,1
be_selfaware,np_comp_alt,0,estimated,0,,1
be_selfaware,direct_speech,0,estimated,0,,1
be_selfaware,subjunctive_comp,0,estimated,0,,1
be_selfaware,comp_for_to,0,estimated,0,,1
be_selfaware,comp_bare_inf,0,estimated,0,,1
be_selfaware,comp_exclamative,0,estimated,0,,1
be_selfaware,comp_poss_ing,0,estimated,0,,1
be_selfaware,extraposition,0,estimated,0,,1
be_selfaware,raising,0,estimated,0,,1
be_selfaware,ditransitive,0,na,0,,
be_selfaware,factive_passive,0,na,0,,
be_selfaware,neg_raising,0,estimated,0,,1
be_selfaware,weak_island,0,estimated,0,,1
be_selfaware,pro_complement,0,estimated,0,,1
be_selfaware,npi_licenser,0,estimated,0,,1
be_selfaware,stative,1,estimated,0,,1
be_selfaware,content_noun_fact,1,estimated,0,,1
be_selfaware,derived_nominal,0,estimated,0,,1
be_selfaware,phrasal,0,lexical,0,,
be_selfaware,be_copula,1,lexical,0,,
be_shocked,that_omission,1,estimated,0,,1
be_shocked,comp_inf,0,estimated,0,,1
be_shocked,ecm,0,estimated,0,,1
be_shocked,comp_interrog,0,estimated,0,,1
be_shocked,comp_gerund,1,estimated,0,,1
be_shocked,comp_small_clause,0,estimated,0,,1
be_shocked,np_comp_alt,0,estimated,0,,1
be_shocked,direct_speech,0,estimated,0,,1
be_shocked,subjunctive_comp,0,estimated,0,,1
be_shocked,comp_for_to,0,estimated,0,,1
be_shocked,comp_bare_inf,0,estimated,0,,1
be_shocked,comp_exclamative,0,estimated,0,,1
be_shocked,comp_poss_ing,0,estimated,0,,1
be_shocked,extraposition,0,estimated,0,,1
be_shocked,raising,0,estimated,0,,1
be_shocked,ditransitive,0,na,0,,
be_shocked,factive_passive,0,na,0,,
be_shocked,neg_raising,0,estimated,0,,1
be_shocked,weak_island,0,estimated,0,,1
be_shocked,pro_complement,0,estimated,0,,1
be_shocked,npi_licenser,0,estimated,0,,1
be_shocked,stative,1,estimated,0,,1
be_shocked,content_noun_fact,1,estimated,0,,1
be_shocked,derived_nominal,0,estimated,0,,1
be_shocked,phrasal,0,lexical,0,,
be_shocked,be_copula,1,lexical,0,,
shrug,that_omission,1,estimated,0,,1
shrug,comp_inf,0,estimated,0,,1
shrug,ecm,0,estimated,0,,1
shrug,comp_interrog,1,estimated,0,,1
shrug,comp_gerund,0,estimated,0,,1
shrug,comp_small_clause,0,estimated,0,,1
shrug,np_comp_alt,0,estimated,0,,1
shrug,direct_speech,1,estimated,0,,1
shrug,subjunctive_comp,0,estimated,0,,1
shrug,comp_for_to,0,estimated,0,,1
shrug,comp_bare_inf,0,estimated,0,,1
shrug,comp_exclamative,0,estimated,0,,1
shrug,comp_poss_ing,0,estimated,0,,1
shrug,extraposition,0,estimated,0,,1
shrug,raising,0,estimated,0,,1
shrug,ditransitive,0,estimated,0,,1
shrug,factive_passive,0,estimated,0,,1
shrug,neg_raising,0,estimated,0,,1
shrug,weak_island,0,estimated,0,,1
shrug,pro_complement,0,estimated,0,,1
shrug,npi_licenser,0,estimated,0,,1
shrug,stative,0,estimated,0,,1
shrug,content_noun_fact,0,estimated,0,,1
shrug,derived_nominal,0,estimated,0,,1
shrug,phrasal,0,lexical,0,,
shrug,be_copula,0,lexical,0,,
sign,that_omission,1,estimated,0,,1
sign,comp_inf,0,estimated,0,,1
sign,ecm,0,estimated,0,,1
sign,comp_interrog,1,estimated,0,,1
sign,comp_gerund,0,estimated,0,,1
sign,comp_small_clause,0,estimated,0,,1
sign,np_comp_alt,0,estimated,0,,1
sign,direct_speech,1,estimated,0,,1
sign,subjunctive_comp,0,estimated,0,,1
sign,comp_for_to,0,estimated,0,,1
sign,comp_bare_inf,0,estimated,0,,1
sign,comp_exclamative,0,estimated,0,,1
sign,comp_poss_ing,0,estimated,0,,1
sign,extraposition,0,estimated,0,,1
sign,raising,0,estimated,0,,1
sign,ditransitive,0,estimated,0,,1
sign,factive_passive,0,estimated,0,,1
sign,neg_raising,0,estimated,0,,1
sign,weak_island,0,estimated,0,,1
sign,pro_complement,0,estimated,0,,1
sign,npi_licenser,0,estimated,0,,1
sign,stative,0,estimated,0,,1
sign,content_noun_fact,0,estimated,0,,1
sign,derived_nominal,0,estimated,0,,1
sign,phrasal,0,lexical,0,,
sign,be_copula,0,lexical,0,,
smell,that_omission,1,estimated,0,,1
smell,comp_inf,0,estimated,0,,1
smell,ecm,0,estimated,0,,1
smell,comp_interrog,1,estimated,0,,1
smell,comp_gerund,0,estimated,0,,1
smell,comp_small_clause,0,estimated,0,,1
smell,np_comp_alt,0,estimated,0,,1
smell,direct_speech,0,estimated,0,,1
smell,subjunctive_comp,0,estimated,0,,1
smell,comp_for_to,0,estimated,0,,1
smell,comp_bare_inf,0,estimated,0,,1
smell,comp_exclamative,0,estimated,0,,1
smell,comp_poss_ing,0,estimated,0,,1
smell,extraposition,0,estimated,0,,1
smell,raising,0,estimated,0,,1
smell,ditransitive,0,estimated,0,,1
smell,factive_passive,1,estimated,0,,1
smell,neg_raising,0,estimated,0,,1
smell,weak_island,0,estimated,0,,1
smell,pro_complement,0,estimated,0,,1
smell,npi_licenser,0,estimated,0,,1
smell,stative,1,estimated,0,,1
smell,content_noun_fact,1,estimated,0,,1
smell,derived_nominal,0,estimated,0,,1
smell,phrasal,0,lexical,0,,
smell,be_copula,0,lexical,0,,
smirk,that_omission,1,estimated,0,,1
smirk,comp_inf,0,estimated,0,,1
smirk,ecm,0,estimated,0,,1
smirk,comp_interrog,1,estimated,0,,1
smirk,comp_gerund,0,estimated,0,,1
smirk,comp_small_clause,0,estimated,0,,1
smirk,np_comp_alt,0,estimated,0,,1
smirk,direct_speech,1,estimated,0,,1
smirk,subjunctive_comp,0,estimated,0,,1
smirk,comp_for_to,0,estimated,0,,1
smirk,comp_bare_inf,0,estimated,0,,1
smirk,comp_exclamative,0,estimated,0,,1
smirk,comp_poss_ing,0,estimated,0,,1
smirk,extraposition,0,estimated,0,,1
smirk,raising,0,estimated,0,,1
smirk,ditransitive,0,estimated,0,,1
smirk,factive_passive,0,estimated,0,,1
smirk,neg_raising,0,estimated,0,,1
smirk,weak_island,0,estimated,0,,1
smirk,pro_complement,0,estimated,0,,1
smirk,npi_licenser,0,estimated,0,,1
smirk,stative,0,estimated,0,,1
smirk,content_noun_fact,0,estimated,0,,1
smirk,derived_nominal,0,estimated,0,,1
smirk,phrasal,0,lexical,0,,
smirk,be_copula,0,lexical,0,,
sneer,that_omission,1,estimated,0,,1
sneer,comp_inf,0,estimated,0,,1
sneer,ecm,0,estimated,0,,1
sneer,comp_interrog,1,estimated,0,,1
sneer,comp_gerund,0,estimated,0,,1
sneer,comp_small_clause,0,estimated,0,,1
sneer,np_comp_alt,0,estimated,0,,1
sneer,direct_speech,1,estimated,0,,1
sneer,subjunctive_comp,0,estimated,0,,1
sneer,comp_for_to,0,estimated,0,,1
sneer,comp_bare_inf,0,estimated,0,,1
sneer,comp_exclamative,0,estimated,0,,1
sneer,comp_poss_ing,0,estimated,0,,1
sneer,extraposition,0,estimated,0,,1
sneer,raising,0,estimated,0,,1
sneer,ditransitive,0,estimated,0,,1
sneer,factive_passive,0,estimated,0,,1
sneer,neg_raising,0,estimated,0,,1
sneer,weak_island,0,estimated,0,,1
sneer,pro_complement,0,estimated,0,,1
sneer,npi_licenser,0,estimated,0,,1
sneer,stative,0,estimated,0,,1
sneer,content_noun_fact,0,estimated,0,,1
sneer,derived_nominal,0,estimated,0,,1
sneer,phrasal,0,lexical,0,,
sneer,be_copula,0,lexical,0,,
snicker,that_omission,1,estimated,0,,1
snicker,comp_inf,0,estimated,0,,1
snicker,ecm,0,estimated,0,,1
snicker,comp_interrog,1,estimated,0,,1
snicker,comp_gerund,0,estimated,0,,1
snicker,comp_small_clause,0,estimated,0,,1
snicker,np_comp_alt,0,estimated,0,,1
snicker,direct_speech,1,estimated,0,,1
snicker,subjunctive_comp,0,estimated,0,,1
snicker,comp_for_to,0,estimated,0,,1
snicker,comp_bare_inf,0,estimated,0,,1
snicker,comp_exclamative,0,estimated,0,,1
snicker,comp_poss_ing,0,estimated,0,,1
snicker,extraposition,0,estimated,0,,1
snicker,raising,0,estimated,0,,1
snicker,ditransitive,0,estimated,0,,1
snicker,factive_passive,0,estimated,0,,1
snicker,neg_raising,0,estimated,0,,1
snicker,weak_island,0,estimated,0,,1
snicker,pro_complement,0,estimated,0,,1
snicker,npi_licenser,0,estimated,0,,1
snicker,stative,0,estimated,0,,1
snicker,content_noun_fact,0,estimated,0,,1
snicker,derived_nominal,0,estimated,0,,1
snicker,phrasal,0,lexical,0,,
snicker,be_copula,0,lexical,0,,
sniff,that_omission,1,estimated,0,,1
sniff,comp_inf,0,estimated,0,,1
sniff,ecm,0,estimated,0,,1
sniff,comp_interrog,1,estimated,0,,1
sniff,comp_gerund,0,estimated,0,,1
sniff,comp_small_clause,0,estimated,0,,1
sniff,np_comp_alt,0,estimated,0,,1
sniff,direct_speech,1,estimated,0,,1
sniff,subjunctive_comp,0,estimated,0,,1
sniff,comp_for_to,0,estimated,0,,1
sniff,comp_bare_inf,0,estimated,0,,1
sniff,comp_exclamative,0,estimated,0,,1
sniff,comp_poss_ing,0,estimated,0,,1
sniff,extraposition,0,estimated,0,,1
sniff,raising,0,estimated,0,,1
sniff,ditransitive,0,estimated,0,,1
sniff,factive_passive,0,estimated,0,,1
sniff,neg_raising,0,estimated,0,,1
sniff,weak_island,0,estimated,0,,1
sniff,pro_complement,0,estimated,0,,1
sniff,npi_licenser,0,estimated,0,,1
sniff,stative,0,estimated,0,,1
sniff,content_noun_fact,0,estimated,0,,1
sniff,derived_nominal,0,estimated,0,,1
sniff,phrasal,0,lexical,0,,
sniff,be_copula,0,lexical,0,,
snuffle,that_omission,1,estimated,0,,1
snuffle,comp_inf,0,estimated,0,,1
snuffle,ecm,0,estimated,0,,1
snuffle,comp_interrog,1,estimated,0,,1
snuffle,comp_gerund,0,estimated,0,,1
snuffle,comp_small_clause,0,estimated,0,,1
snuffle,np_comp_alt,0,estimated,0,,1
snuffle,direct_speech,1,estimated,0,,1
snuffle,subjunctive_comp,0,estimated,0,,1
snuffle,comp_for_to,0,estimated,0,,1
snuffle,comp_bare_inf,0,estimated,0,,1
snuffle,comp_exclamative,0,estimated,0,,1
snuffle,comp_poss_ing,0,estimated,0,,1
snuffle,extraposition,0,estimated,0,,1
snuffle,raising,0,estimated,0,,1
snuffle,ditransitive,0,estimated,0,,1
snuffle,factive_passive,0,estimated,0,,1
snuffle,neg_raising,0,estimated,0,,1
snuffle,weak_island,0,estimated,0,,1
snuffle,pro_complement,0,estimated,0,,1
snuffle,npi_licenser,0,estimated,0,,1
snuffle,stative,0,estimated,0,,1
snuffle,content_noun_fact,0,estimated,0,,1
snuffle,derived_nominal,0,estimated,0,,1
snuffle,phrasal,0,lexical,0,,
snuffle,be_copula,0,lexical,0,,
soliloquize,that_omission,1,estimated,0,,1
soliloquize,comp_inf,0,estimated,0,,1
soliloquize,ecm,0,estimated,0,,1
soliloquize,comp_interrog,1,estimated,0,,1
soliloquize,comp_gerund,0,estimated,0,,1
soliloquize,comp_small_clause,0,estimated,0,,1
soliloquize,np_comp_alt,0,estimated,0,,1
soliloquize,direct_speech,1,estimated,0,,1
soliloquize,subjunctive_comp,0,estimated,0,,1
soliloquize,comp_for_to,0,estimated,0,,1
soliloquize,comp_bare_inf,0,estimated,0,,1
soliloquize,comp_exclamative,0,estimated,0,,1
soliloquize,comp_poss_ing,0,estimated,0,,1
soliloquize,extraposition,0,estimated,0,,1
soliloquize,raising,0,estimated,0,,1
soliloquize,ditransitive,0,estimated,0,,1
soliloquize,factive_passive,0,estimated,0,,1
soliloquize,neg_raising,0,estimated,0,,1
soliloquize,weak_island,0,estimated,0,,1
soliloquize,pro_complement,0,estimated,0,,1
soliloquize,npi_licenser,0,estimated,0,,1
soliloquize,stative,0,estimated,0,,1
soliloquize,content_noun_fact,0,estimated,0,,1
soliloquize,derived_nominal,0,estimated,0,,1
soliloquize,phrasal,0,lexical,0,,
soliloquize,be_copula,0,lexical,0,,
be_sorrowful,that_omission,1,estimated,0,,1
be_sorrowful,comp_inf,0,estimated,0,,1
be_sorrowful,ecm,0,estimated,0,,1
be_sorrowful,comp_interrog,0,estimated,0,,1
be_sorrowful,comp_gerund,1,estimated,0,,1
be_sorrowful,comp_small_clause,0,estimated,0,,1
be_sorrowful,np_comp_alt,0,estimated,0,,1
be_sorrowful,direct_speech,0,estimated,0,,1
be_sorrowful,subjunctive_comp,0,estimated,0,,1
be_sorrowful,comp_for_to,0,estimated,0,,1
be_sorrowful,comp_bare_inf,0,estimated,0,,1
be_sorrowful,comp_exclamative,0,estimated,0,,1
be_sorrowful,comp_poss_ing,0,estimated,0,,1
be_sorrowful,extraposition,0,estimated,0,,1
be_sorrowful,raising,0,estimated,0,,1
be_sorrowful,ditransitive,0,na,0,,
be_sorrowful,factive_passive,0,na,0,,
be_sorrowful,neg_raising,0,estimated,0,,1
be_sorrowful,weak_island,0,estimated,0,,1
be_sorrowful,pro_complement,0,estimated,0,,1
be_sorrowful,npi_licenser,0,estimated,0,,1
be_sorrowful,stative,1,estimated,0,,1
be_sorrowful,content_noun_fact,1,estimated,0,,1
be_sorrowful,derived_nominal,0,estimated,0,,1
be_sorrowful,phrasal,0,lexical,0,,
be_sorrowful,be_copula,1,lexical,0,,
speculate,that_omission,1,estimated,0,,1
speculate,comp_inf,0,estimated,0,,1
speculate,ecm,0,estimated,0,,1
speculate,comp_interrog,1,estimated,0,,1
speculate,comp_gerund,0,estimated,0,,1
speculate,comp_small_clause,0,estimated,0,,1
speculate,np_comp_alt,0,estimated,0,,1
speculate,direct_speech,1,estimated,0,,1
speculate,subjunctive_comp,0,estimated,0,,1
speculate,comp_for_to,0,estimated,0,,1
speculate,comp_bare_inf,0,estimated,0,,1
speculate,comp_exclamative,0,estimated,0,,1
speculate,comp_poss_ing,0,estimated,0,,1
speculate,extraposition,0,estimated,0,,1
speculate,raising,0,estimated,0,,1
speculate,ditransitive,0,estimated,0,,1
speculate,factive_passive,0,estimated,0,,1
speculate,neg_raising,0,estimated,0,,1
speculate,weak_island,0,estimated,0,,1
speculate,pro_complement,0,estimated,0,,1
speculate,npi_licenser,0,estimated,0,,1
speculate,stative,0,estimated,0,,1
speculate,content_noun_fact,0,estimated,0,,1
speculate,derived_nominal,0,estimated,0,,1
speculate,phrasal,0,lexical,0,,
speculate,be_copula,0,lexical,0,,
sputter,that_omission,1,estimated,0,,1
sputter,comp_inf,0,estimated,0,,1
sputter,ecm,0,estimated,0,,1
sputter,comp_interrog,1,estimated,0,,1
sputter,comp_gerund,0,estimated,0,,1
sputter,comp_small_clause,0,estimated,0,,1
sputter,np_comp_alt,0,estimated,0,,1
sputter,direct_speech,1,estimated,0,,1
sputter,subjunctive_comp,0,estimated,0,,1
sputter,comp_for_to,0,estimated,0,,1
sputter,comp_bare_inf,0,estimated,0,,1
sputter,comp_exclamative,0,estimated,0,,1
sputter,comp_poss_ing,0,estimated,0,,1
sputter,extraposition,0,estimated,0,,1
sputter,raising,0,estimated,0,,1
sputter,ditransitive,0,estimated,0,,1
sputter,factive_passive,0,estimated,0,,1
sputter,neg_raising,0,estimated,0,,1
sputter,weak_island,0,estimated,0,,1
sputter,pro_complement,0,estimated,0,,1
sputter,npi_licenser,0,estimated,0,,1
sputter,stative,0,estimated,0,,1
sputter,content_noun_fact,0,estimated,0,,1
sputter,derived_nominal,0,estimated,0,,1
sputter,phrasal,0,lexical,0,,
sputter,be_copula,0,lexical,0,,
squall,that_omission,1,estimated,0,,1
squall,comp_inf,0,estimated,0,,1
squall,ecm,0,estimated,0,,1
squall,comp_interrog,1,estimated,0,,1
squall,comp_gerund,0,estimated,0,,1
squall,comp_small_clause,0,estimated,0,,1
squall,np_comp_alt,0,estimated,0,,1
squall,direct_speech,1,estimated,0,,1
squall,subjunctive_comp,0,estimated,0,,1
squall,comp_for_to,0,estimated,0,,1
squall,comp_bare_inf,0,estimated,0,,1
squall,comp_exclamative,0,estimated,0,,1
squall,comp_poss_ing,0,estimated,0,,1
squall,extraposition,0,estimated,0,,1
squall,raising,0,estimated,0,,1
squall,ditransitive,0,estimated,0,,1
squall,factive_passive,0,estimated,0,,1
squall,neg_raising,0,estimated,0,,1
squall,weak_island,0,estimated,0,,1
squall,pro_complement,0,estimated,0,,1
squall,npi_licenser,0,estimated,0,,1
squall,stative,0,estimated,0,,1
squall,content_noun_fact,0,estimated,0,,1
squall,derived_nominal,0,estimated,0,,1
squall,phrasal,0,lexical,0,,
squall,be_copula,0,lexical,0,,
squawk,that_omission,1,estimated,0,,1
squawk,comp_inf,0,estimated,0,,1
squawk,ecm,0,estimated,0,,1
squawk,comp_interrog,1,estimated,0,,1
squawk,comp_gerund,0,estimated,0,,1
squawk,comp_small_clause,0,estimated,0,,1
squawk,np_comp_alt,0,estimated,0,,1
squawk,direct_speech,1,estimated,0,,1
squawk,subjunctive_comp,0,estimated,0,,1
squawk,comp_for_to,0,estimated,0,,1
squawk,comp_bare_inf,0,estimated,0,,1
squawk,comp_exclamative,0,estimated,0,,1
squawk,comp_poss_ing,0,estimated,0,,1
squawk,extraposition,0,estimated,0,,1
squawk,raising,0,estimated,0,,1
squawk,ditransitive,0,estimated,0,,1
squawk,factive_passive,0,estimated,0,,1
squawk,neg_raising,0,estimated,0,,1
squawk,weak_island,0,estimated,0,,1
squawk,pro_complement,0,estimated,0,,1
squawk,npi_licenser,0,estimated,0,,1
squawk,stative,0,estimated,0,,1
squawk,content_noun_fact,0,estimated,0,,1
squawk,derived_nominal,0,estimated,0,,1
squawk,phrasal,0,lexical,0,,
squawk,be_copula,0,lexical,0,,
squeak,that_omission,1,estimated,0,,1
squeak,comp_inf,0,estimated,0,,1
squeak,ecm,0,estimated,0,,1
squeak,comp_interrog,1,estimated,0,,1
squeak,comp_gerund,0,estimated,0,,1
squeak,comp_small_clause,0,estimated,0,,1
squeak,np_comp_alt,0,estimated,0,,1
squeak,direct_speech,1,estimated,0,,1
squeak,subjunctive_comp,0,estimated,0,,1
squeak,comp_for_to,0,estimated,0,,1
squeak,comp_bare_inf,0,estimated,0,,1
squeak,comp_exclamative,0,estimated,0,,1
squeak,comp_poss_ing,0,estimated,0,,1
squeak,extraposition,0,estimated,0,,1
squeak,raising,0,estimated,0,,1
squeak,ditransitive,0,estimated,0,,1
squeak,factive_passive,0,estimated,0,,1
squeak,neg_raising,0,estimated,0,,1
squeak,weak_island,0,estimated,0,,1
squeak,pro_complement,0,estimated,0,,1
squeak,npi_licenser,0,estimated,0,,1
squeak,stative,0,estimated,0,,1
squeak,content_noun_fact,0,estimated,0,,1
squeak,derived_nominal,0,estimated,0,,1
squeak,phrasal,0,lexical,0,,
squeak,be_copula,0,lexical,0,,
stand,that_omission,1,estimated,0,,1
stand,comp_inf,0,estimated,0,,1
stand,ecm,0,estimated,0,,1
stand,comp_interrog,0,estimated,0,,1
stand,comp_gerund,1,estimated,0,,1
stand,comp_small_clause,0,estimated,0,,1
stand,np_comp_alt,0,estimated,0,,1
stand,direct_speech,0,estimated,0,,1
stand,subjunctive_comp,0,estimated,0,,1
stand,comp_for_to,0,estimated,0,,1
stand,comp_bare_inf,0,estimated,0,,1
stand,comp_exclamative,0,estimated,0,,1
stand,comp_poss_ing,0,estimated,0,,1
stand,extraposition,1,estimated,0,,1
stand,raising,0,estimated,0,,1
stand,ditransitive,0,estimated,0,,1
stand,factive_passive,1,estimated,0,,1
stand,neg_raising,0,estimated,0,,1
stand,weak_island,0,estimated,0,,1
stand,pro_complement,0,estimated,0,,1
stand,npi_licenser,0,estimated,0,,1
stand,stative,1,estimated,0,,1
stand,content_noun_fact,1,estimated,0,,1
stand,derived_nominal,0,estimated,0,,1
stand,phrasal,0,lexical,0,,
stand,be_copula,0,lexical,0,,
be_steadfast,that_omission,1,estimated,0,,1
be_steadfast,comp_inf,0,estimated,0,,1
be_steadfast,ecm,0,estimated,0,,1
be_steadfast,comp_interrog,0,estimated,0,,1
be_steadfast,comp_gerund,0,estimated,0,,1
be_steadfast,comp_small_clause,0,estimated,0,,1
be_steadfast,np_comp_alt,0,estimated,0,,1
be_steadfast,direct_speech,0,estimated,0,,1
be_steadfast,subjunctive_comp,0,estimated,0,,1
be_steadfast,comp_for_to,0,estimated,0,,1
be_steadfast,comp_bare_inf,0,estimated,0,,1
be_steadfast,comp_exclamative,0,estimated,0,,1
be_steadfast,comp_poss_ing,0,estimated,0,,1
be_steadfast,extraposition,0,estimated,0,,1
be_steadfast,raising,0,estimated,0,,1
be_steadfast,ditransitive,0,na,0,,
be_steadfast,factive_passive,0,na,0,,
be_steadfast,neg_raising,0,estimated,0,,1
be_steadfast,weak_island,0,estimated,0,,1
be_steadfast,pro_complement,0,estimated,0,,1
be_steadfast,npi_licenser,0,estimated,0,,1
be_steadfast,stative,1,estimated,0,,1
be_steadfast,content_noun_fact,0,estimated,0,,1
be_steadfast,derived_nominal,0,estimated,0,,1
be_steadfast,phrasal,0,lexical,0,,
be_steadfast,be_copula,1,lexical,0,,
be_suspicious,that_omission,1,estimated,0,,1
be_suspicious,comp_inf,0,estimated,0,,1
be_suspicious,ecm,0,estimated,0,,1
be_suspicious,comp_interrog,0,estimated,0,,1
be_suspicious,comp_gerund,1,estimated,0,,1
be_suspicious,comp_small_clause,0,estimated,0,,1
be_suspicious,np_comp_alt,0,estimated,0,,1
be_suspicious,direct_speech,0,estimated,0,,1
be_suspicious,subjunctive_comp,0,estimated,0,,1
be_suspicious,comp_for_to,0,estimated,0,,1
be_suspicious,comp_bare_inf,0,estimated,0,,1
be_suspicious,comp_exclamative,0,estimated,0,,1
be_suspicious,comp_poss_ing,0,estimated,0,,1
be_suspicious,extraposition,0,estimated,0,,1
be_suspicious,raising,0,estimated,0,,1
be_suspicious,ditransitive,0,na,0,,
be_suspicious,factive_passive,0,na,0,,
be_suspicious,neg_raising,0,estimated,0,,1
be_suspicious,weak_island,0,estimated,0,,1
be_suspicious,pro_complement,0,estimated,0,,1
be_suspicious,npi_licenser,0,estimated,0,,1
be_suspicious,stative,1,estimated,0,,1
be_suspicious,content_noun_fact,0,estimated,0,,1
be_suspicious,derived_nominal,0,estimated,0,,1
be_suspicious,phrasal,0,lexical,0,,
be_suspicious,be_copula,1,lexical,0,,
teach,that_omission,1,estimated,0,,1
teach,comp_inf,0,estimated,0,,1
teach,ecm,0,estimated,0,,1
teach,comp_interrog,1,estimated,0,,1
teach,comp_gerund,0,estimated,0,,1
teach,comp_small_clause,0,estimated,0,,1
teach,np_comp_alt,0,estimated,0,,1
teach,direct_speech,0,estimated,0,,1
teach,subjunctive_comp,0,estimated,0,,1
teach,comp_for_to,0,estimated,0,,1
teach,comp_bare_inf,0,estimated,0,,1
teach,comp_exclamative,0,estimated,0,,1
teach,comp_poss_ing,0,estimated,0,,1
teach,extraposition,0,estimated,0,,1
teach,raising,0,estimated,0,,1
teach,ditransitive,0,estimated,0,,1
teach,factive_passive,0,estimated,0,,1
teach,neg_raising,0,estimated,0,,1
teach,weak_island,0,estimated,0,,1
teach,pro_complement,0,estimated,0,,1
teach,npi_licenser,0,estimated,0,,1
teach,stative,0,estimated,0,,1
teach,content_noun_fact,0,estimated,0,,1
teach,derived_nominal,0,estimated,0,,1
teach,phrasal,0,lexical,0,,
teach,be_copula,0,lexical,0,,
telegraph,that_omission,1,estimated,0,,1
telegraph,comp_inf,0,estimated,0,,1
telegraph,ecm,0,estimated,0,,1
telegraph,comp_interrog,1,estimated,0,,1
telegraph,comp_gerund,0,estimated,0,,1
telegraph,comp_small_clause,0,estimated,0,,1
telegraph,np_comp_alt,0,estimated,0,,1
telegraph,direct_speech,1,estimated,0,,1
telegraph,subjunctive_comp,0,estimated,0,,1
telegraph,comp_for_to,0,estimated,0,,1
telegraph,comp_bare_inf,0,estimated,0,,1
telegraph,comp_exclamative,0,estimated,0,,1
telegraph,comp_poss_ing,0,estimated,0,,1
telegraph,extraposition,0,estimated,0,,1
telegraph,raising,0,estimated,0,,1
telegraph,ditransitive,0,estimated,0,,1
telegraph,factive_passive,0,estimated,0,,1
telegraph,neg_raising,0,estimated,0,,1
telegraph,weak_island,0,estimated,0,,1
telegraph,pro_complement,0,estimated,0,,1
telegraph,npi_licenser,0,estimated,0,,1
telegraph,stative,0,estimated,0,,1
telegraph,content_noun_fact,0,estimated,0,,1
telegraph,derived_nominal,0,estimated,0,,1
telegraph,phrasal,0,lexical,0,,
telegraph,be_copula,0,lexical,0,,
text,that_omission,1,estimated,0,,1
text,comp_inf,0,estimated,0,,1
text,ecm,0,estimated,0,,1
text,comp_interrog,1,estimated,0,,1
text,comp_gerund,0,estimated,0,,1
text,comp_small_clause,0,estimated,0,,1
text,np_comp_alt,0,estimated,0,,1
text,direct_speech,1,estimated,0,,1
text,subjunctive_comp,0,estimated,0,,1
text,comp_for_to,0,estimated,0,,1
text,comp_bare_inf,0,estimated,0,,1
text,comp_exclamative,0,estimated,0,,1
text,comp_poss_ing,0,estimated,0,,1
text,extraposition,0,estimated,0,,1
text,raising,0,estimated,0,,1
text,ditransitive,0,estimated,0,,1
text,factive_passive,0,estimated,0,,1
text,neg_raising,0,estimated,0,,1
text,weak_island,0,estimated,0,,1
text,pro_complement,0,estimated,0,,1
text,npi_licenser,0,estimated,0,,1
text,stative,0,estimated,0,,1
text,content_noun_fact,0,estimated,0,,1
text,derived_nominal,0,estimated,0,,1
text,phrasal,0,lexical,0,,
text,be_copula,0,lexical,0,,
throw_in,that_omission,1,estimated,0,,1
throw_in,comp_inf,0,estimated,0,,1
throw_in,ecm,0,estimated,0,,1
throw_in,comp_interrog,1,estimated,0,,1
throw_in,comp_gerund,0,estimated,0,,1
throw_in,comp_small_clause,0,estimated,0,,1
throw_in,np_comp_alt,0,estimated,0,,1
throw_in,direct_speech,1,estimated,0,,1
throw_in,subjunctive_comp,0,estimated,0,,1
throw_in,comp_for_to,0,estimated,0,,1
throw_in,comp_bare_inf,0,estimated,0,,1
throw_in,comp_exclamative,0,estimated,0,,1
throw_in,comp_poss_ing,0,estimated,0,,1
throw_in,extraposition,0,estimated,0,,1
throw_in,raising,0,estimated,0,,1
throw_in,ditransitive,0,estimated,0,,1
throw_in,factive_passive,0,estimated,0,,1
throw_in,neg_raising,0,estimated,0,,1
throw_in,weak_island,0,estimated,0,,1
throw_in,pro_complement,0,estimated,0,,1
throw_in,npi_licenser,0,estimated,0,,1
throw_in,stative,0,estimated,0,,1
throw_in,content_noun_fact,0,estimated,0,,1
throw_in,derived_nominal,0,estimated,0,,1
throw_in,phrasal,1,lexical,0,,
throw_in,be_copula,0,lexical,0,,
tolerate,that_omission,1,estimated,0,,1
tolerate,comp_inf,0,estimated,0,,1
tolerate,ecm,0,estimated,0,,1
tolerate,comp_interrog,0,estimated,0,,1
tolerate,comp_gerund,1,estimated,0,,1
tolerate,comp_small_clause,0,estimated,0,,1
tolerate,np_comp_alt,0,estimated,0,,1
tolerate,direct_speech,0,estimated,0,,1
tolerate,subjunctive_comp,0,estimated,0,,1
tolerate,comp_for_to,0,estimated,0,,1
tolerate,comp_bare_inf,0,estimated,0,,1
tolerate,comp_exclamative,0,estimated,0,,1
tolerate,comp_poss_ing,0,estimated,0,,1
tolerate,extraposition,1,estimated,0,,1
tolerate,raising,0,estimated,0,,1
tolerate,ditransitive,0,estimated,0,,1
tolerate,factive_passive,1,estimated,0,,1
tolerate,neg_raising,0,estimated,0,,1
tolerate,weak_island,0,estimated,0,,1
tolerate,pro_complement,0,estimated,0,,1
tolerate,npi_licenser,0,estimated,0,,1
tolerate,stative,1,estimated,0,,1
tolerate,content_noun_fact,1,estimated,0,,1
tolerate,derived_nominal,0,estimated,0,,1
tolerate,phrasal,0,lexical,0,,
tolerate,be_copula,0,lexical,0,,
tout,that_omission,1,estimated,0,,1
tout,comp_inf,0,estimated,0,,1
tout,ecm,0,estimated,0,,1
tout,comp_interrog,1,estimated,0,,1
tout,comp_gerund,0,estimated,0,,1
tout,comp_small_clause,0,estimated,0,,1
tout,np_comp_alt,0,estimated,0,,1
tout,direct_speech,1,estimated,0,,1
tout,subjunctive_comp,0,estimated,0,,1
tout,comp_for_to,0,estimated,0,,1
tout,comp_bare_inf,0,estimated,0,,1
tout,comp_exclamative,0,estimated,0,,1
tout,comp_poss_ing,0,estimated,0,,1
tout,extraposition,0,estimated,0,,1
tout,raising,0,estimated,0,,1
tout,ditransitive,0,estimated,0,,1
tout,factive_passive,0,estimated,0,,1
tout,neg_raising,0,estimated,0,,1
tout,weak_island,0,estimated,0,,1
tout,pro_complement,0,estimated,0,,1
tout,npi_licenser,0,estimated,0,,1
tout,stative,0,estimated,0,,1
tout,content_noun_fact,0,estimated,0,,1
tout,derived_nominal,0,estimated,0,,1
tout,phrasal,0,lexical,0,,
tout,be_copula,0,lexical,0,,
trill,that_omission,1,estimated,0,,1
trill,comp_inf,0,estimated,0,,1
trill,ecm,0,estimated,0,,1
trill,comp_interrog,1,estimated,0,,1
trill,comp_gerund,0,estimated,0,,1
trill,comp_small_clause,0,estimated,0,,1
trill,np_comp_alt,0,estimated,0,,1
trill,direct_speech,1,estimated,0,,1
trill,subjunctive_comp,0,estimated,0,,1
trill,comp_for_to,0,estimated,0,,1
trill,comp_bare_inf,0,estimated,0,,1
trill,comp_exclamative,0,estimated,0,,1
trill,comp_poss_ing,0,estimated,0,,1
trill,extraposition,0,estimated,0,,1
trill,raising,0,estimated,0,,1
trill,ditransitive,0,estimated,0,,1
trill,factive_passive,0,estimated,0,,1
trill,neg_raising,0,estimated,0,,1
trill,weak_island,0,estimated,0,,1
trill,pro_complement,0,estimated,0,,1
trill,npi_licenser,0,estimated,0,,1
trill,stative,0,estimated,0,,1
trill,content_noun_fact,0,estimated,0,,1
trill,derived_nominal,0,estimated,0,,1
trill,phrasal,0,lexical,0,,
trill,be_copula,0,lexical,0,,
trumpet,that_omission,1,estimated,0,,1
trumpet,comp_inf,0,estimated,0,,1
trumpet,ecm,0,estimated,0,,1
trumpet,comp_interrog,1,estimated,0,,1
trumpet,comp_gerund,0,estimated,0,,1
trumpet,comp_small_clause,0,estimated,0,,1
trumpet,np_comp_alt,0,estimated,0,,1
trumpet,direct_speech,1,estimated,0,,1
trumpet,subjunctive_comp,0,estimated,0,,1
trumpet,comp_for_to,0,estimated,0,,1
trumpet,comp_bare_inf,0,estimated,0,,1
trumpet,comp_exclamative,0,estimated,0,,1
trumpet,comp_poss_ing,0,estimated,0,,1
trumpet,extraposition,0,estimated,0,,1
trumpet,raising,0,estimated,0,,1
trumpet,ditransitive,0,estimated,0,,1
trumpet,factive_passive,0,estimated,0,,1
trumpet,neg_raising,0,estimated,0,,1
trumpet,weak_island,0,estimated,0,,1
trumpet,pro_complement,0,estimated,0,,1
trumpet,npi_licenser,0,estimated,0,,1
trumpet,stative,0,estimated,0,,1
trumpet,content_noun_fact,0,estimated,0,,1
trumpet,derived_nominal,0,estimated,0,,1
trumpet,phrasal,0,lexical,0,,
trumpet,be_copula,0,lexical,0,,
twitter,that_omission,1,estimated,0,,1
twitter,comp_inf,0,estimated,0,,1
twitter,ecm,0,estimated,0,,1
twitter,comp_interrog,1,estimated,0,,1
twitter,comp_gerund,0,estimated,0,,1
twitter,comp_small_clause,0,estimated,0,,1
twitter,np_comp_alt,0,estimated,0,,1
twitter,direct_speech,1,estimated,0,,1
twitter,subjunctive_comp,0,estimated,0,,1
twitter,comp_for_to,0,estimated,0,,1
twitter,comp_bare_inf,0,estimated,0,,1
twitter,comp_exclamative,0,estimated,0,,1
twitter,comp_poss_ing,0,estimated,0,,1
twitter,extraposition,0,estimated,0,,1
twitter,raising,0,estimated,0,,1
twitter,ditransitive,0,estimated,0,,1
twitter,factive_passive,0,estimated,0,,1
twitter,neg_raising,0,estimated,0,,1
twitter,weak_island,0,estimated,0,,1
twitter,pro_complement,0,estimated,0,,1
twitter,npi_licenser,0,estimated,0,,1
twitter,stative,0,estimated,0,,1
twitter,content_noun_fact,0,estimated,0,,1
twitter,derived_nominal,0,estimated,0,,1
twitter,phrasal,0,lexical,0,,
twitter,be_copula,0,lexical,0,,
be_unabashed,that_omission,1,estimated,0,,1
be_unabashed,comp_inf,0,estimated,0,,1
be_unabashed,ecm,0,estimated,0,,1
be_unabashed,comp_interrog,0,estimated,0,,1
be_unabashed,comp_gerund,1,estimated,0,,1
be_unabashed,comp_small_clause,0,estimated,0,,1
be_unabashed,np_comp_alt,0,estimated,0,,1
be_unabashed,direct_speech,0,estimated,0,,1
be_unabashed,subjunctive_comp,0,estimated,0,,1
be_unabashed,comp_for_to,0,estimated,0,,1
be_unabashed,comp_bare_inf,0,estimated,0,,1
be_unabashed,comp_exclamative,0,estimated,0,,1
be_unabashed,comp_poss_ing,0,estimated,0,,1
be_unabashed,extraposition,0,estimated,0,,1
be_unabashed,raising,0,estimated,0,,1
be_unabashed,ditransitive,0,na,0,,
be_unabashed,factive_passive,0,na,0,,
be_unabashed,neg_raising,0,estimated,0,,1
be_unabashed,weak_island,0,estimated,0,,1
be_unabashed,pro_complement,0,estimated,0,,1
be_unabashed,npi_licenser,0,estimated,0,,1
be_unabashed,stative,1,estimated,0,,1
be_unabashed,content_noun_fact,1,estimated,0,,1
be_unabashed,derived_nominal,0,estimated,0,,1
be_unabashed,phrasal,0,lexical,0,,
be_unabashed,be_copula,1,lexical,0,,
be_unanimous,that_omission,1,estimated,0,,1
be_unanimous,comp_inf,0,estimated,0,,1
be_unanimous,ecm,0,estimated,0,,1
be_unanimous,comp_interrog,0,estimated,0,,1
be_unanimous,comp_gerund,0,estimated,0,,1
be_unanimous,comp_small_clause,0,estimated,0,,1
be_unanimous,np_comp_alt,0,estimated,0,,1
be_unanimous,direct_speech,0,estimated,0,,1
be_unanimous,subjunctive_comp,0,estimated,0,,1
be_unanimous,comp_for_to,0,estimated,0,,1
be_unanimous,comp_bare_inf,0,estimated,0,,1
be_unanimous,comp_exclamative,0,estimated,0,,1
be_unanimous,comp_poss_ing,0,estimated,0,,1
be_unanimous,extraposition,0,estimated,0,,1
be_unanimous,raising,0,estimated,0,,1
be_unanimous,ditransitive,0,na,0,,
be_unanimous,factive_passive,0,na,0,,
be_unanimous,neg_raising,0,estimated,0,,1
be_unanimous,weak_island,0,estimated,0,,1
be_unanimous,pro_complement,0,estimated,0,,1
be_unanimous,npi_licenser,0,estimated,0,,1
be_unanimous,stative,1,estimated,0,,1
be_unanimous,content_noun_fact,0,estimated,0,,1
be_unanimous,derived_nominal,0,estimated,0,,1
be_unanimous,phrasal,0,lexical,0,,
be_unanimous,be_copula,1,lexical,0,,
be_unconcerned,that_omission,1,estimated,0,,1
be_unconcerned,comp_inf,0,estimated,0,,1
be_unconcerned,ecm,0,estimated,0,,1
be_unconcerned,comp_interrog,0,estimated,0,,1
be_unconcerned,comp_gerund,1,estimated,0,,1
be_unconcerned,comp_small_clause,0,estimated,0,,1
be_unconcerned,np_comp_alt,0,estimated,0,,1
be_unconcerned,direct_speech,0,estimated,0,,1
be_unconcerned,subjunctive_comp,0,estimated,0,,1
be_unconcerned,comp_for_to,0,estimated,0,,1
be_unconcerned,comp_bare_inf,0,estimated,0,,1
be_unconcerned,comp_exclamative,0,estimated,0,,1
be_unconcerned,comp_poss_ing,0,estimated,0,,1
be_unconcerned,extraposition,0,estimated,0,,1
be_unconcerned,raising,0,estimated,0,,1
be_unconcerned,ditransitive,0,na,0,,
be_unconcerned,factive_passive,0,na,0,,
be_unconcerned,neg_raising,0,estimated,0,,1
be_unconcerned,weak_island,0,estimated,0,,1
be_unconcerned,pro_complement,0,estimated,0,,1
be_unconcerned,npi_licenser,0,estimated,0,,1
be_unconcerned,stative,1,estimated,0,,1
be_unconcerned,content_noun_fact,1,estimated,0,,1
be_unconcerned,derived_nominal,0,estimated,0,,1
be_unconcerned,phrasal,0,lexical,0,,
be_unconcerned,be_copula,1,lexical,0,,
be_unconvinced,that_omission,1,estimated,0,,1
be_unconvinced,comp_inf,0,estimated,0,,1
be_unconvinced,ecm,0,estimated,0,,1
be_unconvinced,comp_interrog,0,estimated,0,,1
be_unconvinced,comp_gerund,0,estimated,0,,1
be_unconvinced,comp_small_clause,0,estimated,0,,1
be_unconvinced,np_comp_alt,0,estimated,0,,1
be_unconvinced,direct_speech,0,estimated,0,,1
be_unconvinced,subjunctive_comp,0,estimated,0,,1
be_unconvinced,comp_for_to,0,estimated,0,,1
be_unconvinced,comp_bare_inf,0,estimated,0,,1
be_unconvinced,comp_exclamative,0,estimated,0,,1
be_unconvinced,comp_poss_ing,0,estimated,0,,1
be_unconvinced,extraposition,0,estimated,0,,1
be_unconvinced,raising,0,estimated,0,,1
be_unconvinced,ditransitive,0,na,0,,
be_unconvinced,factive_passive,0,na,0,,
be_unconvinced,neg_raising,0,estimated,0,,1
be_unconvinced,weak_island,0,estimated,0,,1
be_unconvinced,pro_complement,0,estimated,0,,1
be_unconvinced,npi_licenser,0,estimated,0,,1
be_unconvinced,stative,1,estimated,0,,1
be_unconvinced,content_noun_fact,0,estimated,0,,1
be_unconvinced,derived_nominal,0,estimated,0,,1
be_unconvinced,phrasal,0,lexical,0,,
be_unconvinced,be_copula,1,lexical,0,,
be_uneasy,that_omission,1,estimated,0,,1
be_uneasy,comp_inf,0,estimated,0,,1
be_uneasy,ecm,0,estimated,0,,1
be_uneasy,comp_interrog,0,estimated,0,,1
be_uneasy,comp_gerund,1,estimated,0,,1
be_uneasy,comp_small_clause,0,estimated,0,,1
be_uneasy,np_comp_alt,0,estimated,0,,1
be_uneasy,direct_speech,0,estimated,0,,1
be_uneasy,subjunctive_comp,0,estimated,0,,1
be_uneasy,comp_for_to,0,estimated,0,,1
be_uneasy,comp_bare_inf,0,estimated,0,,1
be_uneasy,comp_exclamative,0,estimated,0,,1
be_uneasy,comp_poss_ing,0,estimated,0,,1
be_uneasy,extraposition,0,estimated,0,,1
be_uneasy,raising,0,estimated,0,,1
be_uneasy,ditransitive,0,na,0,,
be_uneasy,factive_passive,0,na,0,,
be_uneasy,neg_raising,0,estimated,0,,1
be_uneasy,weak_island,0,estimated,0,,1
be_uneasy,pro_complement,0,estimated,0,,1
be_uneasy,npi_licenser,0,estimated,0,,1
be_uneasy,stative,1,estimated,0,,1
be_uneasy,content_noun_fact,1,estimated,0,,1
be_uneasy,derived_nominal,0,estimated,0,,1
be_uneasy,phrasal,0,lexical,0,,
be_uneasy,be_copula,1,lexical,0,,
be_unfazed,that_omission,1,estimated,0,,1
be_unfazed,comp_inf,0,estimated,0,,1
be_unfazed,ecm,0,estimated,0,,1
be_unfazed,comp_interrog,0,estimated,0,,1
be_unfazed,comp_gerund,1,estimated,0,,1
be_unfazed,comp_small_clause,0,estimated,0,,1
be_unfazed,np_comp_alt,0,estimated,0,,1
be_unfazed,direct_speech,0,estimated,0,,1
be_unfazed,subjunctive_comp,0,estimated,0,,1
be_unfazed,comp_for_to,0,estimated,0,,1
be_unfazed,comp_bare_inf,0,estimated,0,,1
be_unfazed,comp_exclamative,0,estimated,0,,1
be_unfazed,comp_poss_ing,0,estimated,0,,1
be_unfazed,extraposition,0,estimated,0,,1
be_unfazed,raising,0,estimated,0,,1
be_unfazed,ditransitive,0,na,0,,
be_unfazed,factive_passive,0,na,0,,
be_unfazed,neg_raising,0,estimated,0,,1
be_unfazed,weak_island,0,estimated,0,,1
be_unfazed,pro_complement,0,estimated,0,,1
be_unfazed,npi_licenser,0,estimated,0,,1
be_unfazed,stative,1,estimated,0,,1
be_unfazed,content_noun_fact,1,estimated,0,,1
be_unfazed,derived_nominal,0,estimated,0,,1
be_unfazed,phrasal,0,lexical,0,,
be_unfazed,be_copula,1,lexical,0,,
be_ungrateful,that_omission,1,estimated,0,,1
be_ungrateful,comp_inf,0,estimated,0,,1
be_ungrateful,ecm,0,estimated,0,,1
be_ungrateful,comp_interrog,0,estimated,0,,1
be_ungrateful,comp_gerund,1,estimated,0,,1
be_ungrateful,comp_small_clause,0,estimated,0,,1
be_ungrateful,np_comp_alt,0,estimated,0,,1
be_ungrateful,direct_speech,0,estimated,0,,1
be_ungrateful,subjunctive_comp,0,estimated,0,,1
be_ungrateful,comp_for_to,0,estimated,0,,1
be_ungrateful,comp_bare_inf,0,estimated,0,,1
be_ungrateful,comp_exclamative,0,estimated,0,,1
be_ungrateful,comp_poss_ing,0,estimated,0,,1
be_ungrateful,extraposition,0,estimated,0,,1
be_ungrateful,raising,0,estimated,0,,1
be_ungrateful,ditransitive,0,na,0,,
be_ungrateful,factive_passive,0,na,0,,
be_ungrateful,neg_raising,0,estimated,0,,1
be_ungrateful,weak_island,0,estimated,0,,1
be_ungrateful,pro_complement,0,estimated,0,,1
be_ungrateful,npi_licenser,0,estimated,0,,1
be_ungrateful,stative,1,estimated,0,,1
be_ungrateful,content_noun_fact,1,estimated,0,,1
be_ungrateful,derived_nominal,0,estimated,0,,1
be_ungrateful,phrasal,0,lexical,0,,
be_ungrateful,be_copula,1,lexical,0,,
be_unhappy,that_omission,1,estimated,0,,1
be_unhappy,comp_inf,0,estimated,0,,1
be_unhappy,ecm,0,estimated,0,,1
be_unhappy,comp_interrog,0,estimated,0,,1
be_unhappy,comp_gerund,1,estimated,0,,1
be_unhappy,comp_small_clause,0,estimated,0,,1
be_unhappy,np_comp_alt,0,estimated,0,,1
be_unhappy,direct_speech,0,estimated,0,,1
be_unhappy,subjunctive_comp,0,estimated,0,,1
be_unhappy,comp_for_to,0,estimated,0,,1
be_unhappy,comp_bare_inf,0,estimated,0,,1
be_unhappy,comp_exclamative,0,estimated,0,,1
be_unhappy,comp_poss_ing,0,estimated,0,,1
be_unhappy,extraposition,0,estimated,0,,1
be_unhappy,raising,0,estimated,0,,1
be_unhappy,ditransitive,0,na,0,,
be_unhappy,factive_passive,0,na,0,,
be_unhappy,neg_raising,0,estimated,0,,1
be_unhappy,weak_island,0,estimated,0,,1
be_unhappy,pro_complement,0,estimated,0,,1
be_unhappy,npi_licenser,0,estimated,0,,1
be_unhappy,stative,1,estimated,0,,1
be_unhappy,content_noun_fact,1,estimated,0,,1
be_unhappy,derived_nominal,0,estimated,0,,1
be_unhappy,phrasal,0,lexical,0,,
be_unhappy,be_copula,1,lexical,0,,
be_unimpressed,that_omission,1,estimated,0,,1
be_unimpressed,comp_inf,0,estimated,0,,1
be_unimpressed,ecm,0,estimated,0,,1
be_unimpressed,comp_interrog,0,estimated,0,,1
be_unimpressed,comp_gerund,1,estimated,0,,1
be_unimpressed,comp_small_clause,0,estimated,0,,1
be_unimpressed,np_comp_alt,0,estimated,0,,1
be_unimpressed,direct_speech,0,estimated,0,,1
be_unimpressed,subjunctive_comp,0,estimated,0,,1
be_unimpressed,comp_for_to,0,estimated,0,,1
be_unimpressed,comp_bare_inf,0,estimated,0,,1
be_unimpressed,comp_exclamative,0,estimated,0,,1
be_unimpressed,comp_poss_ing,0,estimated,0,,1
be_unimpressed,extraposition,0,estimated,0,,1
be_unimpressed,raising,0,estimated,0,,1
be_unimpressed,ditransitive,0,na,0,,
be_unimpressed,factive_passive,0,na,0,,
be_unimpressed,neg_raising,0,estimated,0,,1
be_unimpressed,weak_island,0,estimated,0,,1
be_unimpressed,pro_complement,0,estimated,0,,1
be_unimpressed,npi_licenser,0,estimated,0,,1
be_unimpressed,stative,1,estimated,0,,1
be_unimpressed,content_noun_fact,1,estimated,0,,1
be_unimpressed,derived_nominal,0,estimated,0,,1
be_unimpressed,phrasal,0,lexical,0,,
be_unimpressed,be_copula,1,lexical,0,,
be_uninformed,that_omission,1,estimated,0,,1
be_uninformed,comp_inf,0,estimated,0,,1
be_uninformed,ecm,0,estimated,0,,1
be_uninformed,comp_interrog,0,estimated,0,,1
be_uninformed,comp_gerund,0,estimated,0,,1
be_uninformed,comp_small_clause,0,estimated,0,,1
be_uninformed,np_comp_alt,0,estimated,0,,1
be_uninformed,direct_speech,0,estimated,0,,1
be_uninformed,subjunctive_comp,0,estimated,0,,1
be_uninformed,comp_for_to,0,estimated,0,,1
be_uninformed,comp_bare_inf,0,estimated,0,,1
be_uninformed,comp_exclamative,0,estimated,0,,1
be_uninformed,comp_poss_ing,0,estimated,0,,1
be_uninformed,extraposition,0,estimated,0,,1
be_uninformed,raising,0,estimated,0,,1
be_uninformed,ditransitive,0,na,0,,
be_uninformed,factive_passive,0,na,0,,
be_uninformed,neg_raising,0,estimated,0,,1
be_uninformed,weak_island,0,estimated,0,,1
be_uninformed,pro_complement,0,estimated,0,,1
be_uninformed,npi_licenser,0,estimated,0,,1
be_uninformed,stative,1,estimated,0,,1
be_uninformed,content_noun_fact,1,estimated,0,,1
be_uninformed,derived_nominal,0,estimated,0,,1
be_uninformed,phrasal,0,lexical,0,,
be_uninformed,be_copula,1,lexical,0,,
be_unsure,that_omission,1,estimated,0,,1
be_unsure,comp_inf,0,estimated,0,,1
be_unsure,ecm,0,estimated,0,,1
be_unsure,comp_interrog,0,estimated,0,,1
be_unsure,comp_gerund,0,estimated,0,,1
be_unsure,comp_small_clause,0,estimated,0,,1
be_unsure,np_comp_alt,0,estimated,0,,1
be_unsure,direct_speech,0,estimated,0,,1
be_unsure,subjunctive_comp,0,estimated,0,,1
be_unsure,comp_for_to,0,estimated,0,,1
be_unsure,comp_bare_inf,0,estimated,0,,1
be_unsure,comp_exclamative,0,estimated,0,,1
be_unsure,comp_poss_ing,0,estimated,0,,1
be_unsure,extraposition,0,estimated,0,,1
be_unsure,raising,0,estimated,0,,1
be_unsure,ditransitive,0,na,0,,
be_unsure,factive_passive,0,na,0,,
be_unsure,neg_raising,0,estimated,0,,1
be_unsure,weak_island,0,estimated,0,,1
be_unsure,pro_complement,0,estimated,0,,1
be_unsure,npi_licenser,0,estimated,0,,1
be_unsure,stative,1,estimated,0,,1
be_unsure,content_noun_fact,0,estimated,0,,1
be_unsure,derived_nominal,0,estimated,0,,1
be_unsure,phrasal,0,lexical,0,,
be_unsure,be_copula,1,lexical,0,,
be_unsurprised,that_omission,1,estimated,0,,1
be_unsurprised,comp_inf,0,estimated,0,,1
be_unsurprised,ecm,0,estimated,0,,1
be_unsurprised,comp_interrog,0,estimated,0,,1
be_unsurprised,comp_gerund,0,estimated,0,,1
be_unsurprised,comp_small_clause,0,estimated,0,,1
be_unsurprised,np_comp_alt,0,estimated,0,,1
be_unsurprised,direct_speech,0,estimated,0,,1
be_unsurprised,subjunctive_comp,0,estimated,0,,1
be_unsurprised,comp_for_to,0,estimated,0,,1
be_unsurprised,comp_bare_inf,0,estimated,0,,1
be_unsurprised,comp_exclamative,0,estimated,0,,1
be_unsurprised,comp_poss_ing,0,estimated,0,,1
be_unsurprised,extraposition,0,estimated,0,,1
be_unsurprised,raising,0,estimated,0,,1
be_unsurprised,ditransitive,0,na,0,,
be_unsurprised,factive_passive,0,na,0,,
be_unsurprised,neg_raising,0,estimated,0,,1
be_unsurprised,weak_island,0,estimated,0,,1
be_unsurprised,pro_complement,0,estimated,0,,1
be_unsurprised,npi_licenser,0,estimated,0,,1
be_unsurprised,stative,1,estimated,0,,1
be_unsurprised,content_noun_fact,1,estimated,0,,1
be_unsurprised,derived_nominal,0,estimated,0,,1
be_unsurprised,phrasal,0,lexical,0,,
be_unsurprised,be_copula,1,lexical,0,,
unveil,that_omission,1,estimated,0,,1
unveil,comp_inf,0,estimated,0,,1
unveil,ecm,0,estimated,0,,1
unveil,comp_interrog,1,estimated,0,,1
unveil,comp_gerund,0,estimated,0,,1
unveil,comp_small_clause,0,estimated,0,,1
unveil,np_comp_alt,0,estimated,0,,1
unveil,direct_speech,1,estimated,0,,1
unveil,subjunctive_comp,0,estimated,0,,1
unveil,comp_for_to,0,estimated,0,,1
unveil,comp_bare_inf,0,estimated,0,,1
unveil,comp_exclamative,0,estimated,0,,1
unveil,comp_poss_ing,0,estimated,0,,1
unveil,extraposition,0,estimated,0,,1
unveil,raising,0,estimated,0,,1
unveil,ditransitive,0,estimated,0,,1
unveil,factive_passive,0,estimated,0,,1
unveil,neg_raising,0,estimated,0,,1
unveil,weak_island,0,estimated,0,,1
unveil,pro_complement,0,estimated,0,,1
unveil,npi_licenser,0,estimated,0,,1
unveil,stative,0,estimated,0,,1
unveil,content_noun_fact,0,estimated,0,,1
unveil,derived_nominal,0,estimated,0,,1
unveil,phrasal,0,lexical,0,,
unveil,be_copula,0,lexical,0,,
be_upbeat,that_omission,1,estimated,0,,1
be_upbeat,comp_inf,0,estimated,0,,1
be_upbeat,ecm,0,estimated,0,,1
be_upbeat,comp_interrog,0,estimated,0,,1
be_upbeat,comp_gerund,1,estimated,0,,1
be_upbeat,comp_small_clause,0,estimated,0,,1
be_upbeat,np_comp_alt,0,estimated,0,,1
be_upbeat,direct_speech,0,estimated,0,,1
be_upbeat,subjunctive_comp,0,estimated,0,,1
be_upbeat,comp_for_to,0,estimated,0,,1
be_upbeat,comp_bare_inf,0,estimated,0,,1
be_upbeat,comp_exclamative,0,estimated,0,,1
be_upbeat,comp_poss_ing,0,estimated,0,,1
be_upbeat,extraposition,0,estimated,0,,1
be_upbeat,raising,0,estimated,0,,1
be_upbeat,ditransitive,0,na,0,,
be_upbeat,factive_passive,0,na,0,,
be_upbeat,neg_raising,0,estimated,0,,1
be_upbeat,weak_island,0,estimated,0,,1
be_upbeat,pro_complement,0,estimated,0,,1
be_upbeat,npi_licenser,0,estimated,0,,1
be_upbeat,stative,1,estimated,0,,1
be_upbeat,content_noun_fact,0,estimated,0,,1
be_upbeat,derived_nominal,0,estimated,0,,1
be_upbeat,phrasal,0,lexical,0,,
be_upbeat,be_copula,1,lexical,0,,
be_uptight,that_omission,1,estimated,0,,1
be_uptight,comp_inf,0,estimated,0,,1
be_uptight,ecm,0,estimated,0,,1
be_uptight,comp_interrog,0,estimated,0,,1
be_uptight,comp_gerund,1,estimated,0,,1
be_uptight,comp_small_clause,0,estimated,0,,1
be_uptight,np_comp_alt,0,estimated,0,,1
be_uptight,direct_speech,0,estimated,0,,1
be_uptight,subjunctive_comp,0,estimated,0,,1
be_uptight,comp_for_to,0,estimated,0,,1
be_uptight,comp_bare_inf,0,estimated,0,,1
be_uptight,comp_exclamative,0,estimated,0,,1
be_uptight,comp_poss_ing,0,estimated,0,,1
be_uptight,extraposition,0,estimated,0,,1
be_uptight,raising,0,estimated,0,,1
be_uptight,ditransitive,0,na,0,,
be_uptight,factive_passive,0,na,0,,
be_uptight,neg_raising,0,estimated,0,,1
be_uptight,weak_island,0,estimated,0,,1
be_uptight,pro_complement,0,estimated,0,,1
be_uptight,npi_licenser,0,estimated,0,,1
be_uptight,stative,1,estimated,0,,1
be_uptight,content_noun_fact,1,estimated,0,,1
be_uptight,derived_nominal,0,estimated,0,,1
be_uptight,phrasal,0,lexical,0,,
be_uptight,be_copula,1,lexical,0,,
value,that_omission,1,estimated,0,,1
value,comp_inf,0,estimated,0,,1
value,ecm,0,estimated,0,,1
value,comp_interrog,0,estimated,0,,1
value,comp_gerund,1,estimated,0,,1
value,comp_small_clause,0,estimated,0,,1
value,np_comp_alt,0,estimated,0,,1
value,direct_speech,0,estimated,0,,1
value,subjunctive_comp,0,estimated,0,,1
value,comp_for_to,0,estimated,0,,1
value,comp_bare_inf,0,estimated,0,,1
value,comp_exclamative,0,estimated,0,,1
value,comp_poss_ing,0,estimated,0,,1
value,extraposition,1,estimated,0,,1
value,raising,0,estimated,0,,1
value,ditransitive,0,estimated,0,,1
value,factive_passive,1,estimated,0,,1
value,neg_raising,0,estimated,0,,1
value,weak_island,0,estimated,0,,1
value,pro_complement,0,estimated,0,,1
value,npi_licenser,0,estimated,0,,1
value,stative,1,estimated,0,,1
value,content_noun_fact,1,estimated,0,,1
value,derived_nominal,0,estimated,0,,1
value,phrasal,0,lexical,0,,
value,be_copula,0,lexical,0,,
be_vehement,that_omission,1,estimated,0,,1
be_vehement,comp_inf,0,estimated,0,,1
be_vehement,ecm,0,estimated,0,,1
be_vehement,comp_interrog,0,estimated,0,,1
be_vehement,comp_gerund,0,estimated,0,,1
be_vehement,comp_small_clause,0,estimated,0,,1
be_vehement,np_comp_alt,0,estimated,0,,1
be_vehement,direct_speech,0,estimated,0,,1
be_vehement,subjunctive_comp,0,estimated,0,,1
be_vehement,comp_for_to,0,estimated,0,,1
be_vehement,comp_bare_inf,0,estimated,0,,1
be_vehement,comp_exclamative,0,estimated,0,,1
be_vehement,comp_poss_ing,0,estimated,0,,1
be_vehement,extraposition,0,estimated,0,,1
be_vehement,raising,0,estimated,0,,1
be_vehement,ditransitive,0,na,0,,
be_vehement,factive_passive,0,na,0,,
be_vehement,neg_raising,0,estimated,0,,1
be_vehement,weak_island,0,estimated,0,,1
be_vehement,pro_complement,0,estimated,0,,1
be_vehement,npi_licenser,0,estimated,0,,1
be_vehement,stative,1,estimated,0,,1
be_vehement,content_noun_fact,0,estimated,0,,1
be_vehement,derived_nominal,0,estimated,0,,1
be_vehement,phrasal,0,lexical,0,,
be_vehement,be_copula,1,lexical,0,,
verbalize,that_omission,1,estimated,0,,1
verbalize,comp_inf,0,estimated,0,,1
verbalize,ecm,0,estimated,0,,1
verbalize,comp_interrog,1,estimated,0,,1
verbalize,comp_gerund,0,estimated,0,,1
verbalize,comp_small_clause,0,estimated,0,,1
verbalize,np_comp_alt,0,estimated,0,,1
verbalize,direct_speech,1,estimated,0,,1
verbalize,subjunctive_comp,0,estimated,0,,1
verbalize,comp_for_to,0,estimated,0,,1
verbalize,comp_bare_inf,0,estimated,0,,1
verbalize,comp_exclamative,0,estimated,0,,1
verbalize,comp_poss_ing,0,estimated,0,,1
verbalize,extraposition,0,estimated,0,,1
verbalize,raising,0,estimated,0,,1
verbalize,ditransitive,0,estimated,0,,1
verbalize,factive_passive,0,estimated,0,,1
verbalize,neg_raising,0,estimated,0,,1
verbalize,weak_island,0,estimated,0,,1
verbalize,pro_complement,0,estimated,0,,1
verbalize,npi_licenser,0,estimated,0,,1
verbalize,stative,0,estimated,0,,1
verbalize,content_noun_fact,0,estimated,0,,1
verbalize,derived_nominal,0,estimated,0,,1
verbalize,phrasal,0,lexical,0,,
verbalize,be_copula,0,lexical,0,,
warble,that_omission,1,estimated,0,,1
warble,comp_inf,0,estimated,0,,1
warble,ecm,0,estimated,0,,1
warble,comp_interrog,1,estimated,0,,1
warble,comp_gerund,0,estimated,0,,1
warble,comp_small_clause,0,estimated,0,,1
warble,np_comp_alt,0,estimated,0,,1
warble,direct_speech,1,estimated,0,,1
warble,subjunctive_comp,0,estimated,0,,1
warble,comp_for_to,0,estimated,0,,1
warble,comp_bare_inf,0,estimated,0,,1
warble,comp_exclamative,0,estimated,0,,1
warble,comp_poss_ing,0,estimated,0,,1
warble,extraposition,0,estimated,0,,1
warble,raising,0,estimated,0,,1
warble,ditransitive,0,estimated,0,,1
warble,factive_passive,0,estimated,0,,1
warble,neg_raising,0,estimated,0,,1
warble,weak_island,0,estimated,0,,1
warble,pro_complement,0,estimated,0,,1
warble,npi_licenser,0,estimated,0,,1
warble,stative,0,estimated,0,,1
warble,content_noun_fact,0,estimated,0,,1
warble,derived_nominal,0,estimated,0,,1
warble,phrasal,0,lexical,0,,
warble,be_copula,0,lexical,0,,
be_wary,that_omission,1,estimated,0,,1
be_wary,comp_inf,0,estimated,0,,1
be_wary,ecm,0,estimated,0,,1
be_wary,comp_interrog,0,estimated,0,,1
be_wary,comp_gerund,1,estimated,0,,1
be_wary,comp_small_clause,0,estimated,0,,1
be_wary,np_comp_alt,0,estimated,0,,1
be_wary,direct_speech,0,estimated,0,,1
be_wary,subjunctive_comp,0,estimated,0,,1
be_wary,comp_for_to,0,estimated,0,,1
be_wary,comp_bare_inf,0,estimated,0,,1
be_wary,comp_exclamative,0,estimated,0,,1
be_wary,comp_poss_ing,0,estimated,0,,1
be_wary,extraposition,0,estimated,0,,1
be_wary,raising,0,estimated,0,,1
be_wary,ditransitive,0,na,0,,
be_wary,factive_passive,0,na,0,,
be_wary,neg_raising,0,estimated,0,,1
be_wary,weak_island,0,estimated,0,,1
be_wary,pro_complement,0,estimated,0,,1
be_wary,npi_licenser,0,estimated,0,,1
be_wary,stative,1,estimated,0,,1
be_wary,content_noun_fact,0,estimated,0,,1
be_wary,derived_nominal,0,estimated,0,,1
be_wary,phrasal,0,lexical,0,,
be_wary,be_copula,1,lexical,0,,
wave,that_omission,1,estimated,0,,1
wave,comp_inf,0,estimated,0,,1
wave,ecm,0,estimated,0,,1
wave,comp_interrog,1,estimated,0,,1
wave,comp_gerund,0,estimated,0,,1
wave,comp_small_clause,0,estimated,0,,1
wave,np_comp_alt,0,estimated,0,,1
wave,direct_speech,1,estimated,0,,1
wave,subjunctive_comp,0,estimated,0,,1
wave,comp_for_to,0,estimated,0,,1
wave,comp_bare_inf,0,estimated,0,,1
wave,comp_exclamative,0,estimated,0,,1
wave,comp_poss_ing,0,estimated,0,,1
wave,extraposition,0,estimated,0,,1
wave,raising,0,estimated,0,,1
wave,ditransitive,0,estimated,0,,1
wave,factive_passive,0,estimated,0,,1
wave,neg_raising,0,estimated,0,,1
wave,weak_island,0,estimated,0,,1
wave,pro_complement,0,estimated,0,,1
wave,npi_licenser,0,estimated,0,,1
wave,stative,0,estimated,0,,1
wave,content_noun_fact,0,estimated,0,,1
wave,derived_nominal,0,estimated,0,,1
wave,phrasal,0,lexical,0,,
wave,be_copula,0,lexical,0,,
be_wellaware,that_omission,1,estimated,0,,1
be_wellaware,comp_inf,0,estimated,0,,1
be_wellaware,ecm,0,estimated,0,,1
be_wellaware,comp_interrog,0,estimated,0,,1
be_wellaware,comp_gerund,0,estimated,0,,1
be_wellaware,comp_small_clause,0,estimated,0,,1
be_wellaware,np_comp_alt,0,estimated,0,,1
be_wellaware,direct_speech,0,estimated,0,,1
be_wellaware,subjunctive_comp,0,estimated,0,,1
be_wellaware,comp_for_to,0,estimated,0,,1
be_wellaware,comp_bare_inf,0,estimated,0,,1
be_wellaware,comp_exclamative,0,estimated,0,,1
be_wellaware,comp_poss_ing,0,estimated,0,,1
be_wellaware,extraposition,0,estimated,0,,1
be_wellaware,raising,0,estimated,0,,1
be_wellaware,ditransitive,0,na,0,,
be_wellaware,factive_passive,0,na,0,,
be_wellaware,neg_raising,0,estimated,0,,1
be_wellaware,weak_island,0,estimated,0,,1
be_wellaware,pro_complement,0,estimated,0,,1
be_wellaware,npi_licenser,0,estimated,0,,1
be_wellaware,stative,1,estimated,0,,1
be_wellaware,content_noun_fact,1,estimated,0,,1
be_wellaware,derived_nominal,0,estimated,0,,1
be_wellaware,phrasal,0,lexical,0,,
be_wellaware,be_copula,1,lexical,0,,
wheeze,that_omission,1,estimated,0,,1
wheeze,comp_inf,0,estimated,0,,1
wheeze,ecm,0,estimated,0,,1
wheeze,comp_interrog,1,estimated,0,,1
wheeze,comp_gerund,0,estimated,0,,1
wheeze,comp_small_clause,0,estimated,0,,1
wheeze,np_comp_alt,0,estimated,0,,1
wheeze,direct_speech,1,estimated,0,,1
wheeze,subjunctive_comp,0,estimated,0,,1
wheeze,comp_for_to,0,estimated,0,,1
wheeze,comp_bare_inf,0,estimated,0,,1
wheeze,comp_exclamative,0,estimated,0,,1
wheeze,comp_poss_ing,0,estimated,0,,1
wheeze,extraposition,0,estimated,0,,1
wheeze,raising,0,estimated,0,,1
wheeze,ditransitive,0,estimated,0,,1
wheeze,factive_passive,0,estimated,0,,1
wheeze,neg_raising,0,estimated,0,,1
wheeze,weak_island,0,estimated,0,,1
wheeze,pro_complement,0,estimated,0,,1
wheeze,npi_licenser,0,estimated,0,,1
wheeze,stative,0,estimated,0,,1
wheeze,content_noun_fact,0,estimated,0,,1
wheeze,derived_nominal,0,estimated,0,,1
wheeze,phrasal,0,lexical,0,,
wheeze,be_copula,0,lexical,0,,
whistle,that_omission,1,estimated,0,,1
whistle,comp_inf,0,estimated,0,,1
whistle,ecm,0,estimated,0,,1
whistle,comp_interrog,1,estimated,0,,1
whistle,comp_gerund,0,estimated,0,,1
whistle,comp_small_clause,0,estimated,0,,1
whistle,np_comp_alt,0,estimated,0,,1
whistle,direct_speech,1,estimated,0,,1
whistle,subjunctive_comp,0,estimated,0,,1
whistle,comp_for_to,0,estimated,0,,1
whistle,comp_bare_inf,0,estimated,0,,1
whistle,comp_exclamative,0,estimated,0,,1
whistle,comp_poss_ing,0,estimated,0,,1
whistle,extraposition,0,estimated,0,,1
whistle,raising,0,estimated,0,,1
whistle,ditransitive,0,estimated,0,,1
whistle,factive_passive,0,estimated,0,,1
whistle,neg_raising,0,estimated,0,,1
whistle,weak_island,0,estimated,0,,1
whistle,pro_complement,0,estimated,0,,1
whistle,npi_licenser,0,estimated,0,,1
whistle,stative,0,estimated,0,,1
whistle,content_noun_fact,0,estimated,0,,1
whistle,derived_nominal,0,estimated,0,,1
whistle,phrasal,0,lexical,0,,
whistle,be_copula,0,lexical,0,,
whoop,that_omission,1,estimated,0,,1
whoop,comp_inf,0,estimated,0,,1
whoop,ecm,0,estimated,0,,1
whoop,comp_interrog,1,estimated,0,,1
whoop,comp_gerund,0,estimated,0,,1
whoop,comp_small_clause,0,estimated,0,,1
whoop,np_comp_alt,0,estimated,0,,1
whoop,direct_speech,1,estimated,0,,1
whoop,subjunctive_comp,0,estimated,0,,1
whoop,comp_for_to,0,estimated,0,,1
whoop,comp_bare_inf,0,estimated,0,,1
whoop,comp_exclamative,0,estimated,0,,1
whoop,comp_poss_ing,0,estimated,0,,1
whoop,extraposition,0,estimated,0,,1
whoop,raising,0,estimated,0,,1
whoop,ditransitive,0,estimated,0,,1
whoop,factive_passive,0,estimated,0,,1
whoop,neg_raising,0,estimated,0,,1
whoop,weak_island,0,estimated,0,,1
whoop,pro_complement,0,estimated,0,,1
whoop,npi_licenser,0,estimated,0,,1
whoop,stative,0,estimated,0,,1
whoop,content_noun_fact,0,estimated,0,,1
whoop,derived_nominal,0,estimated,0,,1
whoop,phrasal,0,lexical,0,,
whoop,be_copula,0,lexical,0,,
be_wistful,that_omission,1,estimated,0,,1
be_wistful,comp_inf,0,estimated,0,,1
be_wistful,ecm,0,estimated,0,,1
be_wistful,comp_interrog,0,estimated,0,,1
be_wistful,comp_gerund,1,estimated,0,,1
be_wistful,comp_small_clause,0,estimated,0,,1
be_wistful,np_comp_alt,0,estimated,0,,1
be_wistful,direct_speech,0,estimated,0,,1
be_wistful,subjunctive_comp,0,estimated,0,,1
be_wistful,comp_for_to,0,estimated,0,,1
be_wistful,comp_bare_inf,0,estimated,0,,1
be_wistful,comp_exclamative,0,estimated,0,,1
be_wistful,comp_poss_ing,0,estimated,0,,1
be_wistful,extraposition,0,estimated,0,,1
be_wistful,raising,0,estimated,0,,1
be_wistful,ditransitive,0,na,0,,
be_wistful,factive_passive,0,na,0,,
be_wistful,neg_raising,0,estimated,0,,1
be_wistful,weak_island,0,estimated,0,,1
be_wistful,pro_complement,0,estimated,0,,1
be_wistful,npi_licenser,0,estimated,0,,1
be_wistful,stative,1,estimated,0,,1
be_wistful,content_noun_fact,1,estimated,0,,1
be_wistful,derived_nominal,0,estimated,0,,1
be_wistful,phrasal,0,lexical,0,,
be_wistful,be_copula,1,lexical,0,,
be_wrathful,that_omission,1,estimated,0,,1
be_wrathful,comp_inf,0,estimated,0,,1
be_wrathful,ecm,0,estimated,0,,1
be_wrathful,comp_interrog,0,estimated,0,,1
be_wrathful,comp_gerund,1,estimated,0,,1
be_wrathful,comp_small_clause,0,estimated,0,,1
be_wrathful,np_comp_alt,0,estimated,0,,1
be_wrathful,direct_speech,0,estimated,0,,1
be_wrathful,subjunctive_comp,0,estimated,0,,1
be_wrathful,comp_for_to,0,estimated,0,,1
be_wrathful,comp_bare_inf,0,estimated,0,,1
be_wrathful,comp_exclamative,0,estimated,0,,1
be_wrathful,comp_poss_ing,0,estimated,0,,1
be_wrathful,extraposition,0,estimated,0,,1
be_wrathful,raising,0,estimated,0,,1
be_wrathful,ditransitive,0,na,0,,
be_wrathful,factive_passive,0,na,0,,
be_wrathful,neg_raising,0,estimated,0,,1
be_wrathful,weak_island,0,estimated,0,,1
be_wrathful,pro_complement,0,estimated,0,,1
be_wrathful,npi_licenser,0,estimated,0,,1
be_wrathful,stative,1,estimated,0,,1
be_wrathful,content_noun_fact,1,estimated,0,,1
be_wrathful,derived_nominal,0,estimated,0,,1
be_wrathful,phrasal,0,lexical,0,,
be_wrathful,be_copula,1,lexical,0,,
yammer,that_omission,1,estimated,0,,1
yammer,comp_inf,0,estimated,0,,1
yammer,ecm,0,estimated,0,,1
yammer,comp_interrog,1,estimated,0,,1
yammer,comp_gerund,0,estimated,0,,1
yammer,comp_small_clause,0,estimated,0,,1
yammer,np_comp_alt,0,estimated,0,,1
yammer,direct_speech,1,estimated,0,,1
yammer,subjunctive_comp,0,estimated,0,,1
yammer,comp_for_to,0,estimated,0,,1
yammer,comp_bare_inf,0,estimated,0,,1
yammer,comp_exclamative,0,estimated,0,,1
yammer,comp_poss_ing,0,estimated,0,,1
yammer,extraposition,0,estimated,0,,1
yammer,raising,0,estimated,0,,1
yammer,ditransitive,0,estimated,0,,1
yammer,factive_passive,0,estimated,0,,1
yammer,neg_raising,0,estimated,0,,1
yammer,weak_island,0,estimated,0,,1
yammer,pro_complement,0,estimated,0,,1
yammer,npi_licenser,0,estimated,0,,1
yammer,stative,0,estimated,0,,1
yammer,content_noun_fact,0,estimated,0,,1
yammer,derived_nominal,0,estimated,0,,1
yammer,phrasal,0,lexical,0,,
yammer,be_copula,0,lexical,0,,
yap,that_omission,1,estimated,0,,1
yap,comp_inf,0,estimated,0,,1
yap,ecm,0,estimated,0,,1
yap,comp_interrog,1,estimated,0,,1
yap,comp_gerund,0,estimated,0,,1
yap,comp_small_clause,0,estimated,0,,1
yap,np_comp_alt,0,estimated,0,,1
yap,direct_speech,1,estimated,0,,1
yap,subjunctive_comp,0,estimated,0,,1
yap,comp_for_to,0,estimated,0,,1
yap,comp_bare_inf,0,estimated,0,,1
yap,comp_exclamative,0,estimated,0,,1
yap,comp_poss_ing,0,estimated,0,,1
yap,extraposition,0,estimated,0,,1
yap,raising,0,estimated,0,,1
yap,ditransitive,0,estimated,0,,1
yap,factive_passive,0,estimated,0,,1
yap,neg_raising,0,estimated,0,,1
yap,weak_island,0,estimated,0,,1
yap,pro_complement,0,estimated,0,,1
yap,npi_licenser,0,estimated,0,,1
yap,stative,0,estimated,0,,1
yap,content_noun_fact,0,estimated,0,,1
yap,derived_nominal,0,estimated,0,,1
yap,phrasal,0,lexical,0,,
yap,be_copula,0,lexical,0,,
yelp,that_omission,1,estimated,0,,1
yelp,comp_inf,0,estimated,0,,1
yelp,ecm,0,estimated,0,,1
yelp,comp_interrog,1,estimated,0,,1
yelp,comp_gerund,0,estimated,0,,1
yelp,comp_small_clause,0,estimated,0,,1
yelp,np_comp_alt,0,estimated,0,,1
yelp,direct_speech,1,estimated,0,,1
yelp,subjunctive_comp,0,estimated,0,,1
yelp,comp_for_to,0,estimated,0,,1
yelp,comp_bare_inf,0,estimated,0,,1
yelp,comp_exclamative,0,estimated,0,,1
yelp,comp_poss_ing,0,estimated,0,,1
yelp,extraposition,0,estimated,0,,1
yelp,raising,0,estimated,0,,1
yelp,ditransitive,0,estimated,0,,1
yelp,factive_passive,0,estimated,0,,1
yelp,neg_raising,0,estimated,0,,1
yelp,weak_island,0,estimated,0,,1
yelp,pro_complement,0,estimated,0,,1
yelp,npi_licenser,0,estimated,0,,1
yelp,stative,0,estimated,0,,1
yelp,content_noun_fact,0,estimated,0,,1
yelp,derived_nominal,0,estimated,0,,1
yelp,phrasal,0,lexical,0,,
yelp,be_copula,0,lexical,0,,
yodel,that_omission,1,estimated,0,,1
yodel,comp_inf,0,estimated,0,,1
yodel,ecm,0,estimated,0,,1
yodel,comp_interrog,1,estimated,0,,1
yodel,comp_gerund,0,estimated,0,,1
yodel,comp_small_clause,0,estimated,0,,1
yodel,np_comp_alt,0,estimated,0,,1
yodel,direct_speech,1,estimated,0,,1
yodel,subjunctive_comp,0,estimated,0,,1
yodel,comp_for_to,0,estimated,0,,1
yodel,comp_bare_inf,0,estimated,0,,1
yodel,comp_exclamative,0,estimated,0,,1
yodel,comp_poss_ing,0,estimated,0,,1
yodel,extraposition,0,estimated,0,,1
yodel,raising,0,estimated,0,,1
yodel,ditransitive,0,estimated,0,,1
yodel,factive_passive,0,estimated,0,,1
yodel,neg_raising,0,estimated,0,,1
yodel,weak_island,0,estimated,0,,1
yodel,pro_complement,0,estimated,0,,1
yodel,npi_licenser,0,estimated,0,,1
yodel,stative,0,estimated,0,,1
yodel,content_noun_fact,0,estimated,0,,1
yodel,derived_nominal,0,estimated,0,,1
yodel,phrasal,0,lexical,0,,
yodel,be_copula,0,lexical,0,,
fail,that_omission,0,estimated,0,,1
fail,comp_inf,1,estimated,0,,1
fail,ecm,0,estimated,0,,1
fail,comp_interrog,0,estimated,0,,1
fail,comp_gerund,0,estimated,0,,1
fail,comp_small_clause,0,estimated,0,,1
fail,np_comp_alt,0,estimated,0,,1
fail,direct_speech,0,estimated,0,,1
fail,subjunctive_comp,0,estimated,0,,1
fail,comp_for_to,0,estimated,0,,1
fail,comp_bare_inf,0,estimated,0,,1
fail,comp_exclamative,0,estimated,0,,1
fail,comp_poss_ing,0,estimated,0,,1
fail,extraposition,0,estimated,0,,1
fail,raising,0,estimated,0,,1
fail,ditransitive,0,estimated,0,,1
fail,factive_passive,0,estimated,0,,1
fail,neg_raising,0,estimated,0,,1
fail,weak_island,0,estimated,0,,1
fail,pro_complement,0,estimated,0,,1
fail,npi_licenser,0,estimated,0,,1
fail,stative,0,estimated,0,,1
fail,content_noun_fact,0,estimated,0,,1
fail,derived_nominal,0,estimated,0,,1
fail,phrasal,0,lexical,0,,
fail,be_copula,0,lexical,0,,
manage,that_omission,0,estimated,0,,1
manage,comp_inf,1,estimated,0,,1
manage,ecm,0,estimated,0,,1
manage,comp_interrog,0,estimated,0,,1
manage,comp_gerund,0,estimated,0,,1
manage,comp_small_clause,0,estimated,0,,1
manage,np_comp_alt,0,estimated,0,,1
manage,direct_speech,0,estimated,0,,1
manage,subjunctive_comp,0,estimated,0,,1
manage,comp_for_to,0,estimated,0,,1
manage,comp_bare_inf,0,estimated,0,,1
manage,comp_exclamative,0,estimated,0,,1
manage,comp_poss_ing,0,estimated,0,,1
manage,extraposition,0,estimated,0,,1
manage,raising,0,estimated,0,,1
manage,ditransitive,0,estimated,0,,1
manage,factive_passive,0,estimated,0,,1
manage,neg_raising,0,estimated,0,,1
manage,weak_island,0,estimated,0,,1
manage,pro_complement,0,estimated,0,,1
manage,npi_licenser,0,estimated,0,,1
manage,stative,0,estimated,0,,1
manage,content_noun_fact,0,estimated,0,,1
manage,derived_nominal,0,estimated,0,,1
manage,phrasal,0,lexical,0,,
manage,be_copula,0,lexical,0,,
try,that_omission,0,estimated,0,,1
try,comp_inf,1,estimated,0,,1
try,ecm,0,estimated,0,,1
try,comp_interrog,0,estimated,0,,1
try,comp_gerund,1,estimated,0,,1
try,comp_small_clause,0,estimated,0,,1
try,np_comp_alt,0,estimated,0,,1
try,direct_speech,0,estimated,0,,1
try,subjunctive_comp,0,estimated,0,,1
try,comp_for_to,0,estimated,0,,1
try,comp_bare_inf,0,estimated,0,,1
try,comp_exclamative,0,estimated,0,,1
try,comp_poss_ing,0,estimated,0,,1
try,extraposition,0,estimated,0,,1
try,raising,0,estimated,0,,1
try,ditransitive,0,estimated,0,,1
try,factive_passive,0,estimated,0,,1
try,neg_raising,0,estimated,0,,1
try,weak_island,0,estimated,0,,1
try,pro_complement,0,estimated,0,,1
try,npi_licenser,0,estimated,0,,1
try,stative,0,estimated,0,,1
try,content_noun_fact,0,estimated,0,,1
try,derived_nominal,0,estimated,0,,1
try,phrasal,0,lexical,0,,
try,be_copula,0,lexical,0,,
intercept,that_omission,1,estimated,0,,1
intercept,comp_inf,0,estimated,0,,1
intercept,ecm,0,estimated,0,,1
intercept,comp_interrog,0,estimated,0,,1
intercept,comp_gerund,0,estimated,0,,1
intercept,comp_small_clause,0,estimated,0,,1
intercept,np_comp_alt,1,estimated,0,,1
intercept,direct_speech,1,estimated,0,,1
intercept,subjunctive_comp,0,estimated,0,,1
intercept,comp_for_to,0,estimated,0,,1
intercept,comp_bare_inf,0,estimated,0,,1
intercept,comp_exclamative,0,estimated,0,,1
intercept,comp_poss_ing,0,estimated,0,,1
intercept,extraposition,0,estimated,0,,1
intercept,raising,0,estimated,0,,1
intercept,ditransitive,0,estimated,0,,1
intercept,factive_passive,0,estimated,0,,1
intercept,neg_raising,0,estimated,0,,1
intercept,weak_island,0,estimated,0,,1
intercept,pro_complement,0,estimated,0,,1
intercept,npi_licenser,0,estimated,0,,1
intercept,stative,0,estimated,0,,1
intercept,content_noun_fact,0,estimated,0,,1
intercept,derived_nominal,0,estimated,0,,1
intercept,phrasal,0,lexical,0,,
intercept,be_copula,0,lexical,0,,
negotiate,that_omission,1,estimated,0,,1
negotiate,comp_inf,0,estimated,0,,1
negotiate,ecm,0,estimated,0,,1
negotiate,comp_interrog,0,estimated,0,,1
negotiate,comp_gerund,0,estimated,0,,1
negotiate,comp_small_clause,0,estimated,0,,1
negotiate,np_comp_alt,1,estimated,0,,1
negotiate,direct_speech,1,estimated,0,,1
negotiate,subjunctive_comp,0,estimated,0,,1
negotiate,comp_for_to,0,estimated,0,,1
negotiate,comp_bare_inf,0,estimated,0,,1
negotiate,comp_exclamative,0,estimated,0,,1
negotiate,comp_poss_ing,0,estimated,0,,1
negotiate,extraposition,0,estimated,0,,1
negotiate,raising,0,estimated,0,,1
negotiate,ditransitive,0,estimated,0,,1
negotiate,factive_passive,0,estimated,0,,1
negotiate,neg_raising,0,estimated,0,,1
negotiate,weak_island,0,estimated,0,,1
negotiate,pro_complement,0,estimated,0,,1
negotiate,npi_licenser,0,estimated,0,,1
negotiate,stative,0,estimated,0,,1
negotiate,content_noun_fact,0,estimated,0,,1
negotiate,derived_nominal,0,estimated,0,,1
negotiate,phrasal,0,lexical,0,,
negotiate,be_copula,0,lexical,0,,
pester,that_omission,1,estimated,0,,1
pester,comp_inf,1,estimated,0,,1
pester,ecm,0,estimated,0,,1
pester,comp_interrog,0,estimated,0,,1
pester,comp_gerund,0,estimated,0,,1
pester,comp_small_clause,0,estimated,0,,1
pester,np_comp_alt,0,estimated,0,,1
pester,direct_speech,0,estimated,0,,1
pester,subjunctive_comp,0,estimated,0,,1
pester,comp_for_to,0,estimated,0,,1
pester,comp_bare_inf,0,estimated,0,,1
pester,comp_exclamative,0,estimated,0,,1
pester,comp_poss_ing,0,estimated,0,,1
pester,extraposition,0,estimated,0,,1
pester,raising,0,estimated,0,,1
pester,ditransitive,1,estimated,0,,1
pester,factive_passive,0,estimated,0,,1
pester,neg_raising,0,estimated,0,,1
pester,weak_island,0,estimated,0,,1
pester,pro_complement,0,estimated,0,,1
pester,npi_licenser,0,estimated,0,,1
pester,stative,0,estimated,0,,1
pester,content_noun_fact,0,estimated,0,,1
pester,derived_nominal,0,estimated,0,,1
pester,phrasal,0,lexical,0,,
pester,be_copula,0,lexical,0,,
phone,that_omission,1,estimated,0,,1
phone,comp_inf,0,estimated,0,,1
phone,ecm,0,estimated,0,,1
phone,comp_interrog,0,estimated,0,,1
phone,comp_gerund,0,estimated,0,,1
phone,comp_small_clause,0,estimated,0,,1
phone,np_comp_alt,1,estimated,0,,1
phone,direct_speech,1,estimated,0,,1
phone,subjunctive_comp,0,estimated,0,,1
phone,comp_for_to,0,estimated,0,,1
phone,comp_bare_inf,0,estimated,0,,1
phone,comp_exclamative,0,estimated,0,,1
phone,comp_poss_ing,0,estimated,0,,1
phone,extraposition,0,estimated,0,,1
phone,raising,0,estimated,0,,1
phone,ditransitive,0,estimated,0,,1
phone,factive_passive,0,estimated,0,,1
phone,neg_raising,0,estimated,0,,1
phone,weak_island,0,estimated,0,,1
phone,pro_complement,0,estimated,0,,1
phone,npi_licenser,0,estimated,0,,1
phone,stative,0,estimated,0,,1
phone,content_noun_fact,0,estimated,0,,1
phone,derived_nominal,0,estimated,0,,1
phone,phrasal,0,lexical,0,,
phone,be_copula,0,lexical,0,,
reject,that_omission,1,estimated,0,,1
reject,comp_inf,0,estimated,0,,1
reject,ecm,0,estimated,0,,1
reject,comp_interrog,0,estimated,0,,1
reject,comp_gerund,1,estimated,0,,1
reject,comp_small_clause,0,estimated,0,,1
reject,np_comp_alt,1,estimated,0,,1
reject,direct_speech,0,estimated,0,,1
reject,subjunctive_comp,0,estimated,0,,1
reject,comp_for_to,0,estimated,0,,1
reject,comp_bare_inf,0,estimated,0,,1
reject,comp_exclamative,0,estimated,0,,1
reject,comp_poss_ing,0,estimated,0,,1
reject,extraposition,0,estimated,0,,1
reject,raising,0,estimated,0,,1
reject,ditransitive,0,estimated,0,,1
reject,factive_passive,0,estimated,0,,1
reject,neg_raising,0,estimated,0,,1
reject,weak_island,0,estimated,0,,1
reject,pro_complement,0,estimated,0,,1
reject,npi_licenser,0,estimated,0,,1
reject,stative,0,estimated,0,,1
reject,content_noun_fact,0,estimated,0,,1
reject,derived_nominal,0,estimated,0,,1
reject,phrasal,0,lexical,0,,
reject,be_copula,0,lexical,0,,
research,that_omission,0,estimated,0,,1
research,comp_inf,0,estimated,0,,1
research,ecm,0,estimated,0,,1
research,comp_interrog,1,estimated,0,,1
research,comp_gerund,0,estimated,0,,1
research,comp_small_clause,0,estimated,0,,1
research,np_comp_alt,1,estimated,0,,1
research,direct_speech,0,estimated,0,,1
research,subjunctive_comp,0,estimated,0,,1
research,comp_for_to,0,estimated,0,,1
research,comp_bare_inf,0,estimated,0,,1
research,comp_exclamative,0,estimated,0,,1
research,comp_poss_ing,0,estimated,0,,1
research,extraposition,0,estimated,0,,1
research,raising,0,estimated,0,,1
research,ditransitive,0,estimated,0,,1
research,factive_passive,0,estimated,0,,1
research,neg_raising,0,estimated,0,,1
research,weak_island,0,estimated,0,,1
research,pro_complement,0,estimated,0,,1
research,npi_licenser,0,estimated,0,,1
research,stative,0,estimated,0,,1
research,content_noun_fact,0,estimated,0,,1
research,derived_nominal,0,estimated,0,,1
research,phrasal,0,lexical,0,,
research,be_copula,0,lexical,0,,
select,that_omission,0,estimated,0,,1
select,comp_inf,1,estimated,0,,1
select,ecm,0,estimated,0,,1
select,comp_interrog,0,estimated,0,,1
select,comp_gerund,0,estimated,0,,1
select,comp_small_clause,0,estimated,0,,1
select,np_comp_alt,1,estimated,0,,1
select,direct_speech,0,estimated,0,,1
select,subjunctive_comp,0,estimated,0,,1
select,comp_for_to,0,estimated,0,,1
select,comp_bare_inf,0,estimated,0,,1
select,comp_exclamative,0,estimated,0,,1
select,comp_poss_ing,0,estimated,0,,1
select,extraposition,0,estimated,0,,1
select,raising,0,estimated,0,,1
select,ditransitive,0,estimated,0,,1
select,factive_passive,0,estimated,0,,1
select,neg_raising,0,estimated,0,,1
select,weak_island,0,estimated,0,,1
select,pro_complement,0,estimated,0,,1
select,npi_licenser,0,estimated,0,,1
select,stative,0,estimated,0,,1
select,content_noun_fact,0,estimated,0,,1
select,derived_nominal,0,estimated,0,,1
select,phrasal,0,lexical,0,,
select,be_copula,0,lexical,0,,
simulate,that_omission,0,estimated,0,,1
simulate,comp_inf,0,estimated,0,,1
simulate,ecm,0,estimated,0,,1
simulate,comp_interrog,0,estimated,0,,1
simulate,comp_gerund,1,estimated,0,,1
simulate,comp_small_clause,0,estimated,0,,1
simulate,np_comp_alt,1,estimated,0,,1
simulate,direct_speech,0,estimated,0,,1
simulate,subjunctive_comp,0,estimated,0,,1
simulate,comp_for_to,0,estimated,0,,1
simulate,comp_bare_inf,0,estimated,0,,1
simulate,comp_exclamative,0,estimated,0,,1
simulate,comp_poss_ing,0,estimated,0,,1
simulate,extraposition,0,estimated,0,,1
simulate,raising,0,estimated,0,,1
simulate,ditransitive,0,estimated,0,,1
simulate,factive_passive,0,estimated,0,,1
simulate,neg_raising,0,estimated,0,,1
simulate,weak_island,0,estimated,0,,1
simulate,pro_complement,0,estimated,0,,1
simulate,npi_licenser,0,estimated,0,,1
simulate,stative,0,estimated,0,,1
simulate,content_noun_fact,0,estimated,0,,1
simulate,derived_nominal,0,estimated,0,,1
simulate,phrasal,0,lexical,0,,
simulate,be_copula,0,lexical,0,,
videotape,that_omission,0,estimated,0,,1
videotape,comp_inf,0,estimated,0,,1
videotape,ecm,0,estimated,0,,1
videotape,comp_interrog,0,estimated,0,,1
videotape,comp_gerund,1,estimated,0,,1
videotape,comp_small_clause,0,estimated,0,,1
videotape,np_comp_alt,1,estimated,0,,1
videotape,direct_speech,0,estimated,0,,1
videotape,subjunctive_comp,0,estimated,0,,1
videotape,comp_for_to,0,estimated,0,,1
videotape,comp_bare_inf,0,estimated,0,,1
videotape,comp_exclamative,0,estimated,0,,1
videotape,comp_poss_ing,0,estimated,0,,1
videotape,extraposition,0,estimated,0,,1
videotape,raising,0,estimated,0,,1
videotape,ditransitive,0,estimated,0,,1
videotape,factive_passive,0,estimated,0,,1
videotape,neg_raising,0,estimated,0,,1
videotape,weak_island,0,estimated,0,,1
videotape,pro_complement,0,estimated,0,,1
videotape,npi_licenser,0,estimated,0,,1
videotape,stative,0,estimated,0,,1
videotape,content_noun_fact,0,estimated,0,,1
videotape,derived_nominal,0,estimated,0,,1
videotape,phrasal,0,lexical,0,,
videotape,be_copula,0,lexical,0,,
rouse,that_omission,1,estimated,0,,1
rouse,comp_inf,0,estimated,0,,1
rouse,ecm,0,estimated,0,,1
rouse,comp_interrog,0,estimated,0,,1
rouse,comp_gerund,0,estimated,0,,1
rouse,comp_small_clause,0,estimated,0,,1
rouse,np_comp_alt,1,estimated,0,,1
rouse,direct_speech,0,estimated,0,,1
rouse,subjunctive_comp,0,estimated,0,,1
rouse,comp_for_to,0,estimated,0,,1
rouse,comp_bare_inf,0,estimated,0,,1
rouse,comp_exclamative,0,estimated,0,,1
rouse,comp_poss_ing,0,estimated,0,,1
rouse,extraposition,0,estimated,0,,1
rouse,raising,0,estimated,0,,1
rouse,ditransitive,1,estimated,0,,1
rouse,factive_passive,0,estimated,0,,1
rouse,neg_raising,0,estimated,0,,1
rouse,weak_island,0,estimated,0,,1
rouse,pro_complement,0,estimated,0,,1
rouse,npi_licenser,0,estimated,0,,1
rouse,stative,0,estimated,0,,1
rouse,content_noun_fact,0,estimated,0,,1
rouse,derived_nominal,0,estimated,0,,1
rouse,phrasal,0,lexical,0,,
rouse,be_copula,0,lexical,0,,
